id	username	email
1	jacquelinenichols	othompson@example.com
2	steven02	lisa08@example.org
3	monica49	douglasflores@example.com
4	rmurray	rosskevin@example.com
5	stonebrandon	robertbailey@example.com
6	wsuarez	sanchezjoseph@example.com
7	jamesnathaniel	briannasilva@example.com
8	lynchsheila	calvinblake@example.com
9	rholmes	christina20@example.com
10	amanda17	lori93@example.com
11	jherrera	nicholsmark@example.net
12	xthompson	thomas09@example.org
13	wpayne	suttonstacy@example.com
14	william97	judith34@example.net
15	rebekah59	john23@example.com
16	michelle96	jesusmartin@example.net
17	tcollins	cervantesdonald@example.com
18	irobinson	matthew04@example.org
19	owilliams	gailreese@example.com
20	frankapril	fmedina@example.org
21	slewis	jesusspence@example.org
22	jamieashley	hessmelanie@example.net
23	jordanphillips	reynoldsashley@example.net
24	qlee	alec86@example.net
25	clinton23	hopkinstravis@example.org
26	thomas98	hannahlopez@example.org
27	cmoyer	figueroasamantha@example.org
28	william21	donna75@example.net
29	douglas91	slarson@example.org
30	hchandler	elizabethevans@example.net
31	salastricia	lestermichael@example.com
32	rbrown	darlene33@example.net
33	lauren16	sabrinalewis@example.com
34	dylan50	kyle24@example.com
35	jason85	destinyyoder@example.org
36	fergusonvictoria	kkelley@example.com
37	gloverthomas	lsanchez@example.org
38	ypierce	whitemike@example.net
39	floresamanda	youngcraig@example.org
40	collinspaul	hgarcia@example.net
41	jeffrey56	jamessanders@example.org
42	michele78	jenniferbeltran@example.com
43	mlopez	faulknersusan@example.net
44	patricia48	hchambers@example.com
45	freilly	carolkane@example.org
46	john45	williamnorton@example.org
47	stephen10	julie70@example.org
48	jamesmoore	mckinneyeugene@example.org
49	fwilliams	david67@example.org
50	nwood	thomas70@example.net
51	valdezkendra	flowersanna@example.com
52	ngordon	petersmargaret@example.net
53	tharris	wgomez@example.net
54	connie46	kelseybright@example.net
55	michaelorozco	suzannereyes@example.net
56	brandon47	rrussell@example.com
57	gscott	danielsmichele@example.net
58	edward74	jay64@example.net
59	mooreelizabeth	airwin@example.net
60	jamie39	brian13@example.com
61	davispatricia	scottashley@example.net
62	phall	anthony83@example.org
63	denise55	josephrangel@example.org
64	loganjared	natalie39@example.org
65	randy77	danny08@example.net
66	christopher76	westandrew@example.com
67	ryangardner	eatkinson@example.net
68	lanejeff	barajasamanda@example.com
69	chelseabell	fostermallory@example.org
70	robert30	woodanthony@example.org
71	kyle29	omelendez@example.org
72	andrea07	rosariosarah@example.org
73	charleswilson	jeremywilliams@example.org
74	eric69	wrightjason@example.net
75	sweeneymary	xjohnson@example.com
76	rachel25	douglas42@example.com
77	ftaylor	patriciaingram@example.org
78	ejohnson	joseph98@example.com
79	denniskimberly	donna18@example.net
80	jameswolfe	cwillis@example.net
81	randrews	smartinez@example.net
82	jeffreydodson	kathleennichols@example.org
83	scottharrison	warrenrobert@example.net
84	trujillomitchell	heatherporter@example.com
85	waltercunningham	teresa75@example.net
86	sbutler	anichols@example.net
87	morenojeffery	allenwilson@example.net
88	collinsshannon	jmiller@example.org
89	jjohnson	lesliemitchell@example.net
90	kristina30	jsmith@example.com
91	sarah49	tiffanygreene@example.com
92	megangomez	astewart@example.org
93	christopher22	bill67@example.org
94	jennifer99	morganalyssa@example.org
95	julia80	patriciagonzalez@example.org
96	tylerellis	carlalvarado@example.net
97	tmoore	joseph96@example.com
98	asullivan	omooney@example.net
99	charlesgoodman	lharris@example.org
100	jessica02	danahammond@example.net
101	amandafreeman	shawn93@example.com
102	julie15	larryfarrell@example.org
103	lwilliams	esutton@example.org
104	mark88	rrobertson@example.net
105	robert27	dsmith@example.org
106	glenn59	dthompson@example.com
107	fpena	brianjacobs@example.org
108	maureen15	robert57@example.com
109	alexa42	pfuller@example.net
110	seancook	qrosales@example.com
111	cory01	jesse05@example.net
112	lindsay78	tammyjacobs@example.org
113	natalie88	vincentchristine@example.com
114	ryan97	nrogers@example.com
115	kristenharris	garymay@example.org
116	greenmichael	yroman@example.com
117	hernandezbrian	cperez@example.net
118	bryan47	gstewart@example.org
119	pollardjason	johnsonalexander@example.org
120	elizabeth74	daniellesantos@example.com
121	latasha94	brendan70@example.org
122	anthony11	caleb39@example.org
123	brian67	morgan15@example.com
124	darren22	agilbert@example.com
125	matthew21	vanessa64@example.org
126	smithdaniel	ppatterson@example.net
127	anthony06	murphytodd@example.net
128	amber79	judithgarner@example.com
129	rcalderon	deborahpatterson@example.com
130	elizabethwhite	joshua30@example.com
131	mstevens	lucasjennifer@example.org
132	matthew52	kyle54@example.org
133	jgomez	coxjacob@example.net
134	donnagarcia	alan21@example.com
135	vickieandrews	christopher77@example.org
136	amandapotter	tjohnson@example.net
137	mary94	alexander86@example.net
138	hsilva	sheryl20@example.com
139	sanchezapril	kristen23@example.net
140	gary90	zdavis@example.net
141	ncannon	rstone@example.net
142	johnmonroe	heathernewman@example.net
143	kathy18	connieshort@example.org
144	jeanette55	william61@example.com
145	burnschristopher	robertnicholson@example.net
146	mathisalexis	edwinnelson@example.com
147	pwolf	christopherfranklin@example.com
148	smithbrian	reyeskaren@example.net
149	nortonmichelle	bookerdavid@example.net
150	zlee	griffinjonathan@example.net
151	greenjames	uphillips@example.net
152	harringtonemily	daniel36@example.org
153	potterscott	misty05@example.com
154	wilsontommy	kandrews@example.com
155	dmack	weaverkimberly@example.net
156	hhernandez	mariajackson@example.org
157	vcasey	nicole39@example.net
158	nelsonann	taylor64@example.com
159	kadams	pamelalogan@example.org
160	davidwilliams	samuel04@example.net
161	rosalesheather	brownvanessa@example.org
162	carolhenderson	campbelltracy@example.org
163	john24	wandarivera@example.org
164	millerpamela	ricealicia@example.net
165	mitchell65	marmstrong@example.org
166	catherine15	ahuang@example.net
167	cochrankristopher	wcooper@example.org
168	mmurray	julia22@example.net
169	elindsey	courtney25@example.org
170	michaeljohnson	michaelstephens@example.net
171	orozcocrystal	blackrebecca@example.org
172	aprilkelly	ukelly@example.org
173	evan69	hughesaustin@example.net
174	marc58	bryanali@example.org
175	cmcpherson	molinajessica@example.org
176	pattersonamanda	brockjoseph@example.org
177	cassandra68	aparks@example.org
178	matthewgross	kcoleman@example.com
179	taylordiana	ashleyvazquez@example.com
180	perezjames	swansonfelicia@example.org
181	jasmine11	schmidtjonathon@example.org
182	bakerdonald	martinezsandra@example.net
183	rrice	asmith@example.org
184	brianna60	alan27@example.com
185	matthew25	jason85@example.com
186	whitneyjones	uevans@example.org
187	curtis50	jessica21@example.com
188	bowensean	brookereyes@example.org
189	codyperry	edwardsmarcus@example.org
190	martin32	mschwartz@example.org
191	ymartinez	daniel45@example.com
192	denise94	aimeebutler@example.com
193	sean61	rhamilton@example.org
194	davidgill	rschultz@example.org
195	greenjill	lyonsbenjamin@example.com
196	smithmichele	carolthomas@example.org
197	diazdanielle	michael41@example.net
198	lgibson	william21@example.net
199	ycoleman	michelle20@example.net
200	sheila38	kellyjulie@example.net
201	gregory75	melissa53@example.org
202	wilsonjohn	matthewprice@example.net
203	victor15	warnerandrew@example.net
204	turnerrandy	sthomas@example.net
205	jessicarichards	gonzalesmatthew@example.com
206	shawnfoster	rhensley@example.org
207	dustin21	erickelly@example.org
208	jeffrey73	ricksmith@example.net
209	lydiawebster	pbennett@example.net
210	wrightaudrey	anna78@example.org
211	chambersjoshua	jonathan77@example.org
212	michaeljohnston	april89@example.net
213	whitneycalhoun	whiteangela@example.org
214	jamie01	amy20@example.com
215	quinnsherry	thomas74@example.org
216	sarahjackson	jordan40@example.com
217	christopher56	michellesmith@example.org
218	campbellkenneth	theresavillarreal@example.com
219	thomasmolina	haydenperez@example.com
220	annmercer	scottangela@example.com
221	gonzalezchristopher	bford@example.com
222	alexandrastewart	tinamiller@example.net
223	xbutler	danielsimpson@example.com
224	nathancooper	wgordon@example.com
225	danielwaters	campbellstacy@example.net
226	rpierce	johnsonjessica@example.net
227	mccartykaitlin	xsims@example.com
228	whitneyramos	gardneramy@example.net
229	patriciabrown	david77@example.com
230	johnturner	colemankatherine@example.com
231	idorsey	michael02@example.com
232	blake64	tanyaporter@example.org
233	yhall	amason@example.org
234	blakemoyer	stacie09@example.net
235	bthompson	daniellebryan@example.net
236	julie46	ryanjones@example.net
237	john94	gutierrezashley@example.net
238	angelarose	stephaniecooper@example.net
239	taylor39	llynch@example.net
240	edwardfranklin	jeffmason@example.org
241	schultzbarbara	qwood@example.com
242	matthewwelch	ejohnson@example.com
243	rnicholson	burgesspatrick@example.net
244	laurenperez	cooperchristopher@example.net
245	francisco97	scott40@example.org
246	benjaminherrera	tbennett@example.org
247	dwalsh	david04@example.org
248	jenkinsmichele	wcowan@example.com
249	xwilson	bowengary@example.net
250	robert26	kimberly61@example.net
251	jasonholmes	thomasfischer@example.org
252	taylorsusan	erikarichards@example.net
253	barbara08	wesleybrown@example.org
254	ygutierrez	jlindsey@example.net
255	brooke48	jenny99@example.net
256	adam33	jeffreymiller@example.org
257	pmckenzie	norman56@example.net
258	tracy54	astevens@example.net
259	hgarcia	renee97@example.org
260	pwu	luisduncan@example.com
261	rittercarly	qgomez@example.org
262	amywright	joshua03@example.com
263	shari11	wurebecca@example.net
264	stephanie12	iacosta@example.org
265	jensenwilliam	chad16@example.net
266	randyoliver	whitebeth@example.org
267	john37	amandablair@example.com
268	ccarr	julie09@example.com
269	jakelane	markwolfe@example.com
270	idunn	kfleming@example.org
271	elizabethfriedman	laurie06@example.net
272	moralesnancy	nathan67@example.net
273	harrisonmelissa	alexis07@example.org
274	willisshirley	hmorales@example.org
275	hannah29	lmoore@example.com
276	robert55	billy52@example.org
277	jennifer35	dustinbennett@example.org
278	phyllistaylor	crystal12@example.com
279	gardneraaron	phyllispollard@example.com
280	joseph00	wagnerdavid@example.com
281	parkerdaniel	grahamolivia@example.com
282	alexandrapatterson	ygray@example.org
283	twoods	nandrade@example.com
284	ssanchez	shannon85@example.org
285	adamsjenna	stacey62@example.com
286	patricia19	ebowman@example.org
287	larryharper	katherine60@example.net
288	mmcclain	townsendmiguel@example.net
289	shawnramsey	palmermichael@example.org
290	robert61	leon52@example.org
291	john50	jlucas@example.com
292	qblanchard	jason38@example.net
293	rjones	icarter@example.org
294	jasonmartinez	aprilcallahan@example.net
295	wilsonluke	garyvasquez@example.net
296	natalietaylor	xjohnson@example.net
297	jose25	thomasamy@example.org
298	gjackson	allenmartin@example.com
299	qsullivan	rachel99@example.com
300	stonestacy	brookenelson@example.com
301	thomaslong	hward@example.com
302	oliviabradley	uboyd@example.net
303	tiffany14	richardsandoval@example.com
304	johnmason	brownmary@example.com
305	stephenreynolds	jessicavaldez@example.org
306	brenda18	kimyang@example.com
307	jennifer11	hscott@example.net
308	brian07	flynnkayla@example.com
309	thomaskatelyn	hodgesdylan@example.org
310	susan35	dlarsen@example.com
311	calderonchristine	jessicaharrison@example.net
312	wkim	zschwartz@example.org
313	charleshernandez	lesliejefferson@example.net
314	brendanbryant	vmartin@example.com
315	nsnyder	maldonadoalexander@example.org
316	bentleymary	susanwiggins@example.org
317	dixoncassandra	kimjimmy@example.com
318	hoffmanbrenda	lindsaymosley@example.net
319	bethanyclark	qsutton@example.org
320	alicia46	ricardo45@example.org
321	randystone	marcus26@example.org
322	gonzaleznicholas	ariassarah@example.net
323	carrie32	kristin22@example.com
324	annemarshall	lewisjoshua@example.net
325	fkey	joshuadavis@example.com
326	eburton	tinacook@example.org
327	jacobolsen	johnrodgers@example.net
328	smithjohn	crystalaustin@example.net
329	anthonyrodriguez	megan52@example.net
330	thomasdiaz	debra89@example.org
331	erika28	ehughes@example.org
332	bwright	ryansoto@example.net
333	thomasshawn	ysaunders@example.net
334	davidcalderon	dbarnett@example.org
335	thomasjeremy	bakerjohn@example.org
336	allenrandy	blackburnholly@example.com
337	michael52	cherylsmith@example.com
338	marie44	frenchjuan@example.net
339	cmoss	trevinokerri@example.com
340	oferguson	psampson@example.org
341	penajill	robinsonsharon@example.com
342	terrencesantiago	daniel84@example.net
343	andrewsstephanie	gonzalezjason@example.org
344	leeshaun	jimeneztimothy@example.com
345	vaughnjason	claire17@example.net
346	rperry	robertgates@example.net
347	flynntanya	xharrington@example.com
348	watkinsstephanie	jacksondarius@example.net
349	monicahicks	richardsgarrett@example.net
350	daniellelambert	ericaperry@example.net
351	cruzjohn	xtaylor@example.net
352	robert44	saramccarthy@example.org
353	ihernandez	irasmussen@example.net
354	joshuameyer	sbaker@example.org
355	erin53	parkernathan@example.net
356	wdavis	isims@example.net
357	belindaroberts	ybaird@example.org
358	zshelton	tellis@example.com
359	wolfekristen	abigailburgess@example.com
360	staffordandrew	shane22@example.org
361	julie29	chanluis@example.com
362	thompsonkathleen	carloshall@example.net
363	beltranautumn	qhammond@example.com
364	williamsjonathan	meltonelizabeth@example.org
365	bakerjonathan	beckerdouglas@example.net
366	travis07	pgonzalez@example.net
367	jamesfrank	jonathanchan@example.net
368	karen98	geraldfrazier@example.com
369	shannon21	alexandria01@example.com
370	william13	donna15@example.org
371	allison37	ljones@example.com
372	allenmargaret	richardaguirre@example.com
373	chelsea62	tgriffin@example.net
374	melaniecurtis	jessica06@example.net
375	tharrison	kirstenrobinson@example.com
376	alexis99	darryl06@example.org
377	martinlauren	aalvarado@example.net
378	jesus29	carlsonheather@example.org
379	igreen	tiffany04@example.org
380	phillipswilliam	jacksonjulie@example.net
381	zadams	alexsmith@example.org
382	david20	candacehooper@example.org
383	jennifer72	mday@example.org
384	dmartinez	laurensanchez@example.org
385	craig18	xruiz@example.net
386	cooperjohn	devon29@example.com
387	guzmanpeter	wyoung@example.com
388	bradjohnson	cdoyle@example.net
389	jamie27	justinsmith@example.com
390	ebony49	martinteresa@example.net
391	webercharles	berryapril@example.org
392	reyeschristopher	adam57@example.net
393	hernandeztyler	dominicpennington@example.net
394	fitzgeraldjohn	shannonlogan@example.com
395	sandovalvanessa	calvinmiller@example.net
396	richardperez	kimberlysullivan@example.org
397	kristin42	whitematthew@example.org
398	hudsonlindsey	aguilarrachel@example.com
399	qturner	samantha36@example.net
400	mosesmatthew	brian31@example.com
401	dennispowell	victoriasmith@example.org
402	kelleyjavier	brianna74@example.org
403	wilkersonheather	yyoung@example.net
404	jessicasmith	tcopeland@example.com
405	npineda	johnsonian@example.com
406	gtaylor	lhernandez@example.org
407	aaronyoung	kristinschroeder@example.org
408	williamdalton	qpayne@example.org
409	lindsey14	jennifer45@example.net
410	sandramiller	christopher82@example.net
411	ymartin	amandaallison@example.org
412	mcdowelllaura	warnerrebecca@example.net
413	staceydouglas	urandall@example.org
414	angela26	wcopeland@example.net
415	petersonanna	kmoore@example.com
416	cunninghamtaylor	yroberson@example.net
417	jennifer20	jennygraham@example.com
418	glenbrown	christinegreen@example.org
419	kari57	ianwalker@example.net
420	jefferypotter	zacharycox@example.com
421	rachael39	qjohnson@example.net
422	frederick72	kristina13@example.org
423	teresahopkins	mcdanielruth@example.com
424	robertfuller	jason24@example.org
425	wernerapril	hicksrebecca@example.net
426	robertromero	wbutler@example.org
427	ureed	victor78@example.net
428	harrymiller	tracey30@example.net
429	snydernicole	kimberlypowell@example.net
430	christina66	zsanchez@example.org
431	olee	justin43@example.com
432	sarahthornton	garyfox@example.com
433	smithjames	gibbsjaime@example.org
434	ymoyer	lbailey@example.net
435	simsmatthew	tamara80@example.org
436	jeremyhaney	michaelterry@example.org
437	ryannichole	jose30@example.org
438	gloverjoseph	shouse@example.org
439	lpatterson	vhenderson@example.org
440	rayrick	qsmith@example.org
441	leahgrant	yday@example.org
442	fuentesbenjamin	lopezsean@example.com
443	thompsonmonica	blee@example.net
444	allisonsanchez	chadstevenson@example.org
445	scampbell	ryan97@example.com
446	xnorris	jacksonlisa@example.org
447	aolsen	christinepetty@example.net
448	efisher	jmacias@example.net
449	davisandrew	loribrown@example.com
450	michelleshaffer	dwayne30@example.org
451	jmccarthy	floreswilliam@example.com
452	bmorse	jennifer22@example.com
453	szamora	xmorse@example.com
454	abigail76	iflynn@example.com
455	nealrodney	mclaughlinmartin@example.com
456	daniel64	ramirezchris@example.com
457	peterstravis	millsthomas@example.com
458	travismills	valdezray@example.com
459	ebonybrown	vbell@example.net
460	jennifer70	donaldmills@example.net
461	aguirrebrittney	lauraclark@example.net
462	ydyer	ohouse@example.net
463	tracy39	qhorn@example.com
464	zstafford	sjenkins@example.net
465	brandon12	perryrachel@example.net
466	laurenconner	taustin@example.com
467	randy23	leedominic@example.com
468	campbellallison	james35@example.org
469	kenneth57	trantaylor@example.net
470	josephmccarthy	tgarcia@example.com
471	rhuerta	lisagutierrez@example.org
472	spencerthomas	david95@example.com
473	scotttownsend	thomasconnie@example.org
474	melissagrant	dennisvanessa@example.net
475	whitecarl	adrian83@example.org
476	hmarshall	angela59@example.net
477	sarahoconnor	austinbishop@example.org
478	hmiller	snowgina@example.net
479	yhoward	conraddawn@example.net
480	juanwright	katelyngreene@example.net
481	uthornton	prodriguez@example.com
482	owalker	ijohnson@example.com
483	annettehaney	bradfordnancy@example.net
484	yanderson	samanthasanchez@example.org
485	yaustin	brandon24@example.com
486	daniellehowell	daniellereyes@example.com
487	elizabeth03	radams@example.com
488	rnovak	johnsonmarc@example.net
489	leejoseph	breilly@example.com
490	brian87	lyonschad@example.org
491	ghayden	james04@example.net
492	nicholasmclaughlin	ryanrachel@example.com
493	angelreed	kristen42@example.com
494	matthewunderwood	ybell@example.com
495	nicole47	brooksdaniel@example.com
496	mendozascott	meghan56@example.org
497	beth94	dthomas@example.com
498	jallen	ievans@example.com
499	rmiller	samantha91@example.net
500	lawrence20	lynnmurphy@example.org
501	rodriguezjonathan	ibrown@example.com
502	kaylee78	georgemichelle@example.com
503	morganchavez	vwilliams@example.net
504	jroach	gabrielle28@example.org
505	tmiller	fdiaz@example.org
506	medinajessica	skrueger@example.com
507	bondallison	laneclaudia@example.net
508	michaelellis	taylor15@example.com
509	ocarey	lauragomez@example.com
510	mary45	garciajesse@example.net
511	mjohnson	suzannewilson@example.org
512	whitediana	samuel12@example.net
513	markpotts	sean66@example.com
514	gmyers	vhansen@example.com
515	eddieblackwell	mcconnellkeith@example.org
516	taylordebbie	joseph87@example.net
517	zscott	jeremy23@example.com
518	jameshodge	mcarter@example.com
519	kenneth81	donna39@example.net
520	james52	glendaconrad@example.org
521	kylie70	davisemily@example.org
522	wayne40	murillocharles@example.net
523	yjohnson	david76@example.net
524	fsmith	bauercourtney@example.com
525	garygonzales	nicholas88@example.com
526	clarkjeanette	david86@example.net
527	shawnpatrick	syoung@example.com
528	manuel35	hannah20@example.org
529	maryortiz	thomaspeterson@example.org
530	floresnicholas	brendan43@example.com
531	shawnjordan	michaelgreen@example.com
532	marissaschultz	fnguyen@example.com
533	thompsonmarcus	michael75@example.com
534	kristenortega	wardrobert@example.com
535	ramirezmaureen	pamelapalmer@example.com
536	kinglinda	dmills@example.net
537	robertholloway	bennettian@example.org
538	tamara23	marissa38@example.net
539	jacobreese	matthew97@example.org
540	kimlaura	zachary93@example.org
541	vincent27	robertevans@example.com
542	williamhendrix	wharris@example.org
543	vjames	meghanshelton@example.org
544	jrobertson	monica83@example.net
545	tjohnson	oneilllarry@example.org
546	erik36	wjones@example.com
547	stephen93	jessebarton@example.org
548	danielclark	roydillon@example.net
549	smithangela	robinowen@example.com
550	williamsrebecca	bryantadam@example.net
551	kiarawest	thompsonheidi@example.net
552	victor12	rodrigueztiffany@example.org
553	aramirez	astevens@example.com
554	huynhnorma	oking@example.org
555	dward	oliviabrown@example.com
556	rodriguezshelly	jamesbrian@example.com
557	teresa04	claire94@example.net
558	derrick58	ithomas@example.org
559	christopher65	iallen@example.org
560	brucedana	christopher93@example.org
561	garretttammy	hmoody@example.org
562	mitchelllogan	zgonzalez@example.com
563	lucasobrien	kbaker@example.net
564	daviesbrianna	suzanne60@example.com
565	cmartin	ocraig@example.org
566	cruzmatthew	jessica96@example.com
567	cbennett	shawbrian@example.net
568	scobb	rodriguezdeborah@example.org
569	kallen	andersonjeanette@example.org
570	whorton	codycook@example.org
571	turnerkatherine	jamesmiller@example.net
572	markwarner	cooperjacqueline@example.net
573	andersonmark	andersonsamantha@example.net
574	zprice	danielmayer@example.com
575	williamsonkyle	danielhill@example.org
576	riverajessica	peterfletcher@example.com
577	castillodonna	erica66@example.com
578	scottthomas	annascott@example.org
579	teresa37	stephen08@example.com
580	pughcarolyn	kelly29@example.org
581	angelafriedman	reynoldsthomas@example.net
582	johnny63	amanda33@example.com
583	thansen	abarnes@example.net
584	tanya97	timothy97@example.com
585	amber21	qfrazier@example.net
586	crystalanderson	danafuller@example.org
587	dpotts	brownaaron@example.net
588	ortizcarol	traci74@example.org
589	hahntimothy	donnaestrada@example.org
590	xalvarez	jasonoliver@example.com
591	martinezsophia	lmorgan@example.org
592	suzanne89	brad41@example.org
593	bauerkathleen	nthomas@example.com
594	ballarddeborah	bperry@example.org
595	deancole	clarkjulie@example.com
596	colemanlauren	chelseasantos@example.com
597	xneal	sydney81@example.com
598	marc39	cunninghamcynthia@example.org
599	rebekah62	justin25@example.net
600	greenelizabeth	zrobbins@example.com
601	tanyadaniels	jesse63@example.org
602	smarks	bobrien@example.com
603	davisashley	eric53@example.org
604	jmartin	rogersdanielle@example.net
605	hickstodd	stephanie86@example.org
606	walkerjames	kimberlyortiz@example.org
607	michael86	mitchellnicholas@example.org
608	knightjennifer	cortega@example.org
609	tracymiles	tranmonique@example.com
610	jason79	stephaniebrown@example.net
611	simpsonamanda	robert09@example.com
612	waderodney	nicholsanna@example.net
613	christensentammy	fthompson@example.org
614	qchavez	keithjohnson@example.org
615	katrina98	hamiltonjohn@example.org
616	thompsonchristopher	bwatson@example.com
617	martinstone	uwagner@example.net
618	williamkelly	marc03@example.net
619	sarah94	prattlinda@example.org
620	curtisjoseph	eric46@example.com
621	stevenwise	jonathanpatton@example.com
622	mjordan	tsherman@example.org
623	phart	brodriguez@example.com
624	nancy55	patricia19@example.com
625	ericsimpson	jacquelineharris@example.com
626	lawsonnicholas	justinmckinney@example.net
627	fatkinson	pacedavid@example.net
628	carrieheath	thomasjeffrey@example.org
629	steven70	hernandezmary@example.org
630	rmoore	javila@example.net
631	hcook	ybrowning@example.com
632	marshblake	kevinmorse@example.com
633	danielschwartz	jefferybarnett@example.com
634	jamie16	cobrien@example.org
635	daniellane	iwilliams@example.org
636	carrie01	oward@example.com
637	guerrerodebra	john84@example.com
638	jamietaylor	jedwards@example.com
639	wadepaula	danielperry@example.org
640	ktaylor	grace04@example.org
641	hle	christian68@example.com
642	jillian77	ralphmcguire@example.com
643	fergusonpatrick	mendezanita@example.com
644	sean20	sandra47@example.com
645	andrew05	amandasmith@example.net
646	richardmoore	mlopez@example.org
647	david17	suzanne32@example.com
648	bbonilla	kdavenport@example.org
649	mcox	jimmythomas@example.org
650	jessicamartinez	ykennedy@example.com
651	xhunter	julia65@example.com
652	reginaldcruz	jonesvictor@example.org
653	lweaver	carpenterjason@example.com
654	gregorybullock	vhopkins@example.com
655	elizabeth78	obennett@example.net
656	westteresa	yburns@example.org
657	karenbeck	cjacobs@example.net
658	michaelwilliams	campbelldiana@example.org
659	eshaw	powelljessica@example.net
660	wwheeler	ohodges@example.org
661	mterrell	xgrant@example.org
662	angelapatrick	rhill@example.com
663	ryanfoley	edwardskristina@example.org
664	samanthacoleman	andrewmarshall@example.com
665	fmorris	allen07@example.com
666	ibarnett	john02@example.org
667	jeremy79	eduncan@example.org
668	jasmine47	aaron00@example.com
669	blakeann	john25@example.net
670	jennifer12	edward30@example.org
671	erinroberts	joseph29@example.org
672	zflores	emma07@example.org
673	benjaminstewart	kellylinda@example.org
674	kerrperry	ejohnson@example.org
675	dannyclark	smithjacqueline@example.org
676	charlenehill	kelleranthony@example.net
677	jessicajohnston	dixonderrick@example.net
678	nelsonvictor	blee@example.org
679	vsmall	michaelschultz@example.net
680	veronicabeasley	mgonzalez@example.org
681	pattontimothy	nuneztravis@example.com
682	uhill	alexander41@example.com
683	murrayheidi	gouldjane@example.com
684	qanderson	agonzalez@example.net
685	benjamin62	nathanrobinson@example.net
686	kurt81	youngerik@example.org
687	cramsey	burnscathy@example.com
688	jasoncantu	brianlong@example.org
689	epratt	leslie50@example.org
690	mstrickland	averytracy@example.com
691	drakejames	connerstacey@example.net
692	marycook	amandalynch@example.org
693	williambauer	pachecolindsay@example.net
694	shelbyhogan	pricekathleen@example.com
695	linda07	michaelroberts@example.net
696	alexwang	jasondonaldson@example.com
697	nicolehall	iwilliams@example.net
698	parkdonald	jeffreychambers@example.com
699	daisyconner	christina12@example.org
700	sarah69	robin54@example.com
701	colemelvin	mcintoshsusan@example.com
702	mhansen	kellycain@example.com
703	michelleparsons	matthew12@example.com
704	williamsdiana	olewis@example.com
705	cblanchard	oquinn@example.net
706	garciadavid	steven78@example.com
707	jhunter	saundersmichele@example.org
708	acostakimberly	cfarmer@example.org
709	wthomas	michaelroy@example.net
710	carrielane	ewarren@example.org
711	nlynch	reyesrachel@example.com
712	brian41	amandabecker@example.com
713	ashley53	espence@example.com
714	wintersnancy	vpowell@example.org
715	qnelson	freyamy@example.net
716	patricktaylor	andrewmitchell@example.com
717	melissa00	rodriguezrobert@example.org
718	carpentermiranda	april37@example.net
719	griffithtimothy	morganbenjamin@example.com
720	simmonsanne	josephleonard@example.org
721	raymond72	bakeralison@example.com
722	francislauren	maurice96@example.org
723	katrina24	stevengoodman@example.org
724	jasonmurray	tbraun@example.org
725	smithbilly	bryantfaith@example.org
726	umartinez	cruzjeremy@example.net
727	joneswalter	warrenjonathan@example.net
728	browncandace	olsenrobert@example.net
729	figueroajames	christinekennedy@example.net
730	wendycole	wgeorge@example.net
731	kellydevin	corey05@example.net
732	meganturner	michaelwade@example.org
733	shawnmiller	wrightbonnie@example.com
734	wsanders	pmarshall@example.com
735	christian35	gonzalezrobert@example.com
736	scott00	bradleykendra@example.net
737	joe35	zdiaz@example.com
738	fredmedina	johnsonmatthew@example.org
739	jennifer10	denisebarnes@example.org
740	brandon80	richard74@example.org
741	vincent64	christophermason@example.org
742	johnny48	palmercindy@example.org
743	mark75	samanthayork@example.org
744	thompsontodd	angelharris@example.org
745	eduardoalvarez	fjefferson@example.com
746	amanda63	toddgarrison@example.com
747	fpark	charlesanderson@example.net
748	ejordan	patricia96@example.org
749	katelyn26	charlesjohnson@example.com
750	zbradley	ubennett@example.com
751	jessica85	sharpalyssa@example.com
752	jessica80	jamesstark@example.org
753	jason05	stevenkent@example.net
754	wjohnson	gina96@example.org
755	angelbyrd	ohughes@example.com
756	brandiroy	hudsonrachel@example.org
757	christina29	justinbarnes@example.net
758	tjackson	diazmartha@example.org
759	coreydavis	kimberly19@example.net
760	brianholden	csalazar@example.org
761	middletonpatrick	eyoung@example.org
762	kwright	tammy60@example.net
763	lindamorgan	abigailwhitaker@example.net
764	watsonscott	wilsonmaria@example.net
765	christophermcguire	josetrevino@example.org
766	gsmith	zrichards@example.net
767	amber29	javierfrey@example.org
768	chall	handerson@example.org
769	smckinney	jasonmorgan@example.com
770	vbrown	vchang@example.org
771	james46	timothywright@example.org
772	vturner	jdunlap@example.org
773	jessicahodges	philip06@example.net
774	allison49	durankristin@example.com
775	angelarogers	gstrickland@example.net
776	valerie65	xperez@example.org
777	anthonycruz	williamharris@example.net
778	bobbyfranklin	franklinbrittany@example.net
779	cohenjack	mark10@example.org
780	amygonzalez	michaellowery@example.org
781	shess	nicholas32@example.org
782	aprilturner	wchen@example.org
783	pshepherd	christensenclinton@example.net
784	hughesbrittany	parkcatherine@example.org
785	srobertson	valdezandrew@example.com
786	alvarezlori	brian44@example.com
787	katherinebrown	yatesrobin@example.com
788	elawrence	howelltravis@example.com
789	jon31	aaronbell@example.net
790	pblack	kristy06@example.net
791	donaldcarlson	john74@example.com
792	robertsjackie	rebecca91@example.net
793	wwilliams	tiffanywilson@example.com
794	leslienoble	ygreen@example.net
795	baileyjoan	michaelmercado@example.net
796	fpotter	judith85@example.net
797	diazdaniel	stephanietorres@example.org
798	shelleylevy	curtischristopher@example.net
799	jamesvance	shawchase@example.net
800	nicolemontgomery	kennethsmith@example.net
801	pjohnson	patricia17@example.com
802	owensjohn	emcpherson@example.org
803	regina80	richarddixon@example.org
804	laura04	wagnerashley@example.com
805	gabriela22	armstrongwanda@example.com
806	debraortiz	mayjacob@example.com
807	zwalters	jenningsdavid@example.net
808	shawgregory	whenry@example.org
809	wilkinsonjohn	cmercado@example.com
810	matthew59	dross@example.com
811	gthompson	marisamorgan@example.net
812	justin77	fitzpatrickkathy@example.org
813	murraybrandon	jamesgreene@example.org
814	smithjulie	jadegriffin@example.org
815	ilewis	kramirez@example.com
816	heiditaylor	ksmith@example.org
817	evanstony	xtaylor@example.org
818	hendersonlynn	jonathonarmstrong@example.com
819	roger37	gjackson@example.com
820	jennifersanchez	yatesmeghan@example.net
821	samantha19	georgecannon@example.com
822	nicholasturner	ashleycampbell@example.net
823	monicasullivan	petersonsonya@example.net
824	cameron77	nweber@example.net
825	natalie56	nblair@example.net
826	smalone	bryan28@example.org
827	jenniferwalker	patriciapalmer@example.org
828	rebeccanewman	lsweeney@example.org
829	khorton	timothy98@example.net
830	raymondtorres	kwheeler@example.com
831	weberjennifer	william91@example.net
832	kirkjeffery	glenn92@example.com
833	welchkevin	stephenthornton@example.net
834	lauramorris	josephkelly@example.com
835	fergusonian	jacksonamber@example.net
836	rebeccajohnston	guzmanscott@example.net
837	qwright	harrismichael@example.net
838	barbara46	hshelton@example.net
839	udalton	mthomas@example.org
840	mandyramirez	chelseamurray@example.com
841	kimberlyjones	hoganbrandi@example.org
842	meaganyoung	rebecca49@example.org
843	elynch	pagediane@example.net
844	rubiowhitney	ncarroll@example.net
845	emilywilliams	grodriguez@example.com
846	anthony75	mcgeejeffery@example.com
847	vrobinson	hamiltonstephanie@example.net
848	tmurray	ymorgan@example.org
849	urogers	mooremaria@example.org
850	sandra67	tiffany86@example.net
851	zcampbell	danielirwin@example.net
852	jacobschristopher	normanmichelle@example.com
853	elizabethanderson	maryhayes@example.org
854	njohnson	williamskevin@example.com
855	annamoore	thomasday@example.net
856	penadana	xfox@example.com
857	nkelly	nblackburn@example.org
858	carpenteralison	willismatthew@example.net
859	hholmes	hayescaroline@example.com
860	dianethompson	uhayes@example.org
861	kevinlutz	grahampaul@example.net
862	douglasowens	christinawilliams@example.org
863	collinsshane	sperry@example.org
864	gcantu	hhoffman@example.net
865	tonya13	davidarmstrong@example.net
866	danielrandall	monicawest@example.org
867	william06	johnsonmichael@example.net
868	katiebright	james11@example.com
869	lgilbert	peterskevin@example.org
870	ramirezrobert	scott75@example.org
871	phamdonna	simmonsmelanie@example.net
872	amy21	foxtim@example.com
873	dnewman	pamelaharris@example.com
874	thomas93	omiles@example.net
875	tiffany82	gparks@example.com
876	loganharrington	anthonywalker@example.org
877	timothygray	michaellong@example.org
878	kmcdonald	ryan63@example.net
879	gallen	david40@example.com
880	lauren13	denise73@example.org
881	cheryl44	billychavez@example.org
882	josephharding	tcamacho@example.net
883	copelandclifford	sdodson@example.net
884	kalvarez	jacksonbrad@example.com
885	johndickson	jonesdorothy@example.org
886	tamarahenry	jray@example.com
887	mcguiremichelle	ingramfrank@example.org
888	johnsonjoseph	oryan@example.com
889	tina89	robertsmary@example.net
890	stephaniebarton	justinodom@example.org
891	imyers	charles10@example.com
892	nicole11	jenkinschristopher@example.org
893	ljames	vmcknight@example.org
894	gonzalezmichelle	nicolemarshall@example.net
895	debralawson	lamroy@example.com
896	nhernandez	diazgilbert@example.net
897	jessicaadams	jeremy63@example.net
898	thomasderek	kristycherry@example.com
899	huynhcharles	smithbrad@example.net
900	barbara95	gregory46@example.com
901	richardsonsteven	marymack@example.com
902	harriskyle	imitchell@example.com
903	mlittle	rgonzales@example.org
904	karenscott	garzacourtney@example.org
905	joshua78	katherinejordan@example.net
906	mary22	kevin54@example.org
907	sullivanpatricia	sruiz@example.com
908	karenhenson	jeremy48@example.net
909	usantos	baxterlindsay@example.org
910	jstafford	goodbryan@example.net
911	colemanjustin	amandashaw@example.net
912	ojoyce	palmercourtney@example.org
913	johnsonangelica	victoriapetersen@example.org
914	darlenemartinez	johnsonrobin@example.net
915	brauncory	simmonsgregory@example.org
916	bennettjames	oburton@example.com
917	ireynolds	christophermathis@example.org
918	dunlapjacqueline	charles05@example.net
919	barryneal	aarnold@example.org
920	johnsonjose	richarddrake@example.com
921	brookeclark	qjohnson@example.com
922	whitejohn	schmidtbrittney@example.org
923	barbaracampbell	belllinda@example.org
924	obaker	robert48@example.net
925	kimberlylam	ososa@example.net
926	lori61	robinsonbradley@example.net
927	bradhaynes	alan77@example.com
928	hancockemma	halejoshua@example.org
929	masonchristopher	briannaphillips@example.org
930	rthomas	hamiltonsavannah@example.org
931	fparker	samantha93@example.org
932	jared20	maryharris@example.org
933	greenpeter	jason97@example.org
934	andersonjessica	hrios@example.org
935	kristinhayes	browngabriel@example.com
936	johnsonjoshua	santiagojon@example.net
937	alexisharris	rkelly@example.org
938	yatesamy	tfrazier@example.net
939	hugheslindsay	daniel07@example.org
940	kimberlyallen	mmueller@example.com
941	stephenseric	noblepamela@example.org
942	anthonykelley	yoderrandall@example.org
943	christopher83	zowens@example.org
944	kathyanthony	michaelhenderson@example.net
945	joshua25	florestimothy@example.net
946	pattersonphilip	floreskaren@example.org
947	jamesbrewer	lawsonstephanie@example.org
948	gloverrussell	gabriel89@example.org
949	jennifer46	dennis88@example.com
950	jonescarrie	levyjustin@example.com
951	prose	kathleen27@example.com
952	brettwilliamson	yramos@example.org
953	stacey17	tbrown@example.net
954	reynoldsmegan	gpennington@example.com
955	denisemann	deanna73@example.com
956	nevans	mikerobinson@example.com
957	hudsonmichael	cassandramarks@example.org
958	campbelltoni	jenniferarnold@example.org
959	lisagutierrez	michaelwalker@example.net
960	cjohnson	pmcgee@example.net
961	nicholas71	chelseybennett@example.com
962	joshuavargas	rhonda05@example.com
963	sarayoung	hthompson@example.net
964	kellybarnett	deborah30@example.net
965	kellywhite	jhouston@example.net
966	scooper	andreareed@example.com
967	carrie88	tyronebush@example.net
968	butlerjasmine	bingram@example.net
969	qholland	melissa81@example.com
970	alejandra38	cameronlester@example.com
971	santosbilly	freemansusan@example.org
972	lknight	snydermichael@example.com
973	coxjasmine	williamdonaldson@example.org
974	ejones	princejennifer@example.net
975	josephhansen	benjamin40@example.net
976	mcervantes	ericmeyer@example.com
977	castilloryan	joshuadavidson@example.org
978	newtonkimberly	carly55@example.net
979	davisdavid	michael91@example.org
980	adamtorres	masseygene@example.com
981	zvalenzuela	andrew44@example.com
982	collinsrebekah	jorge17@example.org
983	alexis78	mullinsjason@example.com
984	susangarner	brianferguson@example.net
985	jose88	ricardoboone@example.com
986	mccalljamie	bgonzalez@example.com
987	efreeman	smoyer@example.com
988	mkennedy	rileygeorge@example.org
989	xbradshaw	patrick31@example.net
990	kellymichael	sthompson@example.org
991	christensenpatrick	mark14@example.com
992	teresacunningham	david28@example.org
993	hensleysandra	singhtiffany@example.net
994	froberts	williamstimothy@example.org
995	shelbylynch	christopher71@example.org
996	jennifercaldwell	blackjoseph@example.com
997	cmartinez	ubaldwin@example.org
998	lorrainecastillo	floresleonard@example.org
999	ifuentes	jefferycook@example.net
1000	laura79	pricedebra@example.com
1001	tonyhinton	tina43@example.com
1002	fisheranthony	michael25@example.net
1003	josehernandez	liumichael@example.net
1004	vdominguez	palmererin@example.org
1005	dashley	sarah18@example.net
1006	maria79	jasmine41@example.net
1007	taylor49	martindaniels@example.net
1008	nicholasbrown	wgray@example.com
1009	david42	michaelreese@example.com
1010	jennifer50	thomasgallegos@example.com
1011	bgallagher	floressherry@example.com
1012	kimberly09	matthewherrera@example.com
1013	adam71	nunezellen@example.org
1014	richard13	ithornton@example.net
1015	mooreandrea	melissa98@example.com
1016	cassandraorr	rossjack@example.com
1017	rebeccalewis	delgadojesus@example.org
1018	smoyer	nscott@example.org
1019	mmartin	kendrafuller@example.com
1020	troymcclain	jose97@example.com
1021	qpowell	michaelward@example.net
1022	julia49	blackwellrhonda@example.net
1023	zhobbs	cory22@example.com
1024	thomas27	michelle17@example.net
1025	hrogers	brownrachel@example.net
1026	jmarks	isutton@example.net
1027	william74	fitzgeraldhenry@example.com
1028	danavazquez	njones@example.com
1029	daniel88	marccooper@example.org
1030	jenniferthomas	tamara13@example.org
1031	frederickevan	williammills@example.org
1032	gzimmerman	alfred60@example.com
1033	martin74	edavis@example.org
1034	brownaudrey	emily49@example.org
1035	woodjohn	anthony13@example.net
1036	wstokes	brookealexander@example.com
1037	karina39	wmoore@example.com
1038	dianebond	hjones@example.org
1039	briansmith	wcarter@example.org
1040	robert46	dfranklin@example.com
1041	olsensusan	taylorthomas@example.com
1042	jgreen	osantiago@example.net
1043	jonescody	scottmitchell@example.org
1044	jacksonphillip	emily63@example.net
1045	ibush	nicole38@example.org
1046	morgan93	jason85@example.net
1047	romansamantha	amy47@example.net
1048	vhall	craig08@example.org
1049	rebeccazamora	abigailpetty@example.com
1050	carterchristopher	pcook@example.com
1051	jsanchez	liujoshua@example.org
1052	caitlin85	brett47@example.net
1053	harringtonabigail	alexis25@example.net
1054	kevindavis	boonekatherine@example.org
1055	travis39	fprince@example.org
1056	jenningscollin	gallowayjennifer@example.com
1057	david96	jbarrera@example.com
1058	wortiz	ujohnson@example.net
1059	gonzalezleslie	nelsonpamela@example.net
1060	higginsyvonne	laura84@example.com
1061	valerie56	rrichards@example.com
1062	christopher00	amyturner@example.net
1063	dawn64	juliehuang@example.org
1064	zweaver	aaronfrost@example.com
1065	rebeccalopez	samuelrivera@example.net
1066	jdavis	benjaminbest@example.org
1067	toddcaldwell	jamie80@example.org
1068	owenwilliam	smithmichelle@example.org
1069	bobby43	maxwell59@example.com
1070	jessica83	david43@example.com
1071	jacquelinepierce	smithdavid@example.com
1072	myerspatricia	juliablack@example.net
1073	staciestephens	christopher21@example.org
1074	josephobrien	wanda23@example.org
1075	steven92	walkermelissa@example.com
1076	sullivanmark	lewislance@example.org
1077	hullstephen	benjamin10@example.com
1078	lcampbell	victoria28@example.net
1079	fishermark	johnsonjennifer@example.org
1080	burkelori	mendozasteven@example.net
1081	iancox	johnsonelizabeth@example.com
1082	karla79	smithnicholas@example.org
1083	tabithagibson	john24@example.org
1084	isaiahjones	grahamlori@example.net
1085	rellis	howarddaniel@example.com
1086	whiterobert	roberttaylor@example.net
1087	hurststephanie	kimberly80@example.net
1088	jonathan50	teresa43@example.net
1089	vincent11	joshuamarshall@example.org
1090	jdunn	iarias@example.com
1091	zpowell	sharontownsend@example.org
1092	mtaylor	fmueller@example.org
1093	kevinparker	dbrown@example.org
1094	eugene13	patricia64@example.com
1095	douglaslopez	mhurst@example.com
1096	callahanvalerie	rstevens@example.com
1097	rsmith	heather73@example.net
1098	taylorkayla	gonzalezalexis@example.org
1099	alan43	toddhughes@example.com
1100	james29	whitevincent@example.net
1101	danielbradley	drich@example.com
1102	laurawhite	wandacollins@example.com
1103	scott33	pcoleman@example.com
1104	michaelrobinson	jacobmiller@example.com
1105	alvaradosandra	andresmartinez@example.org
1106	silvadiane	gregory69@example.net
1107	andersonyvette	qferguson@example.com
1108	bradsanders	mramirez@example.net
1109	halljackie	iprice@example.net
1110	kschmitt	bradfordfelicia@example.com
1111	reginacameron	kathleendominguez@example.net
1112	johnsonmarc	dominiqueodonnell@example.net
1113	ritatrujillo	brian28@example.net
1114	ashleygraham	darren21@example.com
1115	anita51	jimmy58@example.net
1116	tsmith	jacqueline35@example.org
1117	dana47	qaguilar@example.net
1118	matthew40	marquezsuzanne@example.net
1119	jenniferray	devin47@example.com
1120	hughesjonathan	brownjason@example.com
1121	lindahernandez	shannon22@example.net
1122	xcurry	riley65@example.com
1123	cookekathleen	lsmith@example.org
1124	aliciavance	ocurtis@example.org
1125	reedmeagan	starkariana@example.net
1126	wheelermegan	hrodriguez@example.com
1127	amy78	johnsnyder@example.org
1128	zachary91	emilythomas@example.net
1129	igeorge	wendy89@example.org
1130	marie79	troy03@example.net
1131	paul33	mitchell67@example.org
1132	cohenjoshua	rebecca78@example.net
1133	longvernon	castanedajoshua@example.org
1134	jameshernandez	alyssamaldonado@example.net
1135	wkeller	emmaunderwood@example.com
1136	heathrobert	heather41@example.net
1137	bonnie47	anthony07@example.net
1138	sean11	haleynash@example.net
1139	petersonchristopher	ojohns@example.com
1140	ewilson	michaeljohnson@example.org
1141	acevedotracy	cheryl68@example.net
1142	brandon46	arellanobrandon@example.net
1143	vincentbradley	pmiller@example.com
1144	vramirez	wolson@example.com
1145	lori09	liupatricia@example.com
1146	darrylcraig	emilydougherty@example.net
1147	chenchad	sharonbarry@example.com
1148	stevenhenderson	montgomeryerin@example.com
1149	vwatkins	sylvia20@example.com
1150	newtonbrian	gjones@example.com
1151	kristinalexander	monica11@example.net
1152	gilbertbrenda	ykline@example.com
1153	ifuller	fcook@example.com
1154	miguel95	qdiaz@example.com
1155	zsteele	kingbreanna@example.com
1156	christopher24	chelseawilliams@example.net
1157	patricia56	sramirez@example.net
1158	kristinwhite	trevor69@example.com
1159	zacharyevans	raymond60@example.org
1160	davidforbes	marthatucker@example.net
1161	barrettallison	john42@example.org
1162	jonesdanielle	rick35@example.net
1163	ericjones	julie68@example.org
1164	scottjones	robert21@example.net
1165	phillipsjohn	plewis@example.org
1166	ehood	rileychristina@example.com
1167	frankjulia	klong@example.org
1168	qdean	paulwilliam@example.com
1169	darren89	william41@example.com
1170	jeanmcintyre	reneeshaffer@example.org
1171	kvillegas	danielleshepherd@example.net
1172	olivertimothy	pbright@example.org
1173	vlyons	chasetimothy@example.net
1174	heatherdunlap	lisa23@example.com
1175	ureeves	omiller@example.org
1176	erica78	kathleen72@example.com
1177	lance36	henrysims@example.com
1178	daniel70	angela58@example.com
1179	qhouston	amanda50@example.com
1180	torresphilip	jdunn@example.com
1181	richardsonmatthew	lgonzalez@example.net
1182	orrstephanie	riveramary@example.com
1183	tonya28	andrew74@example.org
1184	andreagarcia	josephrivera@example.org
1185	kaylawalter	cwalker@example.org
1186	mcmahonvanessa	leachsarah@example.net
1187	keith16	ynguyen@example.org
1188	gregorycox	philiphamilton@example.org
1189	luis42	harrymedina@example.net
1190	zmclean	bmartinez@example.org
1191	santiagochristopher	joshua17@example.com
1192	pennycox	nicole92@example.org
1193	patricia21	mariabradshaw@example.net
1194	stanley82	kaitlin63@example.net
1195	matthewchen	nicholsjesus@example.com
1196	timothyharper	duncanaaron@example.net
1197	jonessergio	blairsusan@example.com
1198	lterry	julia03@example.net
1199	bakerjoe	joe87@example.org
1200	edwardmartinez	brocknicholas@example.com
1201	jenniferweiss	ogrant@example.org
1202	bdiaz	kaitlyn84@example.com
1203	fjones	leslie67@example.net
1204	cdunn	annharper@example.com
1205	matthew15	traceycollins@example.net
1206	qroberts	banderson@example.net
1207	darius15	christopher77@example.net
1208	mariasullivan	owilson@example.org
1209	onguyen	imorales@example.net
1210	loridalton	yrobinson@example.com
1211	mendozachristine	grace48@example.com
1212	nbryant	lking@example.net
1213	zachary94	ytaylor@example.org
1214	itanner	cheryl21@example.org
1215	sabrinagomez	yvonneclark@example.org
1216	fritzalex	russellford@example.com
1217	derekmartin	timothy78@example.org
1218	aguirrealexandra	wardkelly@example.com
1219	rodneyalvarado	baileymonica@example.net
1220	kendra60	christineroberts@example.org
1221	robertcarr	susan00@example.com
1222	cody42	ricky18@example.org
1223	christina28	greentammy@example.net
1224	xtrujillo	timothywilliams@example.org
1225	bernardjon	nhenson@example.net
1226	larry61	christopherhamilton@example.com
1227	chad59	paulmartinez@example.com
1228	garrettjoanna	dgordon@example.org
1229	margaretmatthews	brittanymacias@example.com
1230	juan86	williamjones@example.com
1231	jeannegeorge	wellsgabrielle@example.com
1232	bradley31	krodriguez@example.com
1233	tarmstrong	janet24@example.org
1234	jordanbrandi	christopherklein@example.org
1235	laura75	jjones@example.org
1236	johnsonrhonda	hubbardmonica@example.net
1237	frios	dawn01@example.com
1238	alexis48	davidgaines@example.net
1239	charles16	randalltroy@example.net
1240	robert58	timothygould@example.com
1241	kaylapineda	reyeselizabeth@example.net
1242	debbie83	jonesrachel@example.com
1243	washingtonjohn	darmstrong@example.org
1244	elee	dbell@example.com
1245	meadowsbrenda	williamsjill@example.org
1246	derrick29	jordannicholson@example.org
1247	hpowell	rmcknight@example.net
1248	lisagreen	janet50@example.org
1249	joshua69	andreathomas@example.net
1250	wbrown	johnsonandrew@example.org
1251	april87	nbailey@example.com
1252	walkersteven	amymcdowell@example.org
1253	djohnson	briannasharp@example.org
1254	charleschang	karen76@example.com
1255	saundersmatthew	greenalexis@example.com
1256	onielsen	jessicajohnson@example.com
1257	sanderstammie	westsara@example.net
1258	mandyhiggins	joseph39@example.org
1259	chris66	tlewis@example.org
1260	cgraham	uedwards@example.com
1261	qparsons	rebekah17@example.org
1262	peterskevin	james74@example.net
1263	jenniferoliver	jennifershelton@example.com
1264	matthew18	sonya12@example.com
1265	ericagray	monique12@example.net
1266	justinmendoza	valeriefisher@example.net
1267	pauljordan	tylergreen@example.com
1268	houstonkristen	brandonmunoz@example.net
1269	lauragonzalez	joseperry@example.net
1270	bjordan	aaronwarner@example.net
1271	kristinlambert	wkennedy@example.org
1272	arthurporter	ilambert@example.org
1273	jeremiahallen	pughjeffrey@example.com
1274	tamara80	jrivas@example.com
1275	maldonadosusan	susan38@example.com
1276	hpark	gregory55@example.org
1277	williamsmatthew	castilloadam@example.org
1278	dcosta	margaret58@example.org
1279	jack61	markbarnes@example.com
1280	christopherpage	crystal69@example.net
1281	david39	justin11@example.net
1282	amy00	xzimmerman@example.net
1283	amanda20	kellerjonathan@example.com
1284	cmorris	fmullen@example.org
1285	rrichardson	kmartinez@example.net
1286	hernandeztonya	mlucas@example.net
1287	fmoore	nicole32@example.com
1288	stonelouis	oliverlaura@example.com
1289	punderwood	harrisonstephanie@example.org
1290	bridgettanner	david59@example.net
1291	alicia19	sierra70@example.com
1292	coneill	kmay@example.net
1293	chamberstravis	hawkinsanne@example.org
1294	jermaineespinoza	jharris@example.com
1295	jocelyngreen	nkirk@example.net
1296	marc95	frank75@example.org
1297	ericfrench	skirby@example.com
1298	amanda59	daisywilliams@example.org
1299	joshua77	hamptonpaul@example.com
1300	ashley76	hensonmichael@example.com
1301	christopherprice	davistimothy@example.net
1302	kaylabeck	laustin@example.org
1303	hernandezricardo	pdougherty@example.net
1304	banksdonna	garciaamanda@example.net
1305	virginiawhite	tammy63@example.org
1306	theresarussell	patrick50@example.com
1307	donnasmith	pvalencia@example.net
1308	lori83	rileygeorge@example.com
1309	stephengonzalez	brivera@example.net
1310	sandra26	kevin65@example.com
1311	chelseajohnson	valenzuelacalvin@example.com
1312	mccormickvicki	tina94@example.org
1313	gwilliamson	leoneaton@example.com
1314	carriejohnson	bakerlaura@example.org
1315	danielle48	jonessara@example.com
1316	hmcneil	gonzalezjames@example.com
1317	fernandezbrittany	ellismonica@example.org
1318	kellydustin	jennifer54@example.org
1319	blairteresa	odonnellkristy@example.net
1320	madeline60	marcushurst@example.net
1321	tracyjones	kennethvasquez@example.net
1322	erictate	davidscott@example.org
1323	alexanderhudson	joshuacruz@example.org
1324	bethany79	ndelacruz@example.net
1325	wreed	dianasimpson@example.net
1326	mvargas	vdean@example.net
1327	rlin	xavierconley@example.net
1328	vincent18	osparks@example.com
1329	jeffreywall	jennifer85@example.net
1330	vtran	jakeryan@example.net
1331	lisachase	dalexander@example.net
1332	stonejoshua	charlessanchez@example.org
1333	nicole93	omaryoung@example.net
1334	carrchristopher	tcarroll@example.net
1335	wilsonoscar	smckee@example.com
1336	joshua92	gtaylor@example.com
1337	kevin93	gregorymacias@example.net
1338	currylindsey	craneamanda@example.com
1339	margaret10	tannershannon@example.com
1340	ypham	juandiaz@example.net
1341	molly27	connie37@example.org
1342	wramos	ksmith@example.com
1343	cody61	qcarroll@example.org
1344	daniel94	moorecharles@example.org
1345	marcus62	oburke@example.net
1346	kmartinez	sarahchen@example.org
1347	kelleymichael	patriciabenton@example.com
1348	vazquezjames	randallwilliams@example.org
1349	richard00	hamiltonheather@example.net
1350	jose71	jonesdawn@example.org
1351	alexanderrodriguez	antonio48@example.org
1352	brendastanley	pallen@example.com
1353	josephcraig	ifreeman@example.net
1354	hayesmorgan	trevinodale@example.org
1355	julie86	fwelch@example.com
1356	ethornton	tlopez@example.org
1357	james75	dennishood@example.com
1358	krystal21	richardsonsusan@example.com
1359	anthony08	brittney43@example.com
1360	michael73	valeriehanna@example.net
1361	mark50	james09@example.org
1362	kmiller	jmclaughlin@example.net
1363	zdudley	tallison@example.com
1364	wsmith	yoliver@example.net
1365	beckyreynolds	xmartinez@example.org
1366	wilkersonkathryn	susan16@example.net
1367	thompsonsherry	larrysmith@example.com
1368	russell59	caleb07@example.com
1369	valerie82	vwagner@example.org
1370	ytorres	carlos47@example.org
1371	chris40	contrerasbrett@example.com
1372	chaddillon	wgraves@example.org
1373	debra49	scottvictoria@example.net
1374	dalecannon	cynthiamartin@example.com
1375	crystal25	hillkyle@example.net
1376	griffithadam	osmith@example.net
1377	lisa49	qgarcia@example.net
1378	stevensmith	hburton@example.net
1379	stevenbutler	michelle54@example.com
1380	snyderhannah	norrisrachel@example.com
1381	evan78	tiffany06@example.net
1382	ucruz	phall@example.com
1383	mrobinson	bethroth@example.net
1384	greenerika	zsullivan@example.com
1385	kaitlin94	dustinwilson@example.net
1386	gilberthunter	lthomas@example.org
1387	yjones	pclark@example.com
1388	mwashington	ichristian@example.com
1389	krystalgarcia	myerspatrick@example.org
1390	lauriechristensen	mlynch@example.org
1391	martinezpaula	meyeralyssa@example.com
1392	taylorvalerie	cruzcindy@example.org
1393	anthonycastillo	wbarr@example.com
1394	erin41	wmichael@example.com
1395	alexandra41	mrosario@example.com
1396	owest	nharris@example.net
1397	dbarnes	hsmith@example.org
1398	cummingsjamie	kthomas@example.net
1399	hbraun	dustin69@example.net
1400	jonathon45	oherrera@example.com
1401	johnsonmegan	iparsons@example.com
1402	kevinschroeder	dswanson@example.com
1403	michael77	dennis82@example.net
1404	matthewmanning	douglasrichardson@example.org
1405	scalhoun	johnwilson@example.org
1406	hernandezanthony	brendaosborne@example.com
1407	jasonmcpherson	timothyschmidt@example.org
1408	kennethhernandez	hodgesjessica@example.org
1409	lsmith	stricklanddaniel@example.org
1410	scott17	jlewis@example.net
1411	heidi47	dawnjennings@example.net
1412	kimberlymoore	david23@example.net
1413	smithamy	emilymoore@example.net
1414	andersonchristine	alexismurphy@example.org
1415	anthony00	kellerdenise@example.net
1416	tamara85	smithpatricia@example.net
1417	qbriggs	matthewflores@example.com
1418	darrell68	jefferyfletcher@example.org
1419	gspencer	mstevens@example.com
1420	sean82	brendanatkinson@example.net
1421	joneskristin	susanprice@example.org
1422	phillipdixon	kathy71@example.net
1423	dwatson	bwolfe@example.com
1424	daniellenelson	wolfscott@example.org
1425	daniel98	clowery@example.com
1426	kyledunlap	ghawkins@example.org
1427	davidsondonald	kimberlypeterson@example.net
1428	maryhall	norman39@example.org
1429	jonesjoshua	ksmith@example.net
1430	brownrenee	gina36@example.org
1431	samanthafuller	walkermark@example.net
1432	katherinehicks	arnoldlaura@example.org
1433	dwilliams	william19@example.org
1434	umartin	sean49@example.com
1435	sherrigreen	brittneyrobinson@example.com
1436	christinahaley	conwaylisa@example.net
1437	kevin04	ramirezchad@example.org
1438	knightjulian	uhansen@example.org
1439	edwin88	hunterjeffrey@example.com
1440	debraphelps	hollyjones@example.org
1441	danielsaunders	bryan98@example.org
1442	josephblackwell	vargasdavid@example.com
1443	bpayne	ericwhitaker@example.com
1444	paulcrawford	zwhite@example.com
1445	darlenewilson	hernandezdebbie@example.net
1446	ringram	wardjacob@example.com
1447	hcollins	vponce@example.org
1448	edward17	cindybishop@example.org
1449	sophia35	cduke@example.org
1450	kpowell	dalemoore@example.org
1451	torresdonna	gesparza@example.net
1452	sarahmeadows	imartinez@example.com
1453	jamesangela	yedwards@example.org
1454	daniel84	novakbruce@example.org
1455	davidleroy	jesseortega@example.com
1456	lorischultz	jacobselizabeth@example.net
1457	nguyenjane	wwilliamson@example.org
1458	stevensonjustin	osbornryan@example.org
1459	georgebyrd	kellybrown@example.com
1460	christopher44	gharris@example.net
1461	ysmith	jordanmartinez@example.com
1462	zcooper	sanchezcrystal@example.com
1463	james76	melodymcguire@example.org
1464	kristiellis	ereyes@example.net
1465	pamela41	lgriffin@example.net
1466	lduncan	brownkaren@example.org
1467	richardsmith	reneecooper@example.com
1468	donnamolina	frankderek@example.net
1469	murphymark	rhonda18@example.com
1470	qmontoya	allentammy@example.org
1471	carterelizabeth	april87@example.org
1472	erogers	mcooper@example.org
1473	webstergregory	nicholsonmary@example.org
1474	bennettbrian	phamjessica@example.com
1475	david31	reesewilliam@example.com
1476	davistimothy	jessicaperez@example.com
1477	valenzuelajennifer	pattytaylor@example.org
1478	angelaknapp	veronica34@example.com
1479	xgutierrez	combsdarryl@example.org
1480	hahnmichael	william90@example.org
1481	tyler00	michaelchen@example.org
1482	ramirezjulie	alex65@example.org
1483	kristy73	benitezpatricia@example.org
1484	mmorris	natasha43@example.org
1485	oowens	annrodriguez@example.net
1486	staceyhansen	suzannemcdaniel@example.com
1487	zschroeder	jeremy23@example.net
1488	thomas38	wuheidi@example.com
1489	jonathanthomas	privera@example.com
1490	nicholsjason	brittanyrichards@example.com
1491	ksmith	xherrera@example.net
1492	nduncan	christopher88@example.org
1493	cory81	cesar39@example.org
1494	webbsandra	anne57@example.org
1495	morganvalerie	daniel19@example.org
1496	escott	fbarry@example.com
1497	sjohnson	vwells@example.net
1498	anthony52	amy22@example.net
1499	vhoover	lgonzalez@example.org
1500	brownjames	monique45@example.net
1501	david53	thompsonjames@example.org
1502	michellehicks	carriewallace@example.org
1503	jason94	barbaralee@example.com
1504	elizabeth21	stephensjoshua@example.com
1505	bobby50	matthew81@example.org
1506	ritagill	elizabeth94@example.org
1507	kevin35	jacksoncharles@example.org
1508	opeterson	johnsonangel@example.com
1509	harriscrystal	jasmine44@example.com
1510	kimberlywhite	bartlettjennifer@example.com
1511	johnsmith	torresmarcus@example.org
1512	rdavis	scruz@example.org
1513	heathermendoza	jenniferfrazier@example.net
1514	patrick41	annettepittman@example.com
1515	warrenthomas	rosariodaniel@example.net
1516	connie74	pcardenas@example.net
1517	melanie95	cjames@example.org
1518	edward54	kramerkelsey@example.com
1519	xnguyen	james86@example.net
1520	ztownsend	cardenastrevor@example.com
1521	hrice	stevenscatherine@example.org
1522	coffeyjohn	paul82@example.com
1523	bmorgan	josephcollins@example.org
1524	fmay	karen64@example.net
1525	rachel58	roberto22@example.net
1526	omolina	rebecca39@example.net
1527	david30	dawn72@example.com
1528	gilbertkristin	anthony10@example.org
1529	eoconnell	carlaedwards@example.net
1530	jessica64	christophermiller@example.net
1531	stephensandrew	sethschneider@example.net
1532	tara97	gpatrick@example.com
1533	marcusvega	holmesalbert@example.com
1534	sampsonnicholas	jasonward@example.net
1535	robert34	swallace@example.com
1536	krogers	parkererika@example.net
1537	james43	ericsampson@example.net
1538	nicholas02	brooke19@example.com
1539	ismith	cwiggins@example.com
1540	heidijones	christopher79@example.com
1541	bgraves	juan03@example.com
1542	elizabeth23	afrey@example.net
1543	banksmelinda	lramirez@example.org
1544	mark02	nicole81@example.com
1545	nathananderson	kingwilliam@example.org
1546	smithjasmine	joshuagarcia@example.org
1547	brooksjacob	williamsmith@example.com
1548	howardmary	nicholas37@example.com
1549	dixonrichard	thompsondeborah@example.com
1550	hbanks	brucebradley@example.org
1551	westgregory	nicholewilliams@example.net
1552	gblake	tortiz@example.net
1553	cowens	joshuarodriguez@example.net
1554	johnsonkevin	jamesbrooks@example.org
1555	dmiranda	stevenhunter@example.org
1556	vruiz	johnsondonald@example.org
1557	hallkathy	qjenkins@example.com
1558	vwebster	sotosusan@example.org
1559	robert13	atkinsonchristopher@example.org
1560	marywerner	victoria93@example.org
1561	baileychristopher	xwade@example.com
1562	mark92	ryan33@example.com
1563	diazjeremy	scottbarnes@example.org
1564	philip50	ianhodge@example.net
1565	codyford	xhartman@example.com
1566	zacharymckenzie	maldonadokenneth@example.com
1567	warddenise	williamriley@example.com
1568	jonesphyllis	troywilliams@example.com
1569	pwilliams	paynejohn@example.com
1570	ryanserrano	keith22@example.com
1571	mbriggs	zachary24@example.net
1572	matthewpierce	williamwhite@example.org
1573	oramirez	yoderlatoya@example.net
1574	ohendrix	shannonmorris@example.com
1575	zfrazier	bbrowning@example.net
1576	rebeccaryan	harrisondenise@example.org
1577	stephensjessica	diana71@example.com
1578	mackenziepeck	dennislawson@example.com
1579	bknight	xgray@example.com
1580	angela62	vhill@example.net
1581	wbaker	santoscrystal@example.com
1582	michaelgraham	erin01@example.com
1583	andersondanielle	maryschwartz@example.org
1584	brooksnatalie	ythompson@example.org
1585	devon93	fryechristopher@example.com
1586	afloyd	rosschristopher@example.net
1587	destiny10	lorijones@example.org
1588	tmarquez	joannareed@example.com
1589	kathy56	michael68@example.org
1590	patrick03	anthonyparker@example.net
1591	kristenwood	hendersoncatherine@example.org
1592	washingtonisaiah	bradleyashley@example.com
1593	gwilliams	sdavenport@example.com
1594	holmesedward	greggmason@example.com
1595	ericastevens	vanessacasey@example.net
1596	lozanobrandon	wsparks@example.com
1597	ascott	omarlynch@example.net
1598	englishcharles	loricarpenter@example.org
1599	kari97	reyeselaine@example.net
1600	douglaschandler	megan58@example.com
1601	oscar90	christianwright@example.net
1602	carlsoncatherine	lindseyramirez@example.com
1603	cbaker	johnny94@example.net
1604	trevorsmith	williamspamela@example.com
1605	brandon15	mbush@example.net
1606	jerryhouston	justinjohnson@example.com
1607	vstout	emilywood@example.org
1608	patty66	brian61@example.org
1609	susan01	andrew78@example.org
1610	shannoncourtney	greeneric@example.com
1611	ojones	kimberlygomez@example.net
1612	ijohnson	smithamber@example.net
1613	rhondamartin	simpsonlauren@example.net
1614	robert05	zalvarado@example.net
1615	wongkrystal	dakotagray@example.net
1616	mwatkins	smithsarah@example.net
1617	sarahbentley	yclarke@example.net
1618	jramos	james41@example.com
1619	jonathan90	christopherbrown@example.com
1620	christian97	moodydavid@example.org
1621	angela30	franciscogray@example.org
1622	bowmancharles	jhenderson@example.org
1623	richard67	moralestanner@example.net
1624	timothywest	zbrown@example.net
1625	kristyreynolds	christopher63@example.org
1626	tinacruz	jonathanwhite@example.org
1627	shieldsstephanie	obell@example.com
1628	loriwagner	douglasterry@example.com
1629	iflynn	castrochristina@example.org
1630	raymondflores	davidnewman@example.com
1631	aprilmora	summersmary@example.com
1632	thomas32	joseph40@example.org
1633	jimmy29	melanieespinoza@example.com
1634	rosschristina	autumngibson@example.org
1635	jenniferschwartz	wpeterson@example.org
1636	clopez	michaelfarmer@example.com
1637	swhite	danielle17@example.com
1638	jmckee	atorres@example.net
1639	melissajohnson	ashleyryan@example.net
1640	bgray	misty41@example.org
1641	nathan58	belinda18@example.net
1642	julia38	tricia18@example.com
1643	alexandershields	grantwayne@example.org
1644	debbie94	davidcross@example.org
1645	tlopez	stevensmith@example.com
1646	marquezpatricia	myerschristian@example.net
1647	huynhsteven	gilbertcynthia@example.com
1648	elizabethcastillo	ellisonlisa@example.org
1649	barbara90	wcoleman@example.net
1650	kimberlylopez	ashleybray@example.com
1651	mariohenry	megan67@example.org
1652	allison74	bethanycombs@example.org
1653	jacksonchelsea	carl07@example.org
1654	richard32	preston67@example.net
1655	margaretzavala	swilson@example.net
1656	brittanyrogers	alexandercarter@example.org
1657	gibsonwilliam	waltonbenjamin@example.com
1658	hernandeztimothy	mccoymark@example.com
1659	danielevans	nixonkimberly@example.com
1660	tyler67	steven53@example.net
1661	andrewrichmond	raymond83@example.net
1662	timothy33	xthompson@example.org
1663	zvalentine	ballison@example.com
1664	kimrandall	donna83@example.org
1665	hamiltonemily	gregory99@example.org
1666	arianafranco	caleb33@example.com
1667	april79	brandonhoffman@example.com
1668	zachary53	carrilloelizabeth@example.org
1669	anna90	joshua97@example.net
1670	erica07	kristinagriffith@example.net
1671	kirbyjeff	martinjames@example.org
1672	matthewsanchez	jasmineaguilar@example.org
1673	watkinsjustin	davidmiller@example.net
1674	bailey28	sally99@example.com
1675	maxmullen	xtran@example.org
1676	johnneal	shannon00@example.com
1677	heather28	moseschristine@example.org
1678	elizabeth26	davidsonjeffrey@example.net
1679	sydneymorales	johnsonbetty@example.org
1680	davidlewis	emunoz@example.net
1681	martineztom	petersonjohn@example.net
1682	castanedahenry	smithsherry@example.com
1683	raymond32	mcgeejason@example.com
1684	lflynn	allisongonzalez@example.org
1685	bryanwest	karenhart@example.org
1686	dporter	robertschristopher@example.com
1687	xwagner	richard15@example.net
1688	diana29	hayesjoe@example.com
1689	ladams	qjones@example.net
1690	brandy68	kennethbarr@example.net
1691	cobrien	dmurphy@example.net
1692	reneeanderson	randall64@example.com
1693	michael50	nstark@example.org
1694	vpetersen	tbean@example.net
1695	caldwellscott	crystalstark@example.com
1696	hensleyabigail	jonathan20@example.com
1697	cameronhayden	michaelwilliams@example.net
1698	chenleslie	fkelly@example.org
1699	robert99	jesus10@example.com
1700	colleen10	williamellis@example.org
1701	reneecunningham	charlesrodriguez@example.org
1702	andreathompson	fullertaylor@example.com
1703	crojas	marymendez@example.net
1704	pachecotimothy	gibsonjoseph@example.org
1705	burgesspriscilla	stephanie79@example.org
1706	petersrobin	daltonmay@example.net
1707	weavermichael	brent17@example.net
1708	gibsontravis	wjordan@example.org
1709	deannadrake	powelljonathan@example.com
1710	qgarner	kimmeyer@example.net
1711	michelleschroeder	kelli96@example.org
1712	cameronstevens	edwardfischer@example.org
1713	halllaura	bennettrichard@example.net
1714	jose72	hunteremily@example.org
1715	salinaskyle	luke65@example.org
1716	regina89	lwalker@example.org
1717	annmyers	yhernandez@example.org
1718	kgonzales	harrisoncolton@example.com
1719	susanphillips	portertiffany@example.org
1720	pollardapril	wendywise@example.com
1721	rmorris	alexanderchandler@example.com
1722	mjones	edward14@example.com
1723	meadowsdustin	moorebrooke@example.net
1724	barbara78	lorieaton@example.net
1725	michelle91	ashleysophia@example.com
1726	michelle73	brandon96@example.com
1727	xayers	petersonstacey@example.net
1728	yvonnefreeman	andersontracey@example.org
1729	vperez	sean32@example.net
1730	victorsmith	alyssa69@example.net
1731	madison78	bobby62@example.com
1732	eric33	adam24@example.org
1733	christie11	savannah45@example.com
1734	karen22	karencraig@example.com
1735	tcooper	lindsey13@example.org
1736	cameron61	lesliemurphy@example.net
1737	payers	bowencole@example.org
1738	leeraymond	monroerebecca@example.org
1739	clarkcurtis	kentcesar@example.net
1740	jaredjones	swalters@example.org
1741	zacharyalvarez	emckenzie@example.org
1742	gswanson	kentannette@example.org
1743	johnsonarthur	sara95@example.net
1744	james34	mckeephilip@example.org
1745	barryjessica	jfrank@example.com
1746	john71	amyortega@example.org
1747	fmiller	amandahale@example.net
1748	christinamcguire	julia32@example.com
1749	courtney90	carrollmeagan@example.com
1750	shannonrobertson	gsanchez@example.com
1751	carrollmichelle	gregory66@example.com
1752	rachel71	michaelhaley@example.com
1753	stephensonsue	ujones@example.org
1754	elaine30	atkinsisaiah@example.net
1755	erichoward	susanbest@example.com
1756	kaylakelly	mrosales@example.com
1757	jmueller	perkinscaitlin@example.com
1758	brobinson	shannonmcclain@example.com
1759	cassidynelson	fergusondavid@example.net
1760	danielledavis	brendataylor@example.org
1761	delacruzmarcus	devon34@example.org
1762	rodriguezmichael	anneblair@example.com
1763	steven66	meaganwilkerson@example.net
1764	ysanford	lgregory@example.com
1765	hphillips	cdavis@example.net
1766	teresa91	penajohn@example.org
1767	xhoover	christinahutchinson@example.net
1768	iwatts	floresjonathan@example.net
1769	joseph43	samuel79@example.com
1770	joshua22	sandraritter@example.com
1771	cmorse	buchananmichael@example.org
1772	madison40	greermaurice@example.org
1773	williamfernandez	meredithmunoz@example.org
1774	lisa41	fcarey@example.net
1775	murphyallison	salasmelanie@example.org
1776	welchanna	hortonabigail@example.com
1777	angela79	nelsonsamantha@example.org
1778	david60	ntaylor@example.com
1779	melanienorris	woodwesley@example.com
1780	gfleming	myersjessica@example.com
1781	julieflores	duffywilliam@example.org
1782	arthur40	karenhall@example.org
1783	elizabethmays	patrickamy@example.com
1784	jasminehumphrey	nancykelly@example.net
1785	michaelboyer	pjohnson@example.org
1786	hlarsen	judith44@example.org
1787	michaelstanton	stewartcindy@example.net
1788	nbanks	sherri96@example.net
1789	gabriellahernandez	ejohnson@example.net
1790	marksanchez	mistydavis@example.com
1791	nbell	roachkristen@example.net
1792	marshallmarcus	stevenskathleen@example.net
1793	brianfrancis	pamelagarza@example.net
1794	zhurley	fostermary@example.org
1795	taradavidson	vjohnson@example.org
1796	john68	matthew90@example.com
1797	daviscarol	goodwinchad@example.org
1798	oorr	samuel95@example.com
1799	brian84	edyer@example.net
1800	sestrada	brownmelissa@example.com
1801	jonesrobert	michelle97@example.com
1802	christopher36	robertsashley@example.com
1803	yvonne27	yfrancis@example.org
1804	leah60	smithpriscilla@example.org
1805	brownshannon	jeremy62@example.net
1806	toddmelendez	barbereric@example.org
1807	david26	murraytammy@example.net
1808	riosjake	vargassusan@example.org
1809	johnlong	jwright@example.org
1810	cody83	hamptonlisa@example.com
1811	patrick94	cervantesderek@example.net
1812	mariabaker	jamie76@example.net
1813	jason67	ian60@example.org
1814	ssmith	cgray@example.com
1815	barbara30	james23@example.com
1816	cynthiagardner	wadecynthia@example.org
1817	joe63	petersonalicia@example.com
1818	deborah80	jennifer09@example.org
1819	amandacarr	jamesdennis@example.com
1820	andrew16	mgarcia@example.net
1821	justinbrown	erica35@example.com
1822	barbarasanders	hebertkaren@example.net
1823	randalljoseph	ohall@example.com
1824	charles09	spalmer@example.net
1825	charlestodd	littlejeremy@example.org
1826	leezachary	watsonwendy@example.net
1827	howardmike	kendrawilkinson@example.net
1828	lynn41	sandra58@example.com
1829	russellruben	tonya18@example.com
1830	amack	izuniga@example.org
1831	rstewart	kimjackson@example.net
1832	tonya70	ehernandez@example.com
1833	ronnie71	ryancrawford@example.net
1834	pfoley	melaniecortez@example.org
1835	pdiaz	susan23@example.net
1836	hatfieldronald	hjordan@example.net
1837	mstewart	tabithahaynes@example.org
1838	popeadam	shannonpeters@example.com
1839	susanbates	costaalex@example.com
1840	harrisonmonique	maykenneth@example.com
1841	rlee	sherry11@example.com
1842	marshalladam	jsmith@example.net
1843	michael03	brenda14@example.net
1844	dthompson	jamesadrian@example.net
1845	michaelpotts	cpalmer@example.com
1846	jacksonpaige	sarah72@example.com
1847	caitlin09	marcjones@example.org
1848	meghan65	mossgregory@example.org
1849	cheryl20	suzanne42@example.net
1850	johnsonstephanie	taylorchristopher@example.org
1851	yandrews	xrosario@example.org
1852	andrewhenry	michellegreen@example.net
1853	eric78	ashleypeterson@example.com
1854	jhawkins	rebeccahutchinson@example.org
1855	melissa78	bradley13@example.net
1856	nwolfe	nburnett@example.com
1857	xtyler	antonioward@example.org
1858	ymcclain	swilliams@example.org
1859	andersonkelsey	sarah82@example.com
1860	barnessteven	jacqueline93@example.org
1861	rachel50	brenda12@example.org
1862	jameswhitney	hollydalton@example.net
1863	dbarber	rojaslori@example.org
1864	kanestephanie	tgardner@example.com
1865	judy42	cordovaanthony@example.org
1866	dunnnicole	julie36@example.org
1867	luiswinters	yjackson@example.org
1868	vgilmore	mary80@example.net
1869	paynekaren	garciadana@example.com
1870	stephanie04	robertchapman@example.org
1871	padams	tnavarro@example.com
1872	rachel85	rmurray@example.net
1873	rcobb	harrisisaiah@example.org
1874	greenbrandon	imaddox@example.net
1875	alexandria78	breanna94@example.com
1876	josephcase	julie32@example.com
1877	michael23	sdavis@example.com
1878	mriggs	jennifer71@example.org
1879	ashley97	tuckercynthia@example.org
1880	xedwards	stevenunderwood@example.org
1881	brendahodges	aliciabrown@example.com
1882	peter67	cheryl35@example.org
1883	rodriguezashley	tracey05@example.net
1884	stricklandkerry	zjennings@example.net
1885	flindsey	sjordan@example.org
1886	ccarter	williamstewart@example.org
1887	thomas08	ilang@example.com
1888	rebeccabanks	tfarmer@example.net
1889	nwerner	marksmith@example.org
1890	wcarney	jill73@example.net
1891	hallmaria	osmith@example.com
1892	jessica10	lewisjudith@example.net
1893	ronald53	chelsea31@example.net
1894	peterlogan	nturner@example.org
1895	emily90	dixonkelly@example.com
1896	shawn04	ryan38@example.com
1897	crodriguez	johnwerner@example.com
1898	scottamy	stephen28@example.net
1899	moorebarbara	derek86@example.com
1900	whitakerjonathon	boylepamela@example.org
1901	zacharyclark	jenniferjones@example.net
1902	sanchezrebecca	cjohnston@example.com
1903	ldelgado	moniquebrown@example.net
1904	donaldsonangie	vickie59@example.com
1905	othomas	mitchellandrew@example.net
1906	theresa33	lukeaustin@example.com
1907	lindawright	rrodriguez@example.org
1908	sarahgentry	dlewis@example.net
1909	ygonzalez	bsalazar@example.org
1910	sarah65	yallison@example.net
1911	michael53	sibarra@example.org
1912	josephweaver	kochjoshua@example.com
1913	julie79	lowedamon@example.org
1914	tammie73	adammartin@example.net
1915	michelle42	colejacqueline@example.net
1916	kelly07	rblackwell@example.net
1917	xbrown	christophermiller@example.com
1918	elizabeth51	bprice@example.net
1919	anthonywoods	brownelizabeth@example.org
1920	tammywoods	milesjames@example.net
1921	renee92	christopher98@example.org
1922	michael12	harrisjanice@example.org
1923	amymiller	uatkinson@example.com
1924	jason82	curtis79@example.com
1925	fowlerjared	hulljustin@example.org
1926	melissaroberts	whitney66@example.org
1927	vazquezmary	jayjohnson@example.org
1928	marissajimenez	alexandra68@example.org
1929	jeremy85	rangelanthony@example.org
1930	alynch	dorothy88@example.org
1931	wrighterica	loriharmon@example.com
1932	bakerfrancisco	alison53@example.org
1933	alexhowell	andrewssteven@example.net
1934	wtrujillo	robert73@example.net
1935	harrisjoshua	whitejeffery@example.org
1936	khunter	ashleysimpson@example.net
1937	ygraham	scottrobinson@example.com
1938	melissa10	teresahouse@example.com
1939	ydiaz	sararodriguez@example.org
1940	robert43	beasleytheresa@example.net
1941	sarahalexander	jennifernichols@example.net
1942	yknox	hansenpatricia@example.org
1943	carterjames	martinjohn@example.net
1944	rebecca24	thomas07@example.net
1945	ninaparrish	james41@example.org
1946	veronicaroberts	thompsonkimberly@example.org
1947	norrischristopher	erindavenport@example.com
1948	jose98	bennetttiffany@example.com
1949	umyers	ztrujillo@example.net
1950	mmiller	julie37@example.net
1951	jmaldonado	jcastillo@example.net
1952	leachjared	garycoleman@example.net
1953	hlester	tpeterson@example.org
1954	fosterluis	michaelmcguire@example.com
1955	marymeyer	kevin84@example.org
1956	ritacarter	ddavis@example.net
1957	gevans	karenwoods@example.net
1958	lauramartin	courtneywilliams@example.com
1959	bcollins	doylebryan@example.org
1960	joseph44	dsanchez@example.net
1961	amiller	dan35@example.org
1962	maryalvarado	tmills@example.org
1963	katherinedavis	bsheppard@example.com
1964	raymondlarson	vbarnes@example.com
1965	nathaniel80	margaretperry@example.com
1966	kjones	richardfuentes@example.org
1967	brendawyatt	wshepherd@example.com
1968	michaelreynolds	evansjessica@example.com
1969	charles41	mmitchell@example.com
1970	philiprichardson	ibender@example.org
1971	collinsheather	griffithmorgan@example.net
1972	ncombs	amysilva@example.net
1973	yhayes	qvaughn@example.com
1974	staylor	jesseknight@example.org
1975	qreeves	fcruz@example.net
1976	anna86	rodriguezheidi@example.com
1977	wileyjennifer	emily78@example.org
1978	jeffrey87	mwashington@example.org
1979	alexander82	vaughnvalerie@example.org
1980	hshepherd	arthurwarren@example.org
1981	heatherfitzpatrick	ireyes@example.com
1982	kjohnson	xcantrell@example.net
1983	eric61	nathanielfarmer@example.com
1984	webbemily	catherine58@example.com
1985	david44	hoffmanmelissa@example.com
1986	fherring	curtis17@example.org
1987	mmcdaniel	seanmitchell@example.com
1988	ygalloway	dgarcia@example.org
1989	gloverandrea	duranlaurie@example.org
1990	wheelersandra	dporter@example.net
1991	michellebaker	lauriecombs@example.com
1992	greenjeffrey	gcurtis@example.net
1993	veronica71	rodriguezbrent@example.org
1994	deanna71	mitchell34@example.net
1995	linda71	thomastyler@example.com
1996	fosterscott	ybarnes@example.net
1997	asimpson	aliciaherrera@example.net
1998	landerson	emily09@example.org
1999	vharris	denise82@example.com
2000	snyderkatherine	cynthia07@example.org
2001	john77	joshua56@example.org
2002	jasonjohnson	teresapatterson@example.com
2003	xsmith	troysandoval@example.net
2004	malonebrandon	rbauer@example.com
2005	regina29	evansanne@example.org
2006	barrjohn	chadhouse@example.org
2007	xcervantes	donna91@example.com
2008	patrick42	jason43@example.com
2009	scott19	ggreer@example.com
2010	robinsonrose	becky71@example.net
2011	richardsonregina	mccluremichael@example.org
2012	cartererik	bburton@example.org
2013	piercekatherine	weekskenneth@example.org
2014	torrescharles	kristen90@example.com
2015	kathleen72	davisamy@example.net
2016	tweaver	bridget63@example.org
2017	jamessingleton	robert96@example.com
2018	jerryharris	baileyjoshua@example.com
2019	richardlee	bridgetjohnson@example.com
2020	david94	msellers@example.com
2021	jennifergibson	zkelly@example.com
2022	rpitts	jonathanpearson@example.net
2023	anthony58	griffinnicholas@example.net
2024	william64	thompsonjoseph@example.com
2025	kevin36	rachelgarrett@example.org
2026	reyesmelissa	vjohnson@example.net
2027	vickie17	gavinporter@example.com
2028	douglas84	mlewis@example.net
2029	gordonpoole	alexander89@example.com
2030	steven17	ruizbridget@example.org
2031	thompsonkayla	toddfletcher@example.net
2032	amy39	patricia12@example.net
2033	anthony74	debbiecox@example.org
2034	brockkathleen	cathy20@example.net
2035	xwoods	wrightmichael@example.org
2036	marcusedwards	murphymelissa@example.com
2037	katie44	joseph06@example.com
2038	smithjoy	cabrerarichard@example.org
2039	hwilcox	umurphy@example.org
2040	aaronlong	trujilloalicia@example.com
2041	cdeleon	christy49@example.net
2042	mmullins	cschneider@example.com
2043	umiller	ramirezrobin@example.org
2044	esteele	parksrachel@example.net
2045	anthony42	washingtonnichole@example.net
2046	karen30	phyllis03@example.net
2047	ymorton	brenda13@example.org
2048	ylyons	adam52@example.net
2049	tracy89	millerjane@example.net
2050	ramosbrittany	lawrencebryan@example.net
2051	jeremysanford	ramirezglenn@example.com
2052	zchase	whitneyadrian@example.net
2053	angela14	robertpetersen@example.net
2054	davidgarcia	dicksonrichard@example.org
2055	rwilliams	plynch@example.com
2056	jameswebster	kwells@example.com
2057	travistaylor	audreybarker@example.net
2058	crosscesar	misty95@example.org
2059	graypaul	angelarobles@example.org
2060	sallyflynn	tylerlawrence@example.net
2061	webbtrevor	jennifer28@example.org
2062	tara30	blevinsrichard@example.org
2063	elijahcherry	anthonybeck@example.com
2064	schwartzmelissa	poolemariah@example.net
2065	xmills	aguilarallison@example.com
2066	lopezlogan	kklein@example.net
2067	xcox	zknapp@example.com
2068	adunn	danielle57@example.net
2069	malikespinoza	moralesdanielle@example.com
2070	youngalexandra	philip61@example.org
2071	melaniekerr	jose49@example.com
2072	deanna62	michael78@example.net
2073	jenkinsdenise	amiller@example.net
2074	justin46	bishopjames@example.com
2075	rmills	millerraven@example.com
2076	mooremike	catherine24@example.com
2077	scottbrewer	cameronjohn@example.org
2078	fowlerlisa	hooperamanda@example.org
2079	robinrocha	carolyn24@example.net
2080	robinsonlogan	scottaustin@example.org
2081	stephensbethany	john00@example.com
2082	maddenmadison	josephkevin@example.org
2083	cynthia39	miguel78@example.net
2084	cgray	michaelramos@example.net
2085	qjohnson	shunter@example.net
2086	monicaadams	michael20@example.net
2087	amedina	hunteradam@example.net
2088	kimberlycannon	jodiperkins@example.org
2089	azimmerman	gabrielgarza@example.com
2090	albert45	bradley15@example.com
2091	boyderin	fieldsmatthew@example.com
2092	fhuber	manuelblack@example.net
2093	lawrenceerika	chase72@example.com
2094	mark26	leah95@example.org
2095	donalddouglas	mary28@example.net
2096	amandajohnson	bbutler@example.net
2097	joseph31	yvonnecole@example.net
2098	bennettjonathan	ericlopez@example.net
2099	andrea22	hannah43@example.net
2100	miguelmontgomery	deniseroach@example.com
2101	wmiranda	schmidttiffany@example.org
2102	susan73	jodi88@example.net
2103	shannonmedina	johnsontodd@example.org
2104	annkelley	marthaharding@example.net
2105	pauljones	matthew06@example.org
2106	cervanteswillie	chughes@example.org
2107	carly81	msandoval@example.com
2108	jason55	rachael98@example.net
2109	xrodriguez	crystaldavidson@example.org
2110	matthewharrell	laurahouse@example.org
2111	masonhines	richard56@example.net
2112	kochjulie	woodjulia@example.net
2113	xperry	justin93@example.com
2114	hintonamy	parkerkayla@example.org
2115	vmcguire	larry22@example.com
2116	johnpacheco	chasekristin@example.com
2117	kevinbennett	allendennis@example.net
2118	markthompson	shari99@example.com
2119	navarroelizabeth	lgibson@example.net
2120	nicolearcher	ozimmerman@example.net
2121	gregory42	swansonjennifer@example.net
2122	andrea94	merickson@example.org
2123	brian55	dhernandez@example.net
2124	sarahfarrell	annkeith@example.org
2125	dmartin	pkennedy@example.com
2126	tammyhampton	juanbaker@example.org
2127	chrisjohnson	mary00@example.org
2128	daniel26	rmurphy@example.org
2129	preyes	jacob19@example.org
2130	michaelvazquez	collinsmelanie@example.com
2131	mitchell11	christinabaker@example.org
2132	erica60	elizabethschwartz@example.net
2133	cwilson	olsenkathryn@example.com
2134	johnathan87	madams@example.org
2135	aalvarez	careymarvin@example.org
2136	qweber	migueljohnson@example.com
2137	mooremichael	mpace@example.org
2138	holly87	mclaughlinjackie@example.com
2139	jillsimmons	seancherry@example.com
2140	keith14	ibarrajustin@example.net
2141	stoutdarryl	torresrobert@example.org
2142	ruizlynn	townsendjeremy@example.com
2143	cflores	townsendtyler@example.com
2144	brownangela	holmeschase@example.com
2145	daniellynch	xolson@example.com
2146	sheri99	thomas08@example.com
2147	john36	briansharp@example.com
2148	jamesmorales	dporter@example.com
2149	hudsonsean	cisneroskara@example.org
2150	dunlapjustin	kyle23@example.com
2151	molly86	jacob74@example.org
2152	keith50	ryanmontoya@example.net
2153	lray	nicholeholmes@example.org
2154	michaelhamilton	crystalbell@example.net
2155	alvarezbrett	ybrown@example.org
2156	ramossamantha	kfletcher@example.com
2157	suzanne24	colleenjohnson@example.com
2158	kevinluna	chenelizabeth@example.org
2159	iarnold	ericksonzoe@example.org
2160	mcleanmary	rangelmichael@example.com
2161	sharon28	staceysullivan@example.net
2162	ameyer	megannguyen@example.org
2163	weberdebbie	rmiles@example.net
2164	matthewpeterson	burnsjesse@example.com
2165	tsnyder	adkinsdavid@example.org
2166	josewiley	taylorcharles@example.com
2167	obishop	derekrussell@example.net
2168	riveratodd	melissamatthews@example.net
2169	cody20	thenderson@example.com
2170	deanjonathan	alyssareed@example.org
2171	dphillips	brookeharrison@example.net
2172	xnewton	sharon78@example.org
2173	samanthacox	anthonywheeler@example.net
2174	hernandezelizabeth	carrillowesley@example.org
2175	quinnmargaret	jennifer25@example.com
2176	danielponce	zacharysmith@example.com
2177	bakergarrett	joshualarson@example.com
2178	obender	roger57@example.net
2179	jessica75	marcus89@example.org
2180	jeremy94	martinwilliam@example.net
2181	vberger	rreed@example.com
2182	davisjoshua	chambersedwin@example.org
2183	jimmy39	johnsonlaura@example.net
2184	zhanglaura	charles34@example.com
2185	bfoster	timothysummers@example.net
2186	nancylin	krubio@example.net
2187	tina26	joshua12@example.net
2188	brian97	sjenkins@example.com
2189	christine15	davisluis@example.com
2190	pcrawford	elizabeth92@example.com
2191	carmen49	browngregory@example.org
2192	nscott	robertkim@example.com
2193	wardalicia	robin65@example.net
2194	ruizpaige	mboyer@example.net
2195	moranjoshua	andrewberry@example.org
2196	qthompson	andrew54@example.net
2197	chasecampbell	dillon72@example.org
2198	austin75	cummingserik@example.com
2199	sonya27	brownjeremy@example.com
2200	michael07	rbenson@example.com
2201	claudia74	tamara45@example.com
2202	karenkemp	smithjoseph@example.net
2203	masonomar	john66@example.com
2204	robertsonjohn	xgay@example.org
2205	cwood	gallegosvictoria@example.net
2206	astewart	jimenezwilliam@example.org
2207	hernandezkenneth	balljaime@example.org
2208	sierrahorn	solomoncarlos@example.org
2209	tyler72	wanderson@example.org
2210	rjohnson	michael39@example.net
2211	amandaellis	manuel65@example.org
2212	kristytucker	njohns@example.com
2213	crawfordshawn	juliedixon@example.org
2214	garyhale	brianbaker@example.com
2215	marksrachel	vrogers@example.net
2216	lawsonjason	hjimenez@example.net
2217	medinamelissa	bromero@example.net
2218	nhammond	amanda02@example.net
2219	laurieclarke	emily35@example.com
2220	tarroyo	whiteshawn@example.com
2221	michael55	kevinclark@example.com
2222	theodore24	hblair@example.com
2223	awilliams	roblesgeorge@example.com
2224	kelli81	allenbrittany@example.net
2225	mruiz	wroth@example.com
2226	bradley07	mcfarlandmatthew@example.net
2227	james60	jameshill@example.net
2228	rhondacervantes	mlopez@example.net
2229	johngarcia	timothy50@example.net
2230	lorimoore	flemingandrew@example.com
2231	adrianwood	dawnmorales@example.net
2232	obarnes	allenmaria@example.net
2233	mark37	millsmegan@example.com
2234	rivaswilliam	timothy44@example.com
2235	uperry	thomasnorris@example.org
2236	mary63	cluna@example.net
2237	prestonamber	adamschristopher@example.org
2238	yramirez	zacharysanders@example.net
2239	obradley	melissafrancis@example.org
2240	wilsonalicia	matthewnelson@example.com
2241	gbuck	iandrade@example.com
2242	ashlee46	echavez@example.net
2243	melanie90	crawfordkristina@example.com
2244	howellbrian	richard11@example.com
2245	susan69	erica20@example.net
2246	jackson75	garciasarah@example.net
2247	zwhite	yadams@example.net
2248	obrienkevin	matthew62@example.net
2249	amanda39	hollandthomas@example.com
2250	kimberly50	andersoneric@example.net
2251	mcclaingabriel	grantjesse@example.org
2252	perezjustin	alejandraarellano@example.net
2253	jacksonkelly	reednathan@example.org
2254	tyler89	darren72@example.org
2255	michaelmolina	matthewmorris@example.net
2256	sonyawalker	coreyparrish@example.com
2257	flewis	denise85@example.org
2258	mtrujillo	stephanievaughn@example.net
2259	gwhite	daykevin@example.com
2260	bfox	patrick90@example.org
2261	scottlopez	aguilaralexandra@example.com
2262	christinagross	kristinagonzalez@example.com
2263	williamlee	fwhite@example.net
2264	henryrobinson	markclark@example.net
2265	diane01	tracywilliamson@example.org
2266	melissadoyle	turneraaron@example.com
2267	npham	burgessrichard@example.org
2268	garycarlson	victoriamullins@example.org
2269	ericrodriguez	shunt@example.org
2270	eric08	villamaria@example.org
2271	krhodes	lperry@example.org
2272	robert36	stacey05@example.org
2273	vward	nwilson@example.com
2274	heatherallen	feliciahowell@example.org
2275	stephanie61	elong@example.com
2276	jennifer68	catherine24@example.net
2277	scottcox	kristenfletcher@example.com
2278	maciaslori	andressmith@example.com
2279	nicoleharrington	james57@example.com
2280	owashington	anthonyrodriguez@example.net
2281	kellyharris	jason69@example.net
2282	rhondaharvey	morgannorma@example.net
2283	kclark	pamelajohnson@example.com
2284	jacksontara	jeremy57@example.com
2285	martinjason	tclay@example.com
2286	barrerajoshua	palmermelissa@example.org
2287	johnsonkelly	brandon42@example.net
2288	christine91	hgregory@example.org
2289	jonathanbrown	eingram@example.net
2290	markdavis	rodriguezscott@example.net
2291	juarezsara	edwardlucas@example.com
2292	kyleharris	alvaradoalexandra@example.org
2293	shannonalexander	josephdixon@example.org
2294	gonzalesholly	courtney07@example.org
2295	mmorse	rburns@example.net
2296	leonard29	xjackson@example.org
2297	alexandermccullough	jesse10@example.org
2298	omcgrath	ericweber@example.com
2299	blairjesse	bgill@example.com
2300	sethsantana	kpatterson@example.org
2301	karnold	nicholaslewis@example.com
2302	johnsontiffany	ishepherd@example.org
2303	currymichelle	elaine82@example.net
2304	ghill	rcarr@example.com
2305	andrea21	nacevedo@example.net
2306	christopherharris	blakesarah@example.net
2307	emilygibson	qsingleton@example.com
2308	dianekelley	megan70@example.net
2309	freemanamber	uhernandez@example.org
2310	andersonscott	amanda81@example.com
2311	pward	michael87@example.net
2312	pyoung	ashleyroberts@example.net
2313	henry55	paula66@example.net
2314	garyyoung	jacob10@example.com
2315	elizabeth53	robertsamy@example.net
2316	william37	leslie79@example.com
2317	potterkatherine	jeffreywhitehead@example.net
2318	pam15	pmurphy@example.org
2319	derrickcoleman	andersonkatie@example.net
2320	gmartin	leonard03@example.net
2321	ddavis	debraschmidt@example.net
2322	shannonmcgee	frankhenson@example.org
2323	gonzalesjoseph	kevingarcia@example.com
2324	schneiderdavid	robertmalone@example.org
2325	courtney08	preston71@example.net
2326	james01	donnahansen@example.net
2327	ryan65	jennifer69@example.net
2328	danielle87	jameswilliams@example.net
2329	dwaynesmith	dorr@example.com
2330	george01	william93@example.com
2331	justin05	jessica22@example.com
2332	kyle85	crawfordallison@example.org
2333	cartergregory	patty37@example.com
2334	bward	morrishannah@example.com
2335	jesus35	scarrillo@example.org
2336	mray	ccrawford@example.net
2337	drios	cfarrell@example.net
2338	sullivanbradley	patricia45@example.net
2339	nataliehernandez	davissteven@example.net
2340	joseph48	esantos@example.com
2341	jamesperez	osingleton@example.net
2342	michael87	tammyturner@example.net
2343	hughesjo	jesserodriguez@example.com
2344	johnny52	roberttaylor@example.org
2345	krausechris	jasonvalentine@example.net
2346	michaelpena	sherrera@example.com
2347	kelly44	leemichael@example.org
2348	marcus46	mary56@example.net
2349	peter06	jonathan89@example.com
2350	vincent28	fergusonerika@example.com
2351	brittneywerner	fweeks@example.org
2352	matthewburke	austin96@example.org
2353	blakegonzalez	jperry@example.com
2354	yconway	juliemeyer@example.net
2355	hectorortiz	qbrown@example.org
2356	geraldcohen	ghoward@example.net
2357	matthewdyer	pscott@example.org
2358	duncanscott	patricia93@example.com
2359	kaneandrea	gabrielle57@example.net
2360	rodriguezaaron	smithjoshua@example.com
2361	jonesstephanie	rsandoval@example.com
2362	lambertaaron	travisvanessa@example.org
2363	ahinton	kellybrown@example.org
2364	paynebrian	eric32@example.net
2365	andrew21	michaelwilliams@example.com
2366	ibrown	jasmine23@example.net
2367	madison79	stephanie67@example.com
2368	dduke	victoriaavery@example.com
2369	nathanielweaver	nicholas19@example.org
2370	qchapman	christina98@example.net
2371	achristensen	uedwards@example.org
2372	jimmy76	davidmurphy@example.org
2373	angelamorales	yford@example.org
2374	rebeccabaker	qrivera@example.net
2375	ericwise	calebrobinson@example.net
2376	tamara91	turnerjose@example.net
2377	lchavez	heather22@example.org
2378	ureyes	anthonyjacobs@example.org
2379	nsoto	sjackson@example.com
2380	lisacollins	garciadenise@example.com
2381	zdeleon	mbullock@example.com
2382	gonzalezdonna	brianna43@example.com
2383	wardmary	travissanchez@example.org
2384	meganwalters	john61@example.com
2385	mcampbell	pruittpenny@example.net
2386	stonesandra	adamhicks@example.com
2387	russell05	teresa04@example.com
2388	rebecca25	allisonsosa@example.org
2389	shannonrodriguez	ftaylor@example.net
2390	sshaffer	danielle68@example.net
2391	bcooper	brownchristina@example.net
2392	freyamanda	stevenpaul@example.net
2393	epeters	kendra95@example.com
2394	mitchellstewart	jcraig@example.net
2395	erika04	hilldonna@example.net
2396	joseph67	zcrane@example.com
2397	hernandezjason	downsmichael@example.org
2398	inichols	zstewart@example.net
2399	michaelneal	richardgarza@example.org
2400	tmarshall	dylan70@example.net
2401	garytaylor	brownkevin@example.com
2402	douglasaudrey	jared56@example.org
2403	blairjustin	alyssaharvey@example.net
2404	reyesmichael	tyler65@example.com
2405	vincentrobert	mmorrow@example.net
2406	kevincortez	rodriguezjohnathan@example.org
2407	david36	turnerchad@example.net
2408	pamelasantos	ricemary@example.com
2409	frazierkatherine	donald49@example.net
2410	batespedro	jpatterson@example.net
2411	brownchad	andreareilly@example.net
2412	brendachen	iholmes@example.org
2413	mcdonalddavid	staciebender@example.org
2414	ross07	ericbrown@example.net
2415	alexandergeorge	jacksonrebecca@example.org
2416	maxwelltaylor	zachary07@example.org
2417	michaelramos	anthonysmith@example.com
2418	adam70	dbowers@example.com
2419	craigbecky	mathewskathleen@example.com
2420	megan53	scottnorton@example.org
2421	tamaratrujillo	lindseygray@example.org
2422	watsonnicholas	powelldavid@example.com
2423	nmartinez	medinabrian@example.com
2424	koneal	melissabishop@example.com
2425	owensmelanie	gracebeck@example.org
2426	sanchezjoseph	iherrera@example.org
2427	smithchristopher	davidsmith@example.org
2428	jesusthompson	laurapruitt@example.com
2429	michaelwebster	wperez@example.org
2430	stephen81	patricia60@example.net
2431	lwilson	mackdennis@example.com
2432	jeffrey29	brittanycollins@example.com
2433	nreynolds	jenniferbarton@example.com
2434	jhill	joshuaking@example.com
2435	danielle88	samuelking@example.com
2436	mreed	ymartin@example.net
2437	kathrynduncan	connorstewart@example.org
2438	pdavis	curtisnavarro@example.net
2439	egreene	knightbryan@example.org
2440	meredith56	uclarke@example.com
2441	mitchell62	ryan75@example.com
2442	sbell	pwagner@example.com
2443	flang	manuelcampbell@example.com
2444	briancampbell	reginamann@example.com
2445	brooksmario	deannamartinez@example.org
2446	ramirezjonathan	qthompson@example.org
2447	reyesdonald	iorr@example.org
2448	rhonda38	nicolelynch@example.com
2449	hollylarson	hilljason@example.net
2450	rolsen	collinspeter@example.org
2451	pdean	tonya48@example.net
2452	qmartin	williamwilliams@example.org
2453	brucebrian	floresshannon@example.com
2454	harrischristopher	monica67@example.net
2455	johndavis	esmith@example.org
2456	vhouse	hardyheather@example.net
2457	tjones	noahgeorge@example.com
2458	xcarlson	johnhawkins@example.org
2459	bcombs	tbutler@example.org
2460	foleysandra	collierjesse@example.net
2461	brownsusan	bortega@example.net
2462	rileylori	suzanneperez@example.com
2463	foxveronica	catherine15@example.net
2464	davisshawn	estradakim@example.net
2465	davidbonilla	morrisdavid@example.org
2466	olewis	tasha28@example.com
2467	christina23	tanya76@example.org
2468	troy64	goldencheryl@example.org
2469	wdawson	amy51@example.com
2470	johnsonsarah	pattonveronica@example.net
2471	stephenpeterson	richardswilliam@example.com
2472	christopherponce	hollycollins@example.com
2473	bensonashlee	juan34@example.com
2474	ariel49	john75@example.net
2475	debbiewhite	connerryan@example.org
2476	lindsay92	brownleah@example.net
2477	knappjames	michaeldavis@example.com
2478	lhammond	hudsondaniel@example.com
2479	cynthiabrooks	peter51@example.net
2480	walterjustin	obowen@example.org
2481	floresmonique	sheila57@example.net
2482	gonzalesscott	smithchristopher@example.net
2483	clarkdonald	julie56@example.org
2484	cole84	gregoryeric@example.com
2485	grayray	seth30@example.com
2486	brian75	brittany47@example.org
2487	davisalison	william29@example.org
2488	hlawson	pcraig@example.net
2489	thomascraig	robertfreeman@example.org
2490	campbelltiffany	kevinspence@example.com
2491	connieprice	qcline@example.org
2492	gregoryscott	zgonzalez@example.org
2493	lisa79	carrie36@example.org
2494	janice12	hortonkaren@example.net
2495	youngdonna	elizabeth03@example.org
2496	longdeborah	tmendez@example.org
2497	ygarcia	michelle52@example.com
2498	davidchambers	ofrazier@example.org
2499	beckychase	kchavez@example.org
2500	coxcindy	dwilliams@example.net
2501	loriflores	jessicamcguire@example.com
2502	christina03	emma31@example.com
2503	zobrien	mariawilson@example.net
2504	derekfrank	kevinschmidt@example.org
2505	nicolephillips	robyndennis@example.org
2506	schwartzsara	lellis@example.com
2507	cassandra53	matthewking@example.net
2508	dustinmendez	lewisluis@example.org
2509	williamskendra	williamssusan@example.net
2510	stephanie53	michaelcarter@example.net
2511	kathleen20	jeremy55@example.com
2512	nicoleatkins	zacharygonzales@example.net
2513	rachelorr	brandonmartinez@example.org
2514	dmata	hjohnson@example.org
2515	wilsonkelsey	obarnett@example.com
2516	kathleenedwards	lucasbrandon@example.com
2517	rachel48	ryan94@example.net
2518	jwatkins	felicia61@example.com
2519	chambersjennifer	rogerlamb@example.net
2520	catherine45	mmoran@example.com
2521	patriciaashley	chess@example.com
2522	ocamacho	susanvaughn@example.org
2523	jeremy75	wyoung@example.net
2524	pbailey	rogerschroeder@example.net
2525	leonmia	smithteresa@example.com
2526	ashley82	edwinsandoval@example.org
2527	hbradford	brittany25@example.net
2528	yodercynthia	hendersonhayden@example.net
2529	hpeterson	briancollier@example.org
2530	gjimenez	juanmorrison@example.com
2531	rgrant	nmiller@example.com
2532	pfrost	morgan40@example.net
2533	marc81	shelby63@example.com
2534	taylorweaver	david31@example.com
2535	adamspence	fobrien@example.org
2536	erica97	marcus36@example.com
2537	jennifer77	rhopkins@example.org
2538	thomassuzanne	david11@example.net
2539	scott08	pamelaevans@example.net
2540	nunezjohn	samuel69@example.net
2541	nthomas	william63@example.com
2542	bennettmichelle	owenscourtney@example.com
2543	robert64	parkerjustin@example.org
2544	kenneth53	sara82@example.net
2545	kthomas	vcruz@example.net
2546	coltonarnold	crystal07@example.net
2547	hollowaythomas	michael45@example.net
2548	nathanzhang	steven65@example.org
2549	richardmcdonald	andersoncarrie@example.org
2550	zvelazquez	thomas03@example.net
2551	websterterri	smithjocelyn@example.com
2552	marymanning	mason30@example.com
2553	tgray	clarson@example.net
2554	phillipslawrence	john60@example.com
2555	nicoleparker	eric51@example.net
2556	palexander	amber09@example.net
2557	mark33	scottlaura@example.org
2558	mcleanbonnie	saraspence@example.com
2559	fleminganthony	linda53@example.com
2560	james59	russell41@example.net
2561	chase14	moyerstephanie@example.com
2562	melissa97	hoovernancy@example.org
2563	melinda96	christine24@example.net
2564	andrea11	justinmartin@example.org
2565	kbyrd	cwelch@example.org
2566	cookrachel	reynoldssherri@example.com
2567	qdawson	sullivantyler@example.org
2568	kristopher70	chasegeorge@example.org
2569	jacob54	smithyvette@example.net
2570	ltrevino	daniel15@example.com
2571	ogarcia	abbottstephen@example.com
2572	samantha08	wallertrevor@example.org
2573	tylerjohnson	ncochran@example.com
2574	hannahodom	john86@example.org
2575	swhitehead	banksallen@example.com
2576	mark44	pryan@example.com
2577	christopher87	georgeruiz@example.net
2578	anthonytodd	ialvarado@example.com
2579	hbarrera	danderson@example.com
2580	dparker	kathleen97@example.net
2581	abarnes	amanda97@example.com
2582	derrick18	hernandezjessica@example.com
2583	hannah71	carlosbrown@example.org
2584	qpaul	hwilson@example.org
2585	tchen	schneidercassandra@example.org
2586	williamsphilip	christopher33@example.net
2587	heather13	garciacynthia@example.com
2588	stephen99	megan12@example.com
2589	kristenolsen	zmiller@example.net
2590	ueverett	floreskara@example.net
2591	michael00	susan09@example.net
2592	aliciamendoza	fernandomolina@example.com
2593	alexanderwebster	dmcclain@example.com
2594	smithchristina	bkemp@example.com
2595	brittanysimmons	jbarber@example.com
2596	gflores	jamesnelson@example.org
2597	megan09	richard42@example.org
2598	williamstiffany	sfoster@example.com
2599	lauren19	robertsjoshua@example.com
2600	ymalone	eromero@example.com
2601	fcox	kimberlysanchez@example.com
2602	npatterson	yvonneali@example.org
2603	nataliephillips	sarajones@example.org
2604	klee	michael76@example.net
2605	phamilton	mitchellchelsey@example.net
2606	sabrina25	lopezjonathan@example.org
2607	johnathan15	pmunoz@example.com
2608	edwardlopez	tyronedavis@example.org
2609	michelle71	charles65@example.net
2610	huntersharon	april38@example.org
2611	pruittmatthew	brownjim@example.net
2612	jimenezcarolyn	woodsusan@example.net
2613	sanchezsean	vtaylor@example.org
2614	crystalreynolds	christophernavarro@example.com
2615	edward35	amanda30@example.net
2616	justin37	xreed@example.com
2617	herreramadeline	larryhiggins@example.org
2618	brettcraig	tmorrison@example.org
2619	tjensen	reginaldpatel@example.com
2620	qsanders	xhoward@example.com
2621	cruztanya	donnajohnson@example.org
2622	foxwilliam	millerdanny@example.com
2623	hjohnson	wesleyhughes@example.org
2624	jerryrhodes	srivers@example.net
2625	dicksonthomas	joshua01@example.org
2626	kevindavidson	pdudley@example.org
2627	dean21	katiegibson@example.net
2628	jared94	james97@example.com
2629	nmejia	vfoley@example.com
2630	ghenry	bradley73@example.net
2631	ann28	katiejensen@example.org
2632	gonzalezcarl	gflores@example.org
2633	ylam	kristen78@example.com
2634	ebennett	jesus79@example.org
2635	msanders	ucain@example.net
2636	krowe	freed@example.com
2637	rwelch	roger27@example.com
2638	danny50	johnsonmichelle@example.com
2639	gina66	bford@example.org
2640	martinezjennifer	shirley16@example.org
2641	wwilson	sandragould@example.org
2642	jennifer36	leeedwin@example.org
2643	cannonrobert	joseph52@example.org
2644	yorkjessica	courtney10@example.org
2645	debbiemendoza	bauermichele@example.com
2646	znixon	bobby93@example.org
2647	cbailey	heather98@example.net
2648	osborneamy	justin69@example.com
2649	paige34	clarkthomas@example.org
2650	buckjason	tthompson@example.org
2651	francodonald	llewis@example.org
2652	ibutler	joshuamckenzie@example.org
2653	ydixon	richard32@example.org
2654	stephaniehill	wendy00@example.com
2655	brucecox	thuerta@example.org
2656	leecourtney	jadeconner@example.com
2657	bensonjoshua	geraldcastro@example.org
2658	jasoncarpenter	sloanrichard@example.org
2659	smithrobert	antonioparker@example.net
2660	jacksonnicole	clarkkevin@example.org
2661	william31	ginaparker@example.org
2662	marie59	collinsemily@example.org
2663	earlharmon	william29@example.net
2664	twalters	carrie58@example.net
2665	nelsonandrea	davidhenry@example.net
2666	udavis	alicia54@example.net
2667	jshelton	qcollins@example.net
2668	gwendolynjenkins	peter97@example.org
2669	josephlee	patelbrittany@example.net
2670	joshua65	cherylterry@example.net
2671	potterdavid	larrybrown@example.com
2672	qmorgan	wandacollins@example.net
2673	tanyaguzman	bmorrow@example.net
2674	christian64	carl01@example.com
2675	tanderson	dmcconnell@example.com
2676	michelletapia	houstonkevin@example.net
2677	karimeza	michelleedwards@example.org
2678	lukevazquez	denise80@example.net
2679	shannon67	ygray@example.com
2680	frivera	andrewboyd@example.org
2681	dgarza	ryanthomas@example.org
2682	mblackburn	amanda47@example.org
2683	jenniferpaul	vbarron@example.com
2684	keith03	melissa15@example.org
2685	adamsnatasha	hicksdiana@example.com
2686	castillotiffany	tmorgan@example.com
2687	elaine61	andersonsarah@example.org
2688	michaelhoffman	nbell@example.net
2689	michaelwillis	hansonelizabeth@example.com
2690	ericksonstephanie	valerie96@example.com
2691	apierce	jessica77@example.org
2692	pattonjohn	michael77@example.net
2693	keith36	obell@example.net
2694	brian44	nmorris@example.com
2695	woodsusan	carrie97@example.com
2696	kristen99	duncanelizabeth@example.net
2697	hwalker	cturner@example.net
2698	walshstephen	hshelton@example.com
2699	christinevazquez	lisa68@example.net
2700	webbwilliam	brandismith@example.com
2701	tschneider	hweaver@example.org
2702	arodriguez	joneskelli@example.org
2703	markwells	amyturner@example.org
2704	mortontaylor	ariaswilliam@example.org
2705	ashley14	perezcheryl@example.net
2706	ryan84	foxronald@example.org
2707	jonesmorgan	kelli99@example.com
2708	thomasmann	brownkathy@example.net
2709	fgray	garciaemily@example.org
2710	ryan53	qlin@example.org
2711	jennifer09	marissa69@example.com
2712	gailphillips	joan97@example.org
2713	castroalyssa	sharonclark@example.org
2714	keithmatthews	vnunez@example.net
2715	angelicaellison	brett20@example.org
2716	wmartinez	wperry@example.org
2717	bairdjames	hnichols@example.org
2718	laura13	rebeccajohnson@example.org
2719	emilytaylor	ylee@example.com
2720	zshah	amandarivera@example.net
2721	clarkkara	jillkelley@example.com
2722	craig88	duncanjon@example.net
2723	mbuchanan	daniel44@example.org
2724	joseph26	codyrivera@example.net
2725	medinavalerie	greenmichelle@example.com
2726	hthompson	kcarpenter@example.net
2727	djones	williamramos@example.org
2728	watsonadam	garcialinda@example.net
2729	madisonallen	josephperez@example.com
2730	sarahjefferson	austinmartinez@example.org
2731	ericjohnson	herrerakevin@example.net
2732	kennedyeric	conniegregory@example.com
2733	williamsmichael	wmcdonald@example.org
2734	lmaldonado	peterchen@example.org
2735	alanmadden	jonathan82@example.com
2736	armstrongmichael	hstout@example.org
2737	carriejames	tiffany05@example.com
2738	zcolon	cartermichele@example.org
2739	maymary	smithclifford@example.net
2740	harperethan	frank66@example.com
2741	cameronrodriguez	matthewwebb@example.org
2742	shawn27	carolparker@example.org
2743	lmontoya	scott03@example.net
2744	hbender	jamesmccullough@example.org
2745	williamsjames	ochoatimothy@example.org
2746	edickerson	heather00@example.org
2747	ugalloway	jillianbaker@example.org
2748	garciapeter	amandaroth@example.org
2749	deborah06	mark35@example.com
2750	yhicks	foleyalicia@example.com
2751	tina91	brooke95@example.com
2752	cynthiasmith	pgould@example.org
2753	tyler91	dominguezanna@example.org
2754	hernandezjessica	zbrown@example.com
2755	mullensheila	nicolelee@example.net
2756	hhughes	nmccarthy@example.org
2757	christine22	kendrabrooks@example.com
2758	xvelazquez	urodriguez@example.org
2759	pereztaylor	vwise@example.net
2760	dawnrandall	ologan@example.net
2761	burnettstephen	sandra37@example.com
2762	williamschristina	matthew06@example.net
2763	kristybaird	pwilson@example.net
2764	grantmatthew	schaeferjordan@example.com
2765	joshua17	cunninghamtheresa@example.org
2766	kellis	amylee@example.com
2767	elliottjoshua	tcarrillo@example.com
2768	paulcharles	tmcmillan@example.net
2769	kevinsandoval	elizabeth31@example.org
2770	sara93	brett31@example.net
2771	gjohnson	xmckay@example.net
2772	hmoore	april89@example.org
2773	robertsshannon	pramirez@example.org
2774	bbeasley	dsanders@example.net
2775	wwang	joseph12@example.net
2776	sean88	uwells@example.com
2777	juarezjill	mskinner@example.com
2778	debbie90	vjacobs@example.net
2779	bryanwalker	kchristian@example.org
2780	montgomerylori	martincynthia@example.org
2781	josereed	coxlindsay@example.com
2782	sandrarodriguez	jmarshall@example.net
2783	porterrebecca	jonesphyllis@example.org
2784	savannahmiller	sheppardjason@example.net
2785	clarkdustin	santiagobrett@example.org
2786	westamber	lmcconnell@example.com
2787	pbecker	robinbarton@example.net
2788	qkhan	timothygibbs@example.net
2789	ruizalex	vgarrett@example.com
2790	hwade	salexander@example.net
2791	tammyramirez	mfoster@example.net
2792	fvega	kelly99@example.org
2793	cassandrahancock	eowens@example.com
2794	meganmurray	christian59@example.com
2795	sherrylewis	lucasanna@example.org
2796	kim54	christianday@example.org
2797	lwright	susan08@example.net
2798	madison83	usmith@example.org
2799	jennifer80	kimberly16@example.net
2800	davidnelson	kathleenbrown@example.net
2801	staffordpamela	greersteven@example.com
2802	zacharylewis	xbowman@example.org
2803	ehowell	penajared@example.org
2804	stewartjessica	lamerin@example.org
2805	woodardalicia	nicholas18@example.com
2806	williamskylie	modonnell@example.com
2807	hulllarry	msmith@example.com
2808	brandoncollins	bradvasquez@example.com
2809	emily20	joannevincent@example.org
2810	adamhowell	andrewclark@example.org
2811	simpsondavid	hartmichael@example.org
2812	amykelley	shannon77@example.org
2813	burtonstephen	yanderson@example.net
2814	tturner	smithanthony@example.net
2815	elizabethhunt	zgreene@example.com
2816	allisonparker	gonzalescrystal@example.com
2817	kphillips	gmatthews@example.com
2818	wolfeandrea	teresajohnson@example.com
2819	fberry	brian90@example.org
2820	connie39	makayla81@example.com
2821	herringrussell	sheilahardy@example.org
2822	nweaver	rgill@example.net
2823	dawn20	nicolehaynes@example.net
2824	lanemelissa	nicholas43@example.com
2825	mark08	amy70@example.com
2826	william08	johnsnyder@example.net
2827	michaelaglenn	moondanielle@example.com
2828	ehughes	phicks@example.com
2829	fpatterson	smithjacob@example.net
2830	kevinmaldonado	gwebb@example.com
2831	nicole44	zperkins@example.net
2832	elizabethcooper	charlotterobles@example.com
2833	arnoldjasmin	foxashley@example.net
2834	allenpaula	christinewise@example.net
2835	kevinbrown	kristie42@example.net
2836	qlloyd	linda63@example.org
2837	josephbarnes	duncanlisa@example.net
2838	ywells	cruzkyle@example.net
2839	matthewcunningham	fstone@example.net
2840	tina87	charlotte98@example.com
2841	vholloway	kmullen@example.net
2842	anthony90	kristinbishop@example.net
2843	xjefferson	laurenbest@example.com
2844	derrick41	martinlauren@example.net
2845	kelleyroberta	isherman@example.net
2846	lindsaycooper	mjackson@example.org
2847	reedashley	millercharles@example.net
2848	leroy36	daniel37@example.net
2849	angelicasullivan	emily45@example.org
2850	ywhite	svelasquez@example.com
2851	kerrdylan	mmcintosh@example.com
2852	xalexander	frivera@example.net
2853	morgancarlson	briggslaura@example.com
2854	rachaeldudley	macosta@example.org
2855	jillrobinson	carolynknapp@example.com
2856	susan61	alanfrank@example.net
2857	ashleyscott	nicholsonandrew@example.org
2858	brittany70	claytonsean@example.net
2859	teresa22	bwilkins@example.net
2860	csmith	ericevans@example.net
2861	xanthony	daniellepoole@example.net
2862	seankim	halvarado@example.org
2863	ryan73	johnevans@example.net
2864	torresmitchell	rjohnson@example.net
2865	emma40	smithgregory@example.net
2866	janet18	blacklinda@example.net
2867	gcook	floresmichael@example.net
2868	linda20	donna43@example.org
2869	wtran	catherinereyes@example.net
2870	alison20	donnabutler@example.com
2871	kimberly84	pweaver@example.org
2872	helen40	mccalltimothy@example.net
2873	adamsdavid	stephen71@example.org
2874	colontodd	hernandezellen@example.com
2875	jordancharles	sean35@example.org
2876	pshelton	joshua08@example.net
2877	elizabeth29	wblack@example.net
2878	nathansmith	fgreen@example.net
2879	lowechristopher	toni05@example.net
2880	enelson	taylormario@example.org
2881	traceynorman	rodriguezsharon@example.net
2882	wongdakota	nicolas24@example.net
2883	swilliams	maxwellmegan@example.net
2884	stewartchristopher	evan61@example.com
2885	christine25	agiles@example.org
2886	vgood	cynthiamendoza@example.net
2887	wmartin	gonzalescarolyn@example.com
2888	justin35	belllucas@example.net
2889	hammondbrad	rebecca78@example.org
2890	emily95	andersonpatrick@example.org
2891	douglasdoyle	ramosdeanna@example.org
2892	ralexander	qrich@example.net
2893	shannon37	adamsmith@example.com
2894	edwardsmegan	ravery@example.org
2895	darryltaylor	dicksoncandace@example.net
2896	kennethmartinez	megan43@example.com
2897	craighall	danielgarcia@example.com
2898	wallacelauren	tracykane@example.com
2899	lambertmargaret	jeffmiller@example.org
2900	fharvey	qhorne@example.com
2901	ryan70	hayneseric@example.com
2902	makayla53	archerkristen@example.com
2903	murrayashley	autumn63@example.net
2904	jennifer81	jacksonolivia@example.com
2905	mejiaapril	ibell@example.com
2906	sarah26	vmcdonald@example.com
2907	johnsonedward	karina71@example.net
2908	jessicagonzalez	allison37@example.com
2909	ybradshaw	carlos50@example.net
2910	timothy35	rodney36@example.net
2911	ufields	montgomeryjoshua@example.com
2912	alexander66	coopermichael@example.net
2913	charles99	turnersamantha@example.org
2914	kimberly75	cthomas@example.com
2915	achavez	elizabeth15@example.net
2916	pbrooks	riley32@example.net
2917	terrelldavid	yguzman@example.net
2918	yespinoza	jonesalyssa@example.org
2919	andreareynolds	whood@example.com
2920	edwardmoreno	bcruz@example.com
2921	wbrewer	davidmay@example.net
2922	sarah12	monicahooper@example.com
2923	lisa50	marshalltimothy@example.com
2924	joseph04	zachary11@example.com
2925	velasquezscott	xjones@example.org
2926	daniellechang	upitts@example.org
2927	sean54	ryangutierrez@example.com
2928	sclark	josephwilliams@example.com
2929	josegallegos	wilsonroy@example.org
2930	brandon28	teresaherman@example.net
2931	lopezpeter	jamesbonnie@example.net
2932	hollandarthur	ruthphillips@example.net
2933	vduncan	fdeleon@example.org
2934	mrobbins	ryan52@example.com
2935	cdyer	sjennings@example.com
2936	hadams	mark88@example.org
2937	sporter	mholmes@example.net
2938	peggy41	ryanbryant@example.org
2939	franciscomitchell	wardamanda@example.org
2940	mollyacosta	mckenziekendra@example.org
2941	michaellowe	heather67@example.net
2942	tylerarmstrong	cannonjeffrey@example.net
2943	nward	cherylmorrow@example.org
2944	jeremy80	ynelson@example.org
2945	johnsonbrooke	michelle34@example.com
2946	zyoung	james83@example.net
2947	vgonzales	salashector@example.net
2948	vbooth	vcox@example.org
2949	alexispetersen	ogarza@example.com
2950	ortizkayla	millerjames@example.net
2951	franklinkatie	daniel96@example.net
2952	garciakeith	gmorgan@example.com
2953	sharon15	williamsethan@example.org
2954	bradleygardner	jason05@example.net
2955	npalmer	jonesomar@example.org
2956	freylarry	mcgrathlaura@example.net
2957	millerkatherine	jscott@example.org
2958	simonbrent	garciadaniel@example.org
2959	omarquez	jenkinsalyssa@example.com
2960	dennisnovak	brent08@example.org
2961	taylorreyes	davidhayes@example.org
2962	robinsongabriel	clarkmichael@example.org
2963	brenda14	simpsonjennifer@example.org
2964	qfuller	brittneyluna@example.com
2965	wongchristine	monica98@example.com
2966	abrown	hicksjohn@example.org
2967	mark63	bakerhannah@example.com
2968	douglas53	kelly20@example.com
2969	ronnieschroeder	pwright@example.org
2970	belinda71	jeffreyhoward@example.org
2971	ygibson	caldwellkenneth@example.org
2972	aterry	williamstanley@example.net
2973	sarah56	marydecker@example.org
2974	whitney52	jameseric@example.org
2975	jenkinsshannon	carla59@example.org
2976	markblair	martinezdavid@example.net
2977	angelica32	wattsrobert@example.com
2978	batesjacob	lisa89@example.com
2979	seanjackson	jakesullivan@example.net
2980	xbradley	victorcolon@example.org
2981	berrymichelle	bowenruth@example.com
2982	qrogers	jonespenny@example.net
2983	lferguson	martinjamie@example.com
2984	christensenbethany	adam44@example.org
2985	upalmer	dcarrillo@example.net
2986	derek65	ssmith@example.net
2987	ashley34	richardburke@example.org
2988	camposruth	william44@example.com
2989	rmorgan	hwilson@example.com
2990	rayemma	kyle69@example.org
2991	mullinsfrances	andersonmelissa@example.org
2992	briannaallen	ostevens@example.com
2993	dawsonlisa	joshuawilliams@example.org
2994	lynn99	stacey67@example.org
2995	tgeorge	heidibaker@example.net
2996	ashleydavis	hartmanjohn@example.com
2997	tuckersherry	yorkmichelle@example.net
2998	qreed	joannebarnes@example.com
2999	barrerawilliam	alyssahahn@example.net
3000	smithrachael	daniel33@example.net
3001	smithmary	ellisryan@example.org
3002	joseph46	lbaker@example.net
3003	thomashamilton	amy64@example.com
3004	sandraluna	xmurphy@example.org
3005	ahanna	xfleming@example.net
3006	barnettscott	dcollins@example.net
3007	garnerkerry	shawnhall@example.org
3008	eholmes	daniel60@example.net
3009	saunderswilliam	blackwellchristine@example.org
3010	marquezdominic	andersonemily@example.org
3011	smithamanda	idouglas@example.org
3012	brianna11	briannaberger@example.org
3013	hectorcooper	aaronskinner@example.org
3014	chelseamiller	mclark@example.com
3015	michelle43	margaretburns@example.com
3016	stanleymichelle	zevans@example.net
3017	acampbell	nicholssherri@example.com
3018	rebecca78	bryanlynn@example.net
3019	zamoradarryl	wrandall@example.org
3020	torreswendy	gina35@example.net
3021	qgarrett	wareronnie@example.net
3022	sanderson	jeffreyhunter@example.com
3023	millercody	steve23@example.org
3024	michael84	ladams@example.org
3025	hortonphilip	billy55@example.org
3026	andrea68	drewhayes@example.net
3027	bradley06	kenneth46@example.org
3028	omar51	kellyclark@example.net
3029	jill41	whitneymoore@example.org
3030	zrubio	robertsleslie@example.org
3031	steven87	leonard06@example.com
3032	nathaniellynch	amberleonard@example.com
3033	wdorsey	ihaney@example.org
3034	tom87	fbailey@example.net
3035	huynhrachel	havila@example.net
3036	murphyrichard	sfreeman@example.com
3037	greenjose	mark80@example.org
3038	kathygriffin	brownmichael@example.net
3039	michaelrosales	christophermitchell@example.net
3040	william17	tmaddox@example.net
3041	colleenlee	markgordon@example.net
3042	hgreen	christophervega@example.org
3043	nancy07	crystal27@example.net
3044	dylan38	nross@example.net
3045	frederick76	sthomas@example.com
3046	carlbaker	toddtran@example.net
3047	hudsonemma	christinecollins@example.com
3048	nicholas29	nathanrussell@example.com
3049	sallymarshall	jerrymcdonald@example.com
3050	elizabethadams	whiteaaron@example.com
3051	hayesmonica	kathryn13@example.org
3052	josephflynn	lauren72@example.com
3053	sarahstout	jochoa@example.net
3054	travisnorman	michaelsmith@example.org
3055	lee38	daniel28@example.org
3056	barbaracarpenter	vbeltran@example.com
3057	elizabeth83	thomas50@example.net
3058	bryan14	davidfernandez@example.com
3059	zholt	dthompson@example.org
3060	vshort	ygarcia@example.org
3061	zwall	esummers@example.org
3062	phillipsbrittany	marie17@example.net
3063	amanda11	codysmith@example.net
3064	tmolina	stokesfrederick@example.org
3065	sjennings	weberbrian@example.com
3066	michael80	andrew72@example.org
3067	reedtonya	danielwood@example.net
3068	davidsonstuart	oscarwalker@example.com
3069	utaylor	robertsonmichael@example.net
3070	lori47	matthewscott@example.com
3071	sross	mpotter@example.com
3072	dmcintyre	david01@example.com
3073	msanchez	andrew32@example.net
3074	pattersonabigail	wsnyder@example.com
3075	justin95	bradleyjoseph@example.com
3076	joshuaweeks	albert18@example.org
3077	ncharles	hjacobs@example.com
3078	ggonzalez	david62@example.org
3079	joannbrown	bradleysamuel@example.com
3080	jacqueline61	garrettedwards@example.net
3081	brian62	newtonann@example.org
3082	lynnricky	karengarcia@example.org
3083	ericatkinson	shannoncompton@example.org
3084	hollandmatthew	brandonbentley@example.org
3085	linda89	xpadilla@example.com
3086	tranheather	jeremyarroyo@example.com
3087	valerieoliver	lopeztravis@example.com
3088	garnereric	holtsierra@example.org
3089	ballarddiana	wayne67@example.org
3090	ariana56	zbrown@example.org
3091	afernandez	wesleyrodgers@example.org
3092	donald18	fhernandez@example.org
3093	bryan22	blakeamber@example.net
3094	hendersonadam	tammy91@example.com
3095	fduncan	david39@example.com
3096	mhill	dereklin@example.org
3097	troman	jennifer23@example.org
3098	darlene39	aliciaoconnor@example.net
3099	edwardgoodman	nicholaskirby@example.com
3100	fritzalexandra	cjones@example.net
3101	batesjeffrey	obriendouglas@example.com
3102	william25	stevensbrittany@example.com
3103	nsmith	michaelfields@example.com
3104	laurenmartin	randywhite@example.net
3105	brittany06	rallen@example.com
3106	jonessean	judith45@example.com
3107	coxcarla	john37@example.org
3108	sabrinamyers	jason44@example.org
3109	taylor18	xholloway@example.net
3110	cynthiamarks	donaldeverett@example.org
3111	fturner	michaelmorris@example.org
3112	tanyamarquez	brownjoshua@example.org
3113	nwade	mromero@example.org
3114	ryananderson	qbarry@example.org
3115	lindadavis	njohnson@example.org
3116	yward	victormurillo@example.com
3117	danielle37	jguzman@example.net
3118	mooreemily	acarpenter@example.net
3119	phyllismullins	danielwilson@example.com
3120	lucasanna	danielpark@example.com
3121	ofrazier	collin42@example.net
3122	cwade	grahamluis@example.net
3123	tiffanyperez	deborah62@example.com
3124	johnsonedwin	barnesmorgan@example.org
3125	robert11	susanwoods@example.org
3126	michaelharrell	jimjohnson@example.com
3127	nhorton	karen64@example.org
3128	roy23	usanders@example.net
3129	manuelgraham	uvillanueva@example.org
3130	owallace	pamela47@example.net
3131	davidsanchez	jeremy71@example.net
3132	stricklandsarah	zpowell@example.com
3133	valerie15	bobby66@example.net
3134	justinjuarez	david84@example.org
3135	parkscasey	downscarrie@example.net
3136	andrewmccarthy	anita38@example.org
3137	dorothywilliams	williamhamilton@example.net
3138	smanning	cturner@example.com
3139	thompsonelizabeth	amanda58@example.org
3140	madisonhughes	amanda54@example.com
3141	lindseyjonathan	moonmelissa@example.com
3142	theresa57	dsmith@example.net
3143	scowan	benjamin75@example.com
3144	cummingsscott	downsmonica@example.com
3145	buckleyangela	jbaker@example.org
3146	knightbradley	daviskelly@example.net
3147	kyle10	chenderson@example.org
3148	mccarthytommy	stanley11@example.com
3149	ashleysilva	stephanie75@example.org
3150	alexisjohnson	michaela70@example.net
3151	silvacarolyn	christopher59@example.com
3152	amberbrown	waynesmith@example.com
3153	christy02	ricky49@example.com
3154	mclaughlinrandall	andersonjennifer@example.org
3155	matthewlambert	bryanromero@example.net
3156	manningjacob	faithsanchez@example.com
3157	andrewbaxter	donaldellison@example.com
3158	torreslacey	paigelara@example.net
3159	cstrong	michaelduncan@example.com
3160	krystalford	christopher68@example.org
3161	youngjackie	cjames@example.net
3162	smithmeghan	michael00@example.net
3163	elizabethcooley	ginabaker@example.org
3164	jeremydiaz	angelanixon@example.org
3165	michele35	emilyestrada@example.org
3166	hpayne	randyhernandez@example.com
3167	bmays	dianeneal@example.com
3168	staffordjennifer	ashley34@example.org
3169	csaunders	pwilliams@example.org
3170	xarmstrong	akemp@example.net
3171	lcalderon	brooke59@example.net
3172	courtney83	craigbridget@example.com
3173	adrianjones	stevenlong@example.net
3174	kyle33	michael80@example.com
3175	margaretdelgado	qking@example.org
3176	mirandabrian	iweaver@example.org
3177	masonjordan	jedwards@example.net
3178	noahfarley	cruzrichard@example.net
3179	ian70	dominguezmarvin@example.net
3180	anthonyswanson	richarddiaz@example.com
3181	michael31	taylorjeffrey@example.net
3182	jacob50	kathleen48@example.org
3183	anthonyharris	jason69@example.org
3184	bcox	rebeccaromero@example.com
3185	maynardkimberly	quinnkevin@example.net
3186	jennifercastro	stevenwebb@example.net
3187	john86	ogonzalez@example.org
3188	valenzuelachristine	peterrussell@example.net
3189	jillian88	reedrose@example.net
3190	trevor31	bradley80@example.org
3191	aaronfoster	brooke49@example.net
3192	obarnett	kimberly45@example.org
3193	grantsusan	michael16@example.com
3194	stonerebecca	shannon53@example.org
3195	wrobles	nolanheather@example.net
3196	collierevelyn	smithnatalie@example.com
3197	leejennifer	samueljackson@example.org
3198	sylvia44	gilesshelley@example.org
3199	sharon25	emoore@example.org
3200	uharvey	pmason@example.net
3201	brownleslie	harringtonchristina@example.net
3202	nicoletanner	miranda84@example.com
3203	joneskim	reiddiane@example.com
3204	mikayla26	dmontgomery@example.org
3205	colleen70	davisteresa@example.net
3206	george03	psims@example.com
3207	cynthia47	halldustin@example.org
3208	ashleygibson	griffinmegan@example.net
3209	brian39	robertwilson@example.net
3210	rosetaylor	tinahale@example.net
3211	jenkinsmichael	leerobert@example.net
3212	dylan03	vwallace@example.com
3213	raymondkim	angelramirez@example.net
3214	philip89	brittany55@example.net
3215	vickigutierrez	colondeborah@example.org
3216	lucas87	rodriguezjeremy@example.net
3217	izuniga	morganfrederick@example.com
3218	brian19	cperkins@example.org
3219	rushcolin	richardedwards@example.net
3220	morgan15	edwardstroy@example.net
3221	samantha26	stevenmcguire@example.net
3222	ashleycollier	philip32@example.org
3223	youngjoel	davismelvin@example.com
3224	ytaylor	dandersen@example.com
3225	grace55	katrinabell@example.com
3226	evan63	mitchell59@example.org
3227	jacquelinehall	abigail39@example.net
3228	kathrynbeltran	fpittman@example.net
3229	youngdanielle	robert43@example.org
3230	heatherzavala	oduncan@example.net
3231	christina19	michaelmoore@example.org
3232	okrueger	pittmanjacqueline@example.org
3233	douglasdavis	stephen16@example.net
3234	yoderelizabeth	gerald89@example.org
3235	john76	rachel15@example.org
3236	qhester	kim81@example.com
3237	smithmichael	hillmichael@example.org
3238	darrenschneider	tyler49@example.net
3239	gillsusan	melissa01@example.com
3240	michaelanderson	suzanne92@example.com
3241	tamaramccormick	jasonfranklin@example.com
3242	schroedercarrie	brianruiz@example.org
3243	ashleyrodriguez	matthewsjoshua@example.net
3244	april31	tburns@example.net
3245	smithmackenzie	cbrown@example.org
3246	vwilson	hayleywagner@example.org
3247	amystone	hernandezjames@example.com
3248	gmartinez	michael92@example.com
3249	maciasjason	lucascortez@example.net
3250	vpitts	bridgestheresa@example.com
3251	meganbrown	kristinebright@example.com
3252	bmatthews	bensonmegan@example.org
3253	omorgan	torrescody@example.org
3254	randyduncan	dawn27@example.net
3255	angela97	katherinelove@example.org
3256	prestonalexander	hparks@example.net
3257	davidmiller	rshaw@example.com
3258	jennifer95	robincabrera@example.org
3259	kelly10	ryanernest@example.org
3260	bguzman	diane08@example.org
3261	ricejacob	websterteresa@example.com
3262	alexanderjohn	awilcox@example.org
3263	srodriguez	vsanders@example.com
3264	david64	markowens@example.org
3265	hudsonbrian	zwalker@example.com
3266	wwoods	craig95@example.net
3267	samuel29	jjohnson@example.com
3268	austinshari	richard58@example.org
3269	tnash	connoradams@example.net
3270	gerald44	bmaxwell@example.com
3271	parkerangela	gonzalezmonica@example.com
3272	tina55	gibsongloria@example.com
3273	adamsanita	pnunez@example.com
3274	lucasgabrielle	davidhill@example.org
3275	johnadams	owennicholas@example.net
3276	richardgilbert	christianboyd@example.org
3277	christopher91	jbarker@example.com
3278	rebeccasexton	jenniferhall@example.net
3279	mpollard	stevenroberts@example.com
3280	atkinsonbriana	smithryan@example.com
3281	tmcintosh	justingarcia@example.net
3282	zchavez	hking@example.com
3283	wcooper	shannon60@example.org
3284	fnavarro	pattersonbrian@example.com
3285	christina81	iwallace@example.com
3286	qharper	jessica53@example.com
3287	blackwelltimothy	zamorakenneth@example.net
3288	andrew96	dwhite@example.net
3289	jordan09	armstrongkyle@example.org
3290	wadeanne	christopherrodriguez@example.net
3291	caldwellruben	tyler69@example.com
3292	knelson	wsteele@example.org
3293	sharon58	fisherdale@example.com
3294	donaldstrong	gobrien@example.org
3295	mendozarandall	bushpaige@example.com
3296	carolyn74	collinsdeborah@example.org
3297	rduke	andrew89@example.net
3298	breanna13	annadyer@example.net
3299	martinjohn	ashley36@example.org
3300	tinawelch	john09@example.org
3301	katherine95	greed@example.org
3302	lewiskelly	xjacobs@example.com
3303	amy69	yoderpatrick@example.org
3304	kwilcox	jeffreyhernandez@example.org
3305	jasongarcia	carlwilliams@example.com
3306	patrick22	angelasellers@example.com
3307	griffinrandall	ayoung@example.com
3308	lauren27	roachlinda@example.com
3309	pauledwards	delacruznancy@example.org
3310	gonzalezjohn	odrake@example.org
3311	yjimenez	jamesvega@example.com
3312	steven33	monica21@example.org
3313	howardjeremy	michael94@example.com
3314	christophergraham	singletonjacob@example.net
3315	arthurtate	sarah68@example.net
3316	michael17	xhorton@example.net
3317	bruce40	kpetty@example.com
3318	meganrose	josephwilliams@example.org
3319	reevesisabella	matthew31@example.net
3320	tiffany06	rbarnes@example.org
3321	lnewton	amy66@example.net
3322	jamesmartinez	vayers@example.org
3323	larrysummers	tammie93@example.org
3324	ojarvis	wilsonbrian@example.com
3325	tgriffin	christophernguyen@example.org
3326	daniellebailey	ydougherty@example.org
3327	xwalker	barnettrichard@example.org
3328	opace	michaelreed@example.net
3329	toddsantiago	teresazhang@example.net
3330	trevinosarah	patrick91@example.com
3331	sydney81	jessicasmith@example.net
3332	michealchandler	uwilliams@example.net
3333	bharrell	prattcharles@example.com
3334	ricesarah	michael88@example.net
3335	caitlinsmith	amber03@example.org
3336	shannonberry	millerlori@example.net
3337	pbrown	mark89@example.org
3338	lopezpatrick	leelee@example.org
3339	edwin64	nicholas76@example.net
3340	robertsonsophia	michael63@example.com
3341	walkerphilip	kayladuran@example.net
3342	kwilliams	jonesrobert@example.com
3343	kristen07	faithwright@example.net
3344	crystal10	bakerjohn@example.com
3345	randolphrenee	danielswendy@example.org
3346	morganalicia	karina20@example.com
3347	morganmatthew	ggarcia@example.net
3348	jeffreymason	washingtondavid@example.org
3349	pcummings	michaelsmith@example.net
3350	yodersteve	hendersontracy@example.net
3351	kestrada	ldodson@example.com
3352	omitchell	dennisbrown@example.com
3353	nrobinson	kwood@example.com
3354	burtonpatricia	jesus26@example.com
3355	taylortyler	bethnielsen@example.com
3356	perezlori	edwardmacdonald@example.com
3357	jennifergeorge	russell10@example.net
3358	ipena	andreahartman@example.net
3359	twilson	rcook@example.org
3360	mark43	davidsmith@example.net
3361	webbshannon	emily20@example.net
3362	michelleburnett	cynthiamaxwell@example.com
3363	danielsbrittany	travis65@example.org
3364	harristabitha	barbara75@example.net
3365	xscott	jason26@example.com
3366	vmartin	qpotts@example.com
3367	mariajames	gwatson@example.net
3368	jason08	alexandria19@example.org
3369	heatherwhite	jpalmer@example.com
3370	walkerandrea	lisa75@example.net
3371	jonesleonard	catherine53@example.org
3372	fletcherfelicia	zamorastephanie@example.org
3373	acox	vreynolds@example.com
3374	william69	anitawalker@example.com
3375	xchavez	joshua27@example.net
3376	fbeck	jacksonjason@example.com
3377	hjones	terrance33@example.net
3378	urodriguez	brenda90@example.com
3379	oromero	todd66@example.org
3380	alicialynch	jenniferwatson@example.com
3381	darrell27	zachary34@example.com
3382	yking	kenneth59@example.com
3383	vwilliams	rodriguezbrian@example.net
3384	corey36	adamdavis@example.net
3385	gouldalexandra	zachary80@example.net
3386	danielreyes	traci40@example.com
3387	xkim	jeanmccann@example.com
3388	laura63	amy80@example.com
3389	garrettrebecca	connor05@example.net
3390	richlawrence	chayes@example.org
3391	kelleymatthew	dperez@example.net
3392	john93	beltranlaura@example.org
3393	brad56	joyceann@example.net
3394	hughesnicole	yjenkins@example.com
3395	brandy53	nduffy@example.org
3396	chencarolyn	madison38@example.org
3397	leslie84	krystalavery@example.com
3398	daniel39	riveraapril@example.com
3399	foxjim	williambrock@example.com
3400	jamestaylor	belljennifer@example.com
3401	reneehobbs	christina21@example.net
3402	amandaweaver	sanchezrichard@example.com
3403	inorman	kforbes@example.com
3404	jessebailey	srichardson@example.net
3405	ynorris	mbrown@example.org
3406	whiteheaddiana	justin71@example.net
3407	rrobinson	april42@example.org
3408	nguyenkeith	mosleycharles@example.com
3409	higginsrobert	danielle50@example.org
3410	gcampbell	beckyjones@example.com
3411	stephanieyang	patricia27@example.org
3412	diazmaria	russellmegan@example.com
3413	duncankelly	thomas16@example.net
3414	wendy25	andrew11@example.com
3415	cbrooks	rodriguezsarah@example.com
3416	taylorramirez	harrisondustin@example.org
3417	kristenortiz	allison72@example.org
3418	richardeaton	mauricehaney@example.org
3419	barnesyolanda	fcollins@example.org
3420	cordovajessica	sharon12@example.org
3421	nichole06	alyssawilliamson@example.net
3422	carlaross	barnettrandy@example.net
3423	lmanning	isaac08@example.com
3424	jacob73	nicholasprice@example.com
3425	brianna33	melissahenderson@example.net
3426	oconnorrachael	deborah99@example.net
3427	colin52	martintrevor@example.org
3428	petersenjames	ylogan@example.net
3429	amy32	bushrichard@example.org
3430	dunnsonya	ajohnson@example.org
3431	hmatthews	meganmitchell@example.net
3432	cranebrandon	riverakimberly@example.com
3433	larry65	parker29@example.com
3434	jhenderson	bowmantimothy@example.net
3435	williamskayla	mariamunoz@example.net
3436	samantha97	mendozaivan@example.com
3437	stephaniemcbride	brownkatie@example.com
3438	charles10	larryreeves@example.com
3439	angela15	jeffreyvega@example.org
3440	susangreen	qmcdaniel@example.net
3441	reesechristine	santiagomargaret@example.org
3442	hfischer	scott97@example.net
3443	johnbrown	hgriffin@example.org
3444	vanessa97	jeffrey28@example.org
3445	veronicawilliamson	michael41@example.com
3446	priceterri	raymondarmstrong@example.org
3447	chavezdeborah	carolmichael@example.com
3448	richard38	megancooper@example.org
3449	richard02	hernandezkatherine@example.org
3450	conniegilbert	wedwards@example.org
3451	marcusrivas	samanthamccarthy@example.net
3452	carterbradley	kathy71@example.com
3453	martinjennifer	robertsimpson@example.org
3454	heatheranderson	linda68@example.org
3455	carol00	jchen@example.com
3456	kbaker	baileytonya@example.com
3457	david06	tyler48@example.net
3458	jamesaguilar	williamvaughn@example.org
3459	bchavez	dglenn@example.org
3460	davidpowell	staffordmartin@example.com
3461	mario74	meghan52@example.com
3462	jenkinsrobert	ericabeard@example.org
3463	taylortimothy	lhall@example.com
3464	huangtyler	garrettlogan@example.net
3465	lrobinson	jesse36@example.com
3466	mosscolleen	zclark@example.org
3467	isellers	mross@example.org
3468	warnerteresa	jamiejackson@example.net
3469	michealmcbride	tlee@example.net
3470	garnerbrandy	thomasmullins@example.com
3471	parksamy	williamschristopher@example.org
3472	qsanchez	morrisonnatalie@example.org
3473	erikagordon	robert89@example.net
3474	ethomas	jonesnicole@example.org
3475	jscott	sarah09@example.com
3476	william41	darryl02@example.net
3477	qmills	wsmith@example.org
3478	ronniemurphy	gregory51@example.org
3479	gardnervirginia	ashleygarza@example.com
3480	danielvelazquez	tiffanymoyer@example.com
3481	jessica54	smithgarrett@example.com
3482	jessica70	adam53@example.com
3483	hectormonroe	paulnelson@example.net
3484	cynthiajohnson	john74@example.org
3485	reynoldsmary	kthomas@example.com
3486	kellybird	webertina@example.com
3487	cnelson	sarah48@example.net
3488	kimberly81	anthony80@example.org
3489	ashley66	jbenton@example.org
3490	matthew89	sawyerspencer@example.org
3491	donaldcampbell	matthewpace@example.net
3492	victoria65	james81@example.net
3493	michael76	johnsonamanda@example.org
3494	paul65	gabriel29@example.com
3495	williamslucas	hallbrad@example.com
3496	huertasamantha	anngreen@example.org
3497	ibanks	monicariley@example.com
3498	sharonhernandez	rvelasquez@example.net
3499	cindyrobinson	josephdickerson@example.com
3500	iwilson	wendy73@example.com
3501	harrisbridget	moralesbrandon@example.org
3502	paul14	derekmoore@example.net
3503	hunterjustin	stanley19@example.com
3504	sarahlawson	shannonshaffer@example.net
3505	kevin59	gregory28@example.org
3506	scottjenkins	jessica61@example.org
3507	dduran	waltonalbert@example.org
3508	jimenezkimberly	tporter@example.com
3509	youngsteven	vmarks@example.org
3510	smithshannon	campbellkenneth@example.org
3511	princeronald	troyrobinson@example.org
3512	xcoleman	vazquezjose@example.org
3513	jasonmills	charles62@example.com
3514	kelleymarc	hermanjonathan@example.com
3515	burkeadrian	dereklewis@example.net
3516	vgreen	ashleymartin@example.org
3517	coxerica	fwang@example.com
3518	hbrown	robinsonjason@example.com
3519	kgraves	apeterson@example.org
3520	francisco99	gonzalezamanda@example.net
3521	bartonelizabeth	nolanrachel@example.com
3522	cassandrajones	gjohnson@example.com
3523	albertzuniga	amandaprice@example.org
3524	jessicamitchell	michaelkim@example.com
3525	xbates	pierceamanda@example.com
3526	sandra55	ncampbell@example.org
3527	jonathan59	amanda24@example.net
3528	sierrasingleton	james04@example.com
3529	dustin23	susan29@example.org
3530	jacksonchris	pattonamanda@example.net
3531	jessicawheeler	fhardy@example.com
3532	jason62	alexandra36@example.com
3533	coltoncruz	chris96@example.net
3534	omay	jalexander@example.org
3535	jesse99	staffordjoanna@example.net
3536	sjones	christie99@example.org
3537	robert49	debrarosales@example.com
3538	angelabeltran	mwalker@example.org
3539	kristin93	daniel01@example.net
3540	jessemaxwell	lori25@example.org
3541	fmurray	ortizmisty@example.net
3542	richardbrooks	gdavis@example.net
3543	clintonthomas	david35@example.com
3544	jessica57	mannkatie@example.com
3545	marcus06	bryan69@example.net
3546	rasmussenkari	rherrera@example.org
3547	awise	lwade@example.net
3548	silvalorraine	jhaynes@example.com
3549	eyork	martin41@example.net
3550	kstevens	eddiemorrison@example.com
3551	andrea02	eflores@example.com
3552	anthonynguyen	angela08@example.net
3553	joyce00	michelle89@example.net
3554	tracycarey	blackburnryan@example.net
3555	barronmichelle	natashaanderson@example.com
3556	andrea73	michaelhill@example.net
3557	cbaxter	monique48@example.com
3558	tina22	meyerdavid@example.org
3559	coryjones	kelsey15@example.net
3560	nschmidt	irogers@example.com
3561	brendamartinez	wilsonaustin@example.org
3562	wphillips	amandacook@example.net
3563	chandlermandy	garnerstephanie@example.com
3564	kingsheri	arnoldamanda@example.com
3565	mgreen	ehenry@example.org
3566	jessicarussell	erikabrown@example.net
3567	rebecca38	gonzalesrussell@example.net
3568	kimberlymason	samanthakirby@example.net
3569	acostagary	hullpatricia@example.net
3570	kenneth31	lynnaustin@example.net
3571	sanchezmaria	elizabeth06@example.com
3572	walkerrussell	rscott@example.com
3573	jacquelinecowan	wilsonchristine@example.net
3574	dhunter	jerrydouglas@example.net
3575	miguelschmidt	ghunt@example.com
3576	melaniemiller	wareeric@example.org
3577	qchandler	michael85@example.net
3578	evansmichael	drakepaula@example.com
3579	sgarcia	ehoover@example.com
3580	qmarquez	jamesdouglas@example.net
3581	tammy20	dthornton@example.net
3582	amandapetersen	howardtracey@example.org
3583	mark56	veronicaburns@example.net
3584	davisthomas	andersonkaren@example.net
3585	dayala	amymoore@example.org
3586	johnsonharold	joseph31@example.net
3587	williambeck	zwalker@example.net
3588	morenobernard	taylordavid@example.net
3589	cperry	matthew20@example.net
3590	tatevictoria	saundersscott@example.net
3591	trevinocrystal	jennifergould@example.com
3592	valerie41	hford@example.com
3593	charles67	adkinsalex@example.net
3594	sydney63	mary84@example.com
3595	isaiah97	holly36@example.com
3596	bjuarez	christopherchen@example.com
3597	ubutler	milleralison@example.org
3598	rsimon	pyoung@example.net
3599	eadkins	adam37@example.com
3600	johnsonzachary	debra34@example.com
3601	wmcdaniel	ugray@example.org
3602	chelsea45	michelle50@example.net
3603	davidedwards	fieldswillie@example.org
3604	alexischerry	cody64@example.com
3605	andrea95	megansmith@example.net
3606	akeith	martinkevin@example.com
3607	andersonjoseph	beth98@example.com
3608	erinwelch	jamesdavidson@example.org
3609	bakercarrie	josephflores@example.net
3610	joshua63	zbrooks@example.net
3611	reginald11	savannahharris@example.com
3612	tammyacevedo	edalton@example.org
3613	tlewis	dennis44@example.com
3614	johnanderson	maryalexander@example.net
3615	ftodd	turnersusan@example.net
3616	donaldfletcher	fmoss@example.com
3617	xbaker	annatucker@example.net
3618	thomaslowery	olsonnatalie@example.com
3619	bjohnson	olawrence@example.org
3620	annasilva	zpowell@example.net
3621	benitezcarol	thomas83@example.net
3622	alejandra35	leblancthomas@example.net
3623	nancy15	deborah09@example.org
3624	reyesstephen	alawrence@example.com
3625	harveykaren	marie21@example.com
3626	amber28	roger64@example.net
3627	hesterkyle	christophercombs@example.net
3628	zmiller	ascott@example.org
3629	dclark	bradley42@example.net
3630	burtonkristen	hilllisa@example.net
3631	dennisgriffin	gregory74@example.com
3632	fbolton	james67@example.com
3633	ellisedward	michellekelly@example.org
3634	leerobyn	gramos@example.com
3635	emilyrodriguez	ashleescott@example.com
3636	wardjennifer	morganjanice@example.net
3637	shale	traviswood@example.org
3638	jessicarodriguez	loganterri@example.org
3639	turnernicholas	michelle68@example.net
3640	morrisshawn	wyattmatthew@example.com
3641	candice28	jenniferjohnson@example.net
3642	josephjackson	walkerdevin@example.com
3643	rogerbryant	scottmorgan@example.net
3644	darlenewalker	cgibson@example.com
3645	eroberts	kaitlynriley@example.net
3646	christy09	brenda16@example.net
3647	sandra36	turnerjohn@example.net
3648	gwendolyn72	wolfwayne@example.org
3649	debradavis	ambervillanueva@example.net
3650	ocherry	alexisgaines@example.com
3651	michellelucas	walterdavid@example.com
3652	vjimenez	traciparker@example.org
3653	jeremysalazar	karen57@example.org
3654	gbass	reginald82@example.com
3655	watsonamy	iortega@example.net
3656	paul31	cromero@example.net
3657	robert31	jhaney@example.net
3658	steven75	lking@example.com
3659	brownnathan	yharrison@example.net
3660	kevans	claytonsmith@example.net
3661	stephanie11	james38@example.com
3662	ilam	tranmary@example.org
3663	websterdawn	ronald64@example.org
3664	tylerwhite	nscott@example.net
3665	ronald39	dennisbishop@example.org
3666	margaret38	christopher34@example.org
3667	emilyelliott	srodriguez@example.org
3668	zcisneros	kellyangela@example.com
3669	kurt72	ybaker@example.com
3670	jmedina	ocunningham@example.com
3671	pagestacey	tnelson@example.net
3672	davidrosales	hamiltonlatoya@example.net
3673	jennifer13	harveycurtis@example.org
3674	brad41	cassandra40@example.net
3675	donaldsonroberto	ballardkari@example.com
3676	colleen16	ronaldbryan@example.net
3677	moorerobert	brandon12@example.org
3678	tinagarcia	jtate@example.net
3679	vgarcia	kathylove@example.org
3680	sarah76	ann83@example.com
3681	catherineluna	frank40@example.com
3682	natasha31	cowantammy@example.org
3683	colin63	suarezsarah@example.net
3684	zstewart	joseph84@example.com
3685	katrina81	fmoran@example.net
3686	brittany07	richardsoneric@example.net
3687	robert33	charles78@example.org
3688	kwhite	jonesstanley@example.com
3689	matthewbaker	dmccarthy@example.com
3690	jnorman	butlerkyle@example.com
3691	logandavid	anthony68@example.com
3692	mitchellsandy	kevinsimpson@example.com
3693	kevinwright	villegasdonna@example.org
3694	hannah26	greerchristopher@example.net
3695	mirandamoore	kimberly12@example.org
3696	sharon14	melissaboone@example.net
3697	ekeith	nicole38@example.net
3698	logan09	hernandezapril@example.com
3699	imiller	michellehayden@example.com
3700	bhardin	jessica60@example.net
3701	jeffreydavis	kenneth48@example.com
3702	hamiltonronald	kellygarrett@example.com
3703	michellerivera	hornetroy@example.net
3704	kathyross	qbentley@example.org
3705	rosebenjamin	kimberlymorris@example.com
3706	pdawson	michaeldouglas@example.com
3707	hjennings	carlaflowers@example.net
3708	robinbell	yhale@example.com
3709	michaelkeller	jamesjohnson@example.org
3710	greenjared	mdixon@example.net
3711	yangtanya	olozano@example.org
3712	danielschristopher	santosbrian@example.net
3713	singletonpatricia	nmcdonald@example.org
3714	cmora	costajeffrey@example.org
3715	richard99	stevenharper@example.com
3716	dmorales	cjones@example.com
3717	ypowell	lcraig@example.net
3718	jamie44	rodriguezjeff@example.org
3719	williamskinner	jennifer22@example.org
3720	ahaas	bsullivan@example.org
3721	cherylgarcia	erin03@example.net
3722	hallen	piercealec@example.org
3723	theresa47	james62@example.net
3724	kmiranda	aguilarbeth@example.net
3725	warddavid	sramos@example.com
3726	jennifer78	charles17@example.com
3727	westrichard	morrisjames@example.org
3728	christucker	melissa66@example.net
3729	odavis	olin@example.net
3730	uschultz	scott08@example.com
3731	kellerjerry	marissa76@example.org
3732	emily15	heather00@example.net
3733	kathryn55	warrenkathleen@example.com
3734	brian29	riveraaustin@example.com
3735	wigginscourtney	andrew02@example.net
3736	fmccarty	blairkathryn@example.com
3737	martinezbradley	emily51@example.com
3738	averywilliam	catherine46@example.org
3739	fspencer	vickie66@example.org
3740	upatterson	zfowler@example.org
3741	foxcathy	bgreen@example.org
3742	garciatraci	jeremygriffin@example.com
3743	zimmermanmaria	tiffany37@example.net
3744	gloriamorgan	sharonwebb@example.com
3745	joelhensley	aguilarshane@example.net
3746	clarkjoe	desireemitchell@example.net
3747	xkerr	frank92@example.com
3748	estradajohn	patriciahart@example.com
3749	timothy31	franklinanthony@example.org
3750	joshuadavis	linda13@example.org
3751	parkbrian	dlee@example.org
3752	bowenpaul	phillipskristina@example.org
3753	carolyn96	parksjim@example.com
3754	hillchristopher	carneyjoshua@example.com
3755	sreeves	elizabeth51@example.org
3756	mfitzpatrick	kimberlyblankenship@example.org
3757	angelarusso	flemingallison@example.com
3758	davidmcpherson	kristenburton@example.net
3759	jennifer86	kellyheidi@example.net
3760	lucasnatalie	wongsusan@example.net
3761	fwalker	meyerjeremy@example.net
3762	rmorales	richardsimpson@example.com
3763	christophersteele	sgutierrez@example.org
3764	delgadosabrina	ashley61@example.net
3765	ihudson	olsontimothy@example.org
3766	pacedominique	andrew27@example.net
3767	wrighteric	tatekatie@example.net
3768	andrezavala	smithnathan@example.org
3769	phillipstravis	uwatkins@example.org
3770	davidfitzgerald	qgould@example.net
3771	slevine	emily36@example.com
3772	ssanders	patriciaharris@example.net
3773	herreradavid	michaelevans@example.org
3774	davisbrandi	rtownsend@example.net
3775	tdrake	thomaslinda@example.com
3776	aclements	richardduncan@example.net
3777	ndavenport	deborahcrawford@example.com
3778	ufoster	breannawatson@example.com
3779	cynthia68	bwong@example.net
3780	phill	toddtrevino@example.com
3781	gonzalezmike	glogan@example.com
3782	stephanie21	bradleysteven@example.org
3783	bradyrandy	jonespaige@example.net
3784	christophermiller	carsonrandy@example.com
3785	halemelissa	qhickman@example.net
3786	jessecrosby	kellermark@example.com
3787	ccampbell	roachdavid@example.org
3788	heatherterry	qwalters@example.com
3789	staceysalinas	dianemartin@example.net
3790	iarmstrong	ricky15@example.net
3791	thomasmarsh	brian16@example.com
3792	awu	hmckenzie@example.org
3793	scottwebb	davidlindsey@example.net
3794	munozshawn	matthew27@example.com
3795	scott10	melissa48@example.net
3796	rachel49	joshuamiller@example.org
3797	deannavazquez	christine27@example.org
3798	adam21	darleneacevedo@example.net
3799	nicholas69	patrick38@example.org
3800	sanchezrandy	jenniferwalker@example.net
3801	tammy94	ian17@example.com
3802	robin29	mary47@example.org
3803	smithsarah	jthomas@example.com
3804	markguerrero	francisjohn@example.com
3805	mike75	skelley@example.com
3806	bowerskimberly	felicialee@example.net
3807	oshea	robertoburton@example.com
3808	juan55	lauraphillips@example.com
3809	thall	pmontgomery@example.net
3810	daniel91	kirkperez@example.net
3811	howardclayton	zwang@example.org
3812	lucaswilliam	pcook@example.org
3813	penadevin	sherry35@example.net
3814	kelsey57	rodneycarroll@example.com
3815	egrimes	martinchristine@example.net
3816	garciasarah	lmcdaniel@example.net
3817	angelalove	goodmancandace@example.com
3818	tbrooks	katherinebrown@example.org
3819	owensdenise	davidrusso@example.org
3820	brownjessica	graytaylor@example.net
3821	alexisramirez	thomasbrewer@example.org
3822	todd45	larsonbenjamin@example.org
3823	thomas45	pzimmerman@example.com
3824	desireeolson	sdawson@example.net
3825	burkejoshua	andersoneddie@example.com
3826	kelliholmes	mary67@example.org
3827	davidmorse	cynthiasimpson@example.net
3828	grantjustin	ortegacameron@example.com
3829	allison77	travis55@example.net
3830	kellychang	carolynchapman@example.org
3831	rmccoy	castroabigail@example.org
3832	hrosario	obird@example.org
3833	frostdawn	littledaniel@example.org
3834	schmidtlinda	alexanderlee@example.com
3835	daniel43	jeffreysullivan@example.net
3836	kristinpotter	mitchelljasmine@example.org
3837	smithtyler	mcgrathemily@example.net
3838	brandy14	laura12@example.org
3839	brightshannon	martin04@example.com
3840	jamestyler	jacobbrown@example.org
3841	kelly08	millermelissa@example.com
3842	qkline	tonyacunningham@example.com
3843	michael49	garciateresa@example.org
3844	zachary00	aferguson@example.com
3845	byrdsandra	gsmith@example.com
3846	joserichardson	amy29@example.net
3847	hayleyturner	olivia39@example.net
3848	mary36	zmendoza@example.net
3849	watkinsjulie	jenna66@example.com
3850	jmiller	ryangarrett@example.com
3851	megangarza	medinakara@example.org
3852	cyoung	adrianluna@example.org
3853	royskinner	victoria15@example.net
3854	martinezamber	anovak@example.net
3855	wigginstiffany	latasha41@example.net
3856	taylordaniel	william65@example.org
3857	denise74	harveychase@example.org
3858	brianmarquez	umullins@example.org
3859	jgray	agraham@example.com
3860	zwerner	michaelfox@example.org
3861	broy	amberflores@example.net
3862	courtneymaynard	stuart03@example.com
3863	ogarrett	pandersen@example.org
3864	kendra64	dmorris@example.com
3865	sampsonzachary	kimberly33@example.com
3866	vgutierrez	mcconnellgary@example.com
3867	jose20	angela47@example.org
3868	johnlucero	wanda07@example.net
3869	awhitehead	rbrewer@example.com
3870	amy10	perkinsjose@example.com
3871	hstokes	harry91@example.net
3872	myersjessica	peterlambert@example.com
3873	johnnelson	browningtracy@example.com
3874	brianyang	bridget25@example.com
3875	victoria43	stevewilliams@example.org
3876	gcarroll	nicole83@example.net
3877	dustinmitchell	mewing@example.com
3878	markholmes	cooperalan@example.org
3879	taylor35	nspencer@example.com
3880	ashleygreen	brandonalvarado@example.com
3881	ariaseric	donna16@example.com
3882	eddiepeters	danielnixon@example.com
3883	michael92	michele66@example.com
3884	ryanlawson	eclark@example.com
3885	fknight	zacharyjames@example.com
3886	calvarez	wthomas@example.net
3887	john52	donna23@example.com
3888	lindseygabrielle	alexandra78@example.com
3889	warnerlaura	tphillips@example.org
3890	qsmith	cmyers@example.org
3891	bgibson	obrowning@example.net
3892	rubioheather	markcampos@example.org
3893	tspencer	bakerderek@example.com
3894	uflowers	zgonzales@example.net
3895	cody53	karenvillanueva@example.org
3896	bmcneil	earl46@example.net
3897	courtneyjackson	mariebrown@example.org
3898	lisacarey	jhardy@example.net
3899	lisa24	hlester@example.org
3900	michaeladams	veronicajohnson@example.net
3901	georgewest	ashleydudley@example.net
3902	shawamanda	masseykenneth@example.com
3903	jonathanschultz	rebeccastark@example.com
3904	cbrown	ocoleman@example.net
3905	williamsjoshua	scottkenneth@example.net
3906	allenthomas	qwoods@example.net
3907	sarah87	raymichael@example.com
3908	lisaanderson	fescobar@example.net
3909	huangrichard	pmason@example.org
3910	mckinneychristy	vramirez@example.net
3911	carol39	kellysmith@example.net
3912	charlesramirez	flynnrebecca@example.org
3913	pennylopez	joyce12@example.org
3914	dedwards	vclay@example.org
3915	lmiddleton	daviscrystal@example.org
3916	jonesjoanne	toddluis@example.net
3917	suzannefisher	adamcook@example.com
3918	lindsay64	nmoody@example.com
3919	alison40	gkoch@example.com
3920	katherinehernandez	colemelanie@example.com
3921	robertspencer	jasonwilliams@example.com
3922	colliercurtis	rwilson@example.org
3923	ldyer	churchgail@example.net
3924	wilsonbenjamin	johnsoncassidy@example.org
3925	eric71	owensdeborah@example.com
3926	hharris	lshepard@example.org
3927	christopherirwin	mquinn@example.com
3928	curtisjackson	fmichael@example.net
3929	jennifercrawford	jessicachan@example.org
3930	jonathandavis	jacksonlynn@example.net
3931	yaguirre	nsimmons@example.org
3932	cannonsamuel	hoffmanamanda@example.org
3933	kyleallison	nparker@example.org
3934	bensonbrian	emilyfry@example.com
3935	cmedina	brittanychavez@example.net
3936	lwatkins	fosterdavid@example.net
3937	samuelpayne	nicholasduncan@example.com
3938	brandon18	john55@example.net
3939	kristina77	christopher32@example.net
3940	garciaisaiah	llee@example.com
3941	vbryant	lmyers@example.com
3942	marilyn93	jacquelinesimon@example.net
3943	hwilliams	pwright@example.com
3944	kingalyssa	david64@example.org
3945	ggonzales	michael38@example.com
3946	hamiltonvanessa	linda85@example.org
3947	james94	adamssteven@example.org
3948	poperobert	kristinjohnson@example.org
3949	susan24	williamsbradley@example.net
3950	hayley41	pjimenez@example.org
3951	ubennett	melissashea@example.com
3952	franciscoburton	johnbriggs@example.com
3953	elizabeth80	bryan14@example.org
3954	johnsondarren	christopherkirk@example.net
3955	charlespatricia	vwatson@example.org
3956	apeterson	opoole@example.org
3957	larrybarr	allenadam@example.net
3958	tonya38	dstanley@example.org
3959	xgonzalez	laurarichards@example.com
3960	lawrencemichael	michaelnorris@example.com
3961	cody21	kevin71@example.org
3962	amanda72	emily70@example.net
3963	michael62	owensderrick@example.org
3964	alvarezshannon	coopermarcus@example.net
3965	leealfred	kevinblake@example.net
3966	jfarmer	melendezelizabeth@example.org
3967	john34	eboyd@example.org
3968	aholden	crystalflores@example.org
3969	davidramirez	kmoore@example.org
3970	jonescourtney	tylerdevon@example.com
3971	joshuafrazier	merrittharry@example.org
3972	karen12	ychoi@example.com
3973	sarahwilson	christopherlee@example.net
3974	perrychristopher	amy82@example.com
3975	kylemullins	brettmartinez@example.com
3976	hannah17	williamweaver@example.net
3977	jensenstephanie	zperez@example.org
3978	kingbrittany	dvega@example.com
3979	joe77	garrisonshelby@example.com
3980	tyler53	melissa70@example.com
3981	fburke	lsnyder@example.com
3982	kaylahart	ygood@example.net
3983	brandon27	brian39@example.net
3984	bakerdaniel	paulkelsey@example.com
3985	crystal74	glewis@example.net
3986	gburns	jamesparker@example.net
3987	qpalmer	jasminecarr@example.org
3988	ryanwilson	saraherickson@example.net
3989	billy89	matthew74@example.org
3990	kelly72	jamesshort@example.net
3991	hicksjohnny	tanya24@example.com
3992	williamturner	austinlogan@example.net
3993	cynthia30	garrett29@example.org
3994	travis77	melaniegraham@example.org
3995	mdavis	joshua09@example.com
3996	jeffreymatthews	ggordon@example.com
3997	jonathanholmes	brandy69@example.com
3998	timothy85	daniel21@example.net
3999	jameswilson	lucaschristina@example.org
4000	williamrojas	watkinsangela@example.com
4001	nguyenkylie	daviddavenport@example.org
4002	billy75	gregorychen@example.net
4003	tammyjimenez	iowen@example.org
4004	tcantu	michele38@example.net
4005	crystal61	lauragarrett@example.com
4006	tschultz	richard30@example.net
4007	lwells	linda18@example.com
4008	gloriahunter	davidrobinson@example.org
4009	hjackson	kimmunoz@example.net
4010	spencerjames	karenburton@example.org
4011	davidpatrick	jennifer31@example.net
4012	hguzman	ofarrell@example.net
4013	munozbrandi	georgegoodman@example.org
4014	lfox	xsingh@example.com
4015	moconnor	eileen42@example.com
4016	tmcfarland	jonesdiana@example.com
4017	ryanward	christophermejia@example.com
4018	paul68	naguirre@example.net
4019	taylordustin	kristenbennett@example.net
4020	sandramcguire	rjacobs@example.com
4021	udunn	lweaver@example.org
4022	uadams	itaylor@example.org
4023	sierra93	heidi37@example.org
4024	floreskristen	xward@example.com
4025	chad68	saralevy@example.com
4026	ppetersen	zacharymckenzie@example.com
4027	vthomas	brookeward@example.org
4028	toddclayton	epatrick@example.com
4029	bboyd	smithsara@example.net
4030	garciaheather	stewartsara@example.net
4031	ashley03	kstrong@example.net
4032	pamela78	bradytravis@example.net
4033	michael45	johnterry@example.com
4034	sabrina32	mcbriderichard@example.org
4035	xavier80	dawnmontgomery@example.com
4036	christopherbailey	csimpson@example.org
4037	elizabethgriffin	dgoodwin@example.com
4038	gabriela31	bairdlaura@example.net
4039	webbalex	ncole@example.net
4040	caldwellheidi	debra30@example.net
4041	gibsonbryan	tylervincent@example.net
4042	ubrown	mary18@example.net
4043	nathaniel26	cynthia15@example.net
4044	ysimmons	lauren48@example.org
4045	masseycarol	ngonzalez@example.net
4046	tswanson	adunn@example.com
4047	igordon	melissa89@example.com
4048	wesleyjimenez	robert48@example.org
4049	michaelalbert	lori79@example.com
4050	wgraham	williamsonkaitlyn@example.net
4051	ann92	smithangela@example.com
4052	gmurphy	brian44@example.org
4053	hoganchase	jason56@example.org
4054	kenthoward	christopher09@example.org
4055	sarahowens	christopher71@example.net
4056	imarshall	jeremyheath@example.com
4057	jacksonfrank	craigmoreno@example.net
4058	kristi25	lynnmoody@example.net
4059	kimberlycarey	robert84@example.com
4060	martinstephanie	hlindsey@example.net
4061	maryodonnell	jasonlogan@example.com
4062	garciaadrienne	qbarrera@example.com
4063	megancox	travis19@example.com
4064	stevenboone	omar13@example.com
4065	mark21	michaelwilson@example.net
4066	sreed	elliskeith@example.org
4067	cameronmerritt	roberthaas@example.org
4068	savannah07	sarahdavenport@example.net
4069	darlene79	garnerangela@example.com
4070	kevinwilson	williamsjoshua@example.com
4071	caitlin98	nicole90@example.org
4072	troy88	ifry@example.com
4073	jacksonchristine	cmcdowell@example.org
4074	patrickrussell	beckjeremy@example.org
4075	francojennifer	frodriguez@example.net
4076	jeffrey84	stonekenneth@example.org
4077	kennethcain	rebeccamason@example.com
4078	frazierjillian	kellyjames@example.net
4079	clarkchristopher	combskatie@example.org
4080	gregorywebb	craigparker@example.org
4081	anthonyjohnson	hthomas@example.net
4082	mary64	yhicks@example.net
4083	johnsonnathan	jackie80@example.org
4084	fmartinez	robert46@example.com
4085	carrie07	john76@example.net
4086	smithjoe	hayesdarren@example.net
4087	laura93	mitchell13@example.org
4088	ortegaalexis	mgeorge@example.com
4089	qmoses	matthewbrewer@example.net
4090	carla38	billyanderson@example.com
4091	ohood	allen19@example.net
4092	kellerbrandon	omartinez@example.net
4093	tallen	elizabethhull@example.net
4094	romeroanna	paynealejandro@example.org
4095	james93	stevenshort@example.com
4096	amber81	austin45@example.net
4097	camachotracy	chungdebbie@example.com
4098	gkelly	efisher@example.org
4099	joeschaefer	zday@example.org
4100	greg44	clarkchristine@example.com
4101	bennettkeith	bhuang@example.net
4102	collinsjerry	ckelly@example.net
4103	michelleweiss	gwendolyn80@example.org
4104	nbrown	coledaniel@example.net
4105	pkhan	amanda60@example.net
4106	justin56	elizabeth39@example.org
4107	kimberlyherrera	watkinschristopher@example.com
4108	reidpaula	megan92@example.org
4109	uking	rodriguezcassandra@example.org
4110	wrobinson	sfisher@example.org
4111	james44	johnmiller@example.com
4112	kruegeremily	howellchristine@example.net
4113	tmoran	bowersalex@example.org
4114	kathryngordon	stephenhood@example.com
4115	vanessastephenson	wilkinsonjohn@example.net
4116	jason35	evasquez@example.net
4117	barrettjade	james63@example.org
4118	campbelltyler	meganruiz@example.com
4119	chase90	richard73@example.net
4120	richardosborne	jilliangarcia@example.com
4121	annaclark	heather06@example.com
4122	jessica44	jensencarol@example.com
4123	tschaefer	kimerica@example.net
4124	monica94	floresbridget@example.org
4125	jason06	gonzalezkaitlyn@example.net
4126	kerramy	atkinsgregory@example.net
4127	rorr	jeremy87@example.com
4128	xmatthews	higginsgary@example.com
4129	dennis00	bbell@example.com
4130	andrea51	melissajackson@example.org
4131	qmitchell	angela22@example.org
4132	melissa48	paul96@example.net
4133	brian96	stephanie53@example.net
4134	davidnichols	bobbylyons@example.com
4135	ecook	rhardin@example.net
4136	nataliecollins	robert79@example.com
4137	kaufmanrebecca	martinjohn@example.org
4138	jamiebuchanan	wfrye@example.org
4139	nortoncathy	rachel68@example.com
4140	ashley60	garrettzamora@example.com
4141	egarza	aaronpatterson@example.net
4142	antonio73	bowmannancy@example.net
4143	davidhoward	crossjames@example.com
4144	justincarr	wyattamber@example.com
4145	twhite	ygarcia@example.com
4146	vstephens	gonzalezbrian@example.net
4147	tward	andrew49@example.com
4148	brittany48	susan52@example.org
4149	zwalker	anita60@example.org
4150	hillanthony	barbermaria@example.com
4151	adam87	gary95@example.com
4152	alexanderdouglas	lsmith@example.net
4153	james61	bmcmahon@example.org
4154	teresamiller	kenneth34@example.net
4155	richardgonzales	pbriggs@example.org
4156	matthew37	calhounjacob@example.org
4157	taylorbutler	peter58@example.com
4158	ccross	hendersonamanda@example.org
4159	fowlerjeffrey	lauratran@example.com
4160	twilliams	dawnwilson@example.org
4161	qhenry	zthomas@example.org
4162	cjones	aphillips@example.org
4163	nsimpson	warrenmatthew@example.com
4164	hlynch	emcmillan@example.com
4165	lbraun	bbrooks@example.net
4166	fjohnson	carolyntownsend@example.com
4167	john98	tapiaseth@example.org
4168	paulawillis	williamrivera@example.net
4169	bradleymason	littlejonathan@example.org
4170	debra08	smithbrandon@example.net
4171	davidsonamy	dawnsanchez@example.com
4172	michael70	alleneric@example.com
4173	opugh	yhanna@example.org
4174	conniegonzalez	cesar24@example.com
4175	smithdouglas	kristin22@example.net
4176	jerryspencer	joshuabowen@example.org
4177	horneronald	crystal83@example.com
4178	wrighttroy	robinsonvictoria@example.net
4179	rdelacruz	danielkimberly@example.net
4180	hawkinsjay	darlene65@example.net
4181	christinadavis	sharonhanson@example.org
4182	salasstephanie	vthomas@example.com
4183	uhooper	johnmiller@example.org
4184	schultzderrick	scervantes@example.org
4185	crystalking	hallmaria@example.com
4186	jbarnett	christine79@example.net
4187	bbrooks	courtney96@example.net
4188	kelseyray	nicole84@example.net
4189	jennifer06	swashington@example.org
4190	whitakerantonio	hhernandez@example.com
4191	stephen39	tiffany24@example.com
4192	nicholas11	vanessarivera@example.net
4193	masonjustin	christinabautista@example.net
4194	meghan52	imason@example.org
4195	jordanwilliam	petersondustin@example.net
4196	thomasevelyn	michael45@example.org
4197	joseph24	natalie90@example.net
4198	crystal57	barnettluis@example.com
4199	ericmorse	carollee@example.net
4200	ochristian	wbenitez@example.net
4201	milleralexis	alexandra79@example.org
4202	josborn	brenda03@example.net
4203	stucker	cuevasaustin@example.com
4204	robertspreston	traceyknight@example.com
4205	jacqueline81	alvarezvictoria@example.net
4206	melissagillespie	johnsonpamela@example.net
4207	ujones	russellnelson@example.com
4208	joshua72	bakernancy@example.net
4209	brianrobinson	travisveronica@example.org
4210	jordancatherine	josephdavis@example.net
4211	ebonilla	michael49@example.org
4212	benjamin22	matthewjohnson@example.net
4213	iolson	rjohnson@example.org
4214	ruthcarpenter	timothy62@example.org
4215	gregory68	uramirez@example.com
4216	garciamark	xreynolds@example.net
4217	nicole94	tracey98@example.org
4218	miranda17	tturner@example.org
4219	lindaguerrero	stanleycarter@example.com
4220	herreralaurie	teverett@example.org
4221	bcarroll	smithcynthia@example.com
4222	johnsongabriel	barnold@example.org
4223	hodgelinda	pearsonashley@example.net
4224	phernandez	garciabetty@example.com
4225	kevinbarker	ghardin@example.org
4226	ibenjamin	ubraun@example.net
4227	kellymayer	murphyzachary@example.com
4228	joshua67	nrichards@example.com
4229	whill	hillmelissa@example.org
4230	fieldscassandra	charles01@example.com
4231	alisonnorton	dakota18@example.net
4232	jonward	elizabeth04@example.org
4233	fmendez	jodyalexander@example.org
4234	curtisjonathan	scott50@example.com
4235	johnsondonna	gina53@example.com
4236	davilaheather	heidivega@example.net
4237	ohodges	bpowell@example.com
4238	bakerrobert	lbenson@example.net
4239	mcgrathkatherine	vlamb@example.org
4240	cscott	amiles@example.com
4241	peggygrimes	michaelharrington@example.org
4242	linda35	victor04@example.net
4243	deborahhampton	emoore@example.net
4244	schroederbrandi	ricardo47@example.com
4245	campbellpatrick	davidward@example.net
4246	raymondhansen	bjohnson@example.net
4247	smorris	jennifer21@example.org
4248	josephgonzales	thompsonbryan@example.org
4249	andrewlivingston	xhughes@example.org
4250	emiller	lance31@example.org
4251	rothjade	jschmidt@example.net
4252	sanchezrobert	williehernandez@example.net
4253	annevincent	jowens@example.net
4254	bentleyjames	psmith@example.net
4255	jasmine61	kylecampbell@example.org
4256	zbrock	carlosfreeman@example.com
4257	tracy71	perezpamela@example.net
4258	cford	dawn12@example.com
4259	sullivanmelissa	bwilson@example.org
4260	katelyn39	crawfordjesus@example.net
4261	tonyamorrow	kelly71@example.com
4262	jferguson	ajackson@example.net
4263	amysmith	moralesjennifer@example.org
4264	katherinephillips	rsmith@example.org
4265	olopez	marcus06@example.org
4266	dana41	erica14@example.org
4267	david68	daniel09@example.net
4268	zandrade	johnmiller@example.net
4269	autumn11	racevedo@example.net
4270	bryantjohn	wintersadrian@example.org
4271	sarah79	andersonharold@example.net
4272	kylelewis	rbest@example.org
4273	hhull	johnsonmichael@example.com
4274	mcneilleslie	shannonhampton@example.org
4275	tammy29	samuelvargas@example.com
4276	emarsh	andrew03@example.com
4277	morangabriel	joshuahester@example.com
4278	michaeldunlap	james13@example.com
4279	jessica88	xkennedy@example.net
4280	glenwhite	edwardsjared@example.net
4281	scotthull	jdavis@example.net
4282	xavier55	reillymatthew@example.org
4283	jacob65	sheila74@example.com
4284	silvadaisy	michelle24@example.org
4285	osbornejessica	austindylan@example.org
4286	jason87	barrettbrooke@example.com
4287	albert13	vmichael@example.net
4288	nicholasbanks	richardvalenzuela@example.net
4289	zperez	christopheralexander@example.com
4290	qtorres	jonathan58@example.net
4291	nicolewilson	nmathis@example.net
4292	diazrichard	sandersandres@example.com
4293	tcarter	fhendrix@example.com
4294	santosbrittany	evanharrison@example.com
4295	brittany29	kingshawn@example.org
4296	betty58	laurencamacho@example.com
4297	lee31	gleonard@example.com
4298	carrollmelissa	lisa03@example.org
4299	youngmonica	eberry@example.net
4300	elizabethmoran	wking@example.org
4301	rodneydeleon	tdelacruz@example.net
4302	torrestaylor	dale88@example.org
4303	david93	abigailpatrick@example.com
4304	fcole	angelaromero@example.net
4305	timothycarroll	wnelson@example.com
4306	megan92	omartin@example.org
4307	wvincent	alvarezbrett@example.net
4308	christopherfisher	jcochran@example.org
4309	stewartelizabeth	khardin@example.com
4310	cindy45	moconnor@example.net
4311	robin43	nicole86@example.com
4312	bdillon	masontammy@example.com
4313	henry07	prattkathryn@example.org
4314	williamscourtney	melissa71@example.net
4315	gregorydecker	jamiemiller@example.net
4316	millerrichard	michelle98@example.com
4317	thomaslinda	adriennevillarreal@example.com
4318	elizabeth58	valenzuelapatty@example.com
4319	qramirez	tking@example.net
4320	michaelmendez	weberamy@example.net
4321	longian	rharris@example.org
4322	marie41	montgomerycaitlin@example.net
4323	jonesamy	rosejessica@example.net
4324	wilsonisaac	athompson@example.org
4325	holtangela	omunoz@example.org
4326	stevenscindy	jessica28@example.org
4327	taylorsutton	alyssa12@example.net
4328	carolcastro	wilsoneric@example.org
4329	gomeznatalie	sarah51@example.org
4330	olivia64	singletonjacob@example.org
4331	andrewgarza	erikasimpson@example.org
4332	lisaowens	conwaymichael@example.org
4333	maldonadojenna	sharon90@example.org
4334	connerlaura	jason22@example.net
4335	ithomas	rjohnson@example.com
4336	nancybarnes	mlong@example.net
4337	deborah95	hfields@example.org
4338	aaron79	gmartinez@example.com
4339	webbclaudia	sandersanthony@example.org
4340	vargasraven	ggreen@example.org
4341	vjohnson	chanson@example.org
4342	gryan	kbush@example.net
4343	bryan49	lherrera@example.com
4344	christineward	shannonturner@example.org
4345	bentleydouglas	ksuarez@example.org
4346	cdixon	walterdawson@example.org
4347	hardingstephen	christianlewis@example.org
4348	jacksmith	rjones@example.net
4349	michelle60	sergio08@example.com
4350	dylan34	kristyochoa@example.org
4351	qfrench	maldonadocarlos@example.com
4352	melissa82	kimberly82@example.com
4353	roselonnie	paula51@example.net
4354	robert89	nixonsavannah@example.org
4355	karenalvarado	dtaylor@example.net
4356	dominiqueobrien	julie38@example.com
4357	sandra75	smoreno@example.net
4358	jensenjames	bdiaz@example.com
4359	qhammond	xallen@example.net
4360	dhill	omendez@example.net
4361	sandra80	johnrodriguez@example.net
4362	xmartin	monroechristian@example.com
4363	slynn	gavin95@example.net
4364	courtneycooper	spetersen@example.org
4365	jessicarice	iboyer@example.net
4366	corey18	darlenewiggins@example.net
4367	brittney97	telliott@example.org
4368	deborahsalinas	xcherry@example.net
4369	mitchell57	iallen@example.com
4370	roybarbara	hannahcampbell@example.net
4371	danielmarks	saraayala@example.com
4372	amandaford	nbeasley@example.net
4373	rbaker	gerald68@example.org
4374	pstevens	abrown@example.com
4375	lauraward	johnsonjessica@example.org
4376	charles66	smithjohn@example.net
4377	jpatel	vreeves@example.org
4378	jwhite	brandonwhite@example.com
4379	nathan43	bryantashley@example.com
4380	hayesmegan	reedmichael@example.net
4381	fcompton	smithmary@example.net
4382	rachelcastillo	heather83@example.net
4383	allenlisa	cortezrobert@example.com
4384	stacey06	browndawn@example.org
4385	priceandrew	ahunter@example.net
4386	tylerobrien	marcusphillips@example.com
4387	curtismartinez	william72@example.net
4388	patelbarry	david57@example.org
4389	christopher80	ronaldlewis@example.net
4390	jonesjessica	gmiranda@example.net
4391	angela00	njohnston@example.org
4392	heatherbennett	larry66@example.com
4393	michaelmiller	amy67@example.net
4394	courtney89	david13@example.org
4395	deniseschwartz	steven27@example.net
4396	gary71	john34@example.net
4397	grodriguez	brianwhite@example.org
4398	robinsimpson	hsnyder@example.net
4399	campbelldavid	thomastorres@example.org
4400	amyparks	tayloredward@example.net
4401	schmidtjennifer	samanthamcintyre@example.org
4402	gmoore	lisajones@example.org
4403	rojasscott	rosesabrina@example.org
4404	johnsonmichelle	rcruz@example.net
4405	timothy66	charles22@example.com
4406	davidblack	fordronald@example.org
4407	uwilliams	brobinson@example.net
4408	griffinalexis	vmacias@example.org
4409	nicolejohnson	rickyjohnson@example.com
4410	jennifer71	hwright@example.net
4411	jessica45	michaelsanchez@example.com
4412	erasmussen	danielle32@example.com
4413	morriscindy	chamberschristopher@example.net
4414	benjamin54	dawnweeks@example.org
4415	jerry13	bcortez@example.com
4416	lewiscassandra	jeremiah19@example.com
4417	toddwatson	caseywalter@example.org
4418	angelashaw	rwilliams@example.org
4419	ysantana	perrybrian@example.net
4420	newmanpaul	nathanmartinez@example.net
4421	lauraschwartz	brittneysparks@example.com
4422	amandaperry	hannahross@example.com
4423	andrewlang	jeffrey56@example.org
4424	justincannon	xadams@example.org
4425	craig03	djones@example.com
4426	megan57	matthewsoto@example.org
4427	angela27	bakertodd@example.net
4428	uhicks	lcarter@example.org
4429	christopher14	alexandrabentley@example.com
4430	daviserica	gkane@example.org
4431	kleinkyle	hodgesdean@example.net
4432	villarrealrebecca	johnnybrown@example.net
4433	ndavis	nchavez@example.org
4434	tbrown	harmontaylor@example.org
4435	kathryn75	dpierce@example.com
4436	egraham	jessica08@example.org
4437	jenniferlee	coconnor@example.com
4438	newtonchristina	franciscojohnson@example.net
4439	jlang	tayers@example.org
4440	amanda25	brownconnie@example.com
4441	wrodriguez	jgarcia@example.net
4442	sara27	petersonbeverly@example.org
4443	nancyrivera	riverskimberly@example.org
4444	uramsey	xwilliams@example.com
4445	jeremy23	aclark@example.com
4446	oneillcrystal	sarahkerr@example.net
4447	ebryant	dmcgrath@example.com
4448	qflynn	karenrush@example.com
4449	garydalton	brenda52@example.org
4450	brittany37	bennettwilliam@example.com
4451	wyatttrujillo	hadams@example.org
4452	watsonmark	ashley10@example.org
4453	julie36	thomas22@example.com
4454	lisa62	walkerkeith@example.com
4455	barrettshannon	kennedydeborah@example.net
4456	stanleycuevas	jessegreen@example.com
4457	riosandres	bakerronald@example.net
4458	tommy18	xclark@example.net
4459	jordanbeverly	brendawatson@example.com
4460	uriley	laura10@example.com
4461	toddroberts	davidsonmark@example.org
4462	collinsmelissa	hebertjeffrey@example.net
4463	aaronroberts	fisheramber@example.org
4464	victoria11	aaronshepherd@example.com
4465	mcknightbeth	amber15@example.org
4466	hernandezchristopher	angelagardner@example.com
4467	martinrichard	randallyang@example.net
4468	alejandramills	john02@example.com
4469	ericschultz	gchase@example.net
4470	smithmegan	reidthomas@example.net
4471	piercejordan	marshallnancy@example.com
4472	patricia49	knightjason@example.com
4473	boydwayne	paulfrancisco@example.com
4474	brooke12	christopher99@example.com
4475	simmonssarah	grantjeffrey@example.com
4476	khernandez	sanchezisabel@example.org
4477	brooke08	shelley32@example.com
4478	jacksontiffany	pwilliams@example.com
4479	ashleyjenkins	jeffreyware@example.com
4480	robertofletcher	qnunez@example.com
4481	patriciayoung	tracy05@example.com
4482	speters	stanleyjohnson@example.net
4483	hartaimee	ngill@example.com
4484	johnpugh	smithdavid@example.org
4485	penashannon	grossbenjamin@example.org
4486	krista69	jdeleon@example.com
4487	tayala	daniel22@example.net
4488	martinwanda	katherinewilson@example.net
4489	erin32	robert60@example.net
4490	carolbaker	kimberly34@example.net
4491	jonathanmccoy	mckenzieellis@example.org
4492	anna24	cory46@example.org
4493	staceydavis	trevor21@example.com
4494	carladickerson	freynolds@example.net
4495	stacy86	freythomas@example.org
4496	cannonjonathan	phyllisvaughan@example.org
4497	cherylcarroll	santiagovalerie@example.com
4498	brittany24	obrown@example.org
4499	jameswright	andrew84@example.net
4500	sturner	franciscatherine@example.org
4501	raymondcosta	cynthia78@example.net
4502	courtneyorr	robin63@example.com
4503	robertfranklin	dunnjoanne@example.com
4504	nicolejames	bellis@example.net
4505	christine09	tyang@example.org
4506	pduarte	kenneth48@example.net
4507	lanceholloway	phouston@example.net
4508	adam02	shelby87@example.com
4509	thomasalison	sarah11@example.com
4510	chad76	amywilliams@example.net
4511	zpotter	jhunter@example.org
4512	debra14	hcrawford@example.com
4513	smithsusan	kristingordon@example.org
4514	adamskyle	robertsheather@example.com
4515	zturner	nicholas76@example.com
4516	jamesknight	leecameron@example.net
4517	eweaver	beckywhite@example.net
4518	jeff97	ariel17@example.net
4519	vortiz	cindy95@example.org
4520	johnsontyler	sfrancis@example.com
4521	deborahwhite	richardtravis@example.net
4522	andrewwilkinson	kaylamarshall@example.org
4523	iconrad	meghan15@example.net
4524	lanthony	johnzamora@example.net
4525	kayla30	pauladorsey@example.org
4526	bowmancarl	jenniferherrera@example.net
4527	rjackson	aguilarrichard@example.org
4528	jasmine64	deniseosborne@example.com
4529	jessica15	phillipsmichelle@example.org
4530	vanessa53	thomas68@example.org
4531	pierceshelia	samuelmartinez@example.net
4532	scotterin	bbaxter@example.org
4533	rfisher	lindsaysmith@example.com
4534	jaredguerrero	tharris@example.net
4535	amanda62	francisco52@example.com
4536	coffeyjennifer	robert30@example.com
4537	kimberlysuarez	kathyhuffman@example.org
4538	hnelson	joelwhite@example.net
4539	jade27	chaseruth@example.org
4540	ltorres	eyoder@example.org
4541	zashley	morganphillip@example.com
4542	kristywoods	nmcguire@example.com
4543	davidhughes	brewerandrea@example.net
4544	mchung	steven92@example.org
4545	vstevens	terricarr@example.com
4546	erica51	cookamanda@example.net
4547	jason56	robert97@example.net
4548	joshuacook	dale38@example.net
4549	yfrazier	hintondeanna@example.org
4550	renee42	rwilliams@example.com
4551	michaelgarcia	vickimoore@example.com
4552	pmcdonald	isilva@example.com
4553	preston65	jmeyers@example.com
4554	muellermelissa	storres@example.org
4555	michaelingram	mwilliams@example.org
4556	sthomas	brady69@example.com
4557	aguilardeborah	hunterdonald@example.com
4558	ngallagher	elizabethmoore@example.org
4559	lisalivingston	elizabethstewart@example.net
4560	ecampos	ygarcia@example.net
4561	jeremyhayes	cjohnson@example.net
4562	john59	zstrickland@example.com
4563	angelafoster	tiffanygarcia@example.com
4564	tammymoreno	alikimberly@example.net
4565	luke85	codymoore@example.net
4566	armstronglori	pharris@example.org
4567	nicholashamilton	lukejefferson@example.org
4568	carol69	bruce44@example.org
4569	sarahstephens	harrislawrence@example.com
4570	zrodriguez	sandycooper@example.net
4571	vschwartz	xaviersingleton@example.org
4572	billypatel	jeffreywest@example.org
4573	sonya43	colemanrebecca@example.com
4574	timothy98	lawrencethomas@example.com
4575	berickson	julia98@example.com
4576	rebeccaanderson	kkelley@example.net
4577	ericashelton	stevenjordan@example.net
4578	teresa13	ngilbert@example.com
4579	leekimberly	william18@example.org
4580	brandon90	sarahjones@example.org
4581	kevinrivera	robert62@example.com
4582	oedwards	churchalyssa@example.net
4583	tammiegarcia	moorelaurie@example.com
4584	michelle11	samantha58@example.org
4585	jfuller	john29@example.com
4586	gabriel49	rebeccajacobs@example.net
4587	christopherjohnson	sharonhill@example.net
4588	jennifer96	jgordon@example.com
4589	griffinangel	laura16@example.org
4590	holtsheila	wesley13@example.org
4591	susan21	danielgraham@example.org
4592	boonejessica	miranda95@example.net
4593	vasquezbrandon	ithompson@example.org
4594	drew23	larsonbrandon@example.org
4595	daniel50	rrojas@example.net
4596	richardwalker	ujames@example.com
4597	dennisblair	maria75@example.com
4598	laneronald	kwilliams@example.net
4599	staceyharvey	maryroberson@example.net
4600	tdickerson	hollybrewer@example.org
4601	kimberly95	courtneyhernandez@example.org
4602	williamtran	tonyaharper@example.org
4603	ltaylor	vdavis@example.net
4604	nsullivan	susan86@example.net
4605	thomascolleen	bblack@example.org
4606	schaeferwilliam	joshua47@example.net
4607	orrkeith	nelsonlarry@example.net
4608	megansims	losborn@example.com
4609	howardaudrey	miawhitaker@example.org
4610	robertbond	shelbyguzman@example.org
4611	kenneth11	amylopez@example.net
4612	ygonzales	holmeschristine@example.net
4613	xosborn	christina53@example.com
4614	cross	jorgegonzalez@example.com
4615	cynthia38	shortjoy@example.org
4616	rhodeszachary	david58@example.com
4617	brittanyford	washingtonrichard@example.org
4618	utrevino	rosssolomon@example.net
4619	ecampbell	ebrown@example.org
4620	christopher53	nicole97@example.net
4621	tammyhodge	nvasquez@example.net
4622	zoehoffman	kristin94@example.org
4623	anna73	ecampbell@example.net
4624	betty82	rkhan@example.net
4625	jordan56	jeffrey47@example.net
4626	johnsonjamie	davisangelica@example.com
4627	dturner	claytonharris@example.com
4628	cwolfe	cartermarissa@example.org
4629	jimmyjohnson	jerome93@example.net
4630	sabrina44	linda41@example.com
4631	hbaker	jeffreyburton@example.net
4632	michaelowens	justinmiranda@example.com
4633	andrew89	sarahwilliams@example.net
4634	baileykelley	simpsonbriana@example.org
4635	taylorderek	rachel99@example.net
4636	joseph16	brittanyhamilton@example.org
4637	amandawhite	latoyaoconnell@example.org
4638	adammiller	richardsamy@example.com
4639	catherine21	csmith@example.com
4640	dgamble	cherylmendoza@example.com
4641	alexandra83	karencruz@example.com
4642	ashleycrystal	mfoster@example.org
4643	baileyjames	xarcher@example.com
4644	andrea05	susanstewart@example.net
4645	tyler14	debramarsh@example.com
4646	littlemichelle	jasonjohnston@example.org
4647	rgutierrez	john50@example.com
4648	unguyen	lambertlisa@example.org
4649	heather38	joshua17@example.org
4650	kathystephens	brittany74@example.org
4651	melissawebb	tonyjohnson@example.net
4652	hopkinsselena	javiermccarthy@example.org
4653	fmacias	xwalls@example.com
4654	christina94	wrightmonica@example.com
4655	anthony38	markcastro@example.com
4656	orowe	vicki60@example.net
4657	gmiller	elizabethjackson@example.org
4658	watkinsdavid	angela99@example.net
4659	mendezjennifer	paynedavid@example.com
4660	danielturner	rickygreene@example.net
4661	cweeks	philliplopez@example.net
4662	rachelramirez	joseph76@example.net
4663	emejia	michael16@example.org
4664	mhuffman	halltaylor@example.org
4665	hstone	jay84@example.net
4666	josephcarr	teresa62@example.com
4667	johncarson	margaret48@example.net
4668	porterrodney	zfoster@example.com
4669	janicechavez	dknight@example.net
4670	lindseyatkins	kathleen99@example.net
4671	rebekahvaughn	brooksisaiah@example.org
4672	crystal12	elaine95@example.org
4673	ngomez	tuckerjacqueline@example.net
4674	johnsondebra	ohenderson@example.net
4675	vmora	jtorres@example.net
4676	martinroberto	matthew41@example.com
4677	nflores	rachel11@example.org
4678	nobleaaron	gutierrezsandra@example.com
4679	uwagner	ryanpierce@example.net
4680	bowmanangela	moniquediaz@example.com
4681	tim77	ndunn@example.org
4682	efischer	nathanburton@example.com
4683	fernandezjohn	jennifer37@example.com
4684	ftucker	uwillis@example.com
4685	syoung	robertmontgomery@example.net
4686	mcdanielrhonda	frank29@example.org
4687	cingram	shudson@example.net
4688	thorntonwilliam	gomezamanda@example.org
4689	micheal66	christopher96@example.net
4690	justin11	alexmartinez@example.net
4691	glewis	jonathanlee@example.net
4692	jennifermarshall	bjames@example.org
4693	espinozachristopher	turnergina@example.org
4694	thomasfriedman	valenciadana@example.net
4695	jmaxwell	katherinefields@example.org
4696	jamesblackwell	george42@example.net
4697	andrecarlson	charlesjones@example.net
4698	zmendez	samuelhayes@example.org
4699	haydenrichard	robinsondevin@example.org
4700	kleinmonica	lauradiaz@example.org
4701	jcuevas	silvacarla@example.com
4702	donna64	shensley@example.net
4703	chaddelacruz	xvaldez@example.org
4704	michaelrodriguez	awilson@example.org
4705	jacksongabriel	underwoodrichard@example.net
4706	rsingh	lshaw@example.com
4707	nobletiffany	nathanbruce@example.net
4708	christina64	susan20@example.org
4709	villarrealmarcus	lisa38@example.com
4710	weissdavid	bonniedavis@example.org
4711	inewman	jessicamartin@example.com
4712	johnsonjoanna	roberttucker@example.com
4713	robertsimpson	brianwiggins@example.net
4714	justin22	joseph13@example.org
4715	delgadolisa	joneslaura@example.com
4716	katelyn33	goodmandiamond@example.net
4717	gregorysullivan	benjaminmcmillan@example.net
4718	jnoble	ramospatrick@example.org
4719	coffeydonna	sharonbenitez@example.org
4720	hannahnguyen	brentmoses@example.org
4721	robertsharold	john20@example.net
4722	janet12	nsmith@example.net
4723	daniel27	hawkinsmatthew@example.org
4724	clarkamanda	nelsonjoshua@example.net
4725	katherine62	sparkssarah@example.org
4726	ilarsen	sherryvargas@example.net
4727	aaronmiller	timothybrown@example.net
4728	smclean	ythomas@example.org
4729	stonehenry	scooley@example.net
4730	idavenport	ashley85@example.net
4731	anna60	nguerra@example.net
4732	vasquezcarl	petersontaylor@example.org
4733	maria68	longjonathan@example.net
4734	cartersarah	charlesgray@example.net
4735	ricky51	patellinda@example.com
4736	fmitchell	brianna37@example.com
4737	tateabigail	qbautista@example.net
4738	gobrien	robert50@example.net
4739	sarah60	bwhite@example.net
4740	hughestimothy	lroach@example.org
4741	rthompson	millergeorge@example.net
4742	gregorywatkins	masoncraig@example.com
4743	luisporter	kathyprice@example.org
4744	abeard	danielnelson@example.org
4745	richard46	gthomas@example.org
4746	joshua13	jamiejones@example.com
4747	mpearson	tlee@example.com
4748	james09	michael93@example.net
4749	jthomas	johnsoncasey@example.net
4750	tammy58	uarnold@example.org
4751	kathleen28	harveykevin@example.org
4752	kgonzalez	brittany39@example.net
4753	wferguson	megan37@example.com
4754	calvinstanton	paul43@example.com
4755	hannah49	ybrooks@example.net
4756	smithnicole	denise19@example.net
4757	gary81	joshua40@example.net
4758	latkins	tammy93@example.org
4759	markvaldez	rileyjames@example.com
4760	frank39	michellemccoy@example.com
4761	vthompson	stevenellis@example.org
4762	christine83	mullenpamela@example.org
4763	brandon53	tiffany12@example.org
4764	michaelweaver	kellymartinez@example.com
4765	newmanemma	wheelerdavid@example.com
4766	twilkerson	brownchelsea@example.com
4767	cliffordmiller	jill81@example.net
4768	johnsonapril	malikwalker@example.net
4769	vickinguyen	jacksonjose@example.net
4770	rtaylor	cheyenne14@example.org
4771	theresahartman	brittany83@example.org
4772	cainanthony	xconley@example.net
4773	warrenrojas	andersonisaac@example.org
4774	katie38	gilesjoshua@example.net
4775	tinawells	jill14@example.net
4776	graceshea	tommyfernandez@example.net
4777	theresa78	vsullivan@example.com
4778	matthewcarr	ycarey@example.com
4779	harristommy	christina73@example.net
4780	marybarker	jreyes@example.com
4781	whitney59	scottsherry@example.net
4782	michaelgamble	deborahholmes@example.com
4783	weberemily	matthewjuarez@example.com
4784	mary00	thomasbarbara@example.net
4785	william09	jermaine30@example.net
4786	yconley	roberthernandez@example.org
4787	tchavez	qmorton@example.org
4788	nicholas46	justinnguyen@example.org
4789	andrew79	roberta27@example.com
4790	jacobsonpatricia	jason19@example.net
4791	ariasdavid	mharris@example.org
4792	francisco57	claudiamarshall@example.org
4793	craigjessica	berrywilliam@example.net
4794	blewis	nicolerogers@example.org
4795	perrylisa	lbond@example.com
4796	jessicadelgado	barbershannon@example.com
4797	anthony59	brownjessica@example.org
4798	kevin44	qdouglas@example.com
4799	morrisondavid	galvanmadison@example.net
4800	juliepeters	david18@example.net
4801	jillianfarmer	kristindalton@example.com
4802	brownerika	derrick34@example.net
4803	cbuchanan	angelahernandez@example.org
4804	benjamin16	angelagonzalez@example.net
4805	sfrey	hartmichael@example.net
4806	markcochran	shenry@example.com
4807	jasonthompson	tmaldonado@example.com
4808	matthew70	jessicaandrews@example.org
4809	diazjoseph	mcdonaldjason@example.com
4810	michaelgreen	watsondaniel@example.com
4811	andrew34	bradley85@example.com
4812	aprilcarey	dawnsanders@example.com
4813	dennisarmstrong	bhunt@example.com
4814	scottpearson	croberts@example.net
4815	luiserickson	armstrongshawn@example.com
4816	iadams	joseph65@example.org
4817	qpacheco	malonejon@example.org
4818	bridgesstephanie	christopherbrady@example.net
4819	russelljulia	andrew76@example.net
4820	jacksonmackenzie	april81@example.net
4821	hayesjames	rchandler@example.net
4822	anthonycurtis	blevinskimberly@example.org
4823	alicia73	annettebolton@example.com
4824	tammy34	coxjoseph@example.net
4825	christina57	fernandezsamantha@example.com
4826	uaguilar	nicolecampbell@example.net
4827	timothysmith	john82@example.org
4828	igalloway	vhernandez@example.com
4829	lynchlisa	dmurphy@example.org
4830	acunningham	sheppardkimberly@example.net
4831	pgarrett	clarkkaren@example.org
4832	martinjoshua	brenda22@example.com
4833	staceybarnes	patrickchristopher@example.com
4834	lauren30	patricia69@example.com
4835	kathrynharris	jack14@example.org
4836	ruthcraig	johnramos@example.net
4837	jasonchapman	michaelnichols@example.com
4838	brenda55	bgreer@example.org
4839	christopher31	ftaylor@example.com
4840	karen77	harnold@example.net
4841	hallcindy	steven58@example.com
4842	tiffanyray	collinsleslie@example.com
4843	porterdavid	powellstephanie@example.com
4844	ralphritter	bhanna@example.com
4845	katherinewatson	hwang@example.net
4846	reedjames	qoliver@example.com
4847	hilleric	mmadden@example.org
4848	rmoreno	qherman@example.net
4849	igilbert	christian16@example.org
4850	wlong	johnpayne@example.org
4851	carl25	tammygoodman@example.org
4852	jakewilson	jeremy87@example.net
4853	harcher	esawyer@example.com
4854	craig37	garrettmurphy@example.net
4855	jennifer03	beckjenna@example.com
4856	butlertony	iblake@example.net
4857	currymelanie	banksshawn@example.com
4858	andersonapril	daniellesingh@example.com
4859	ajohnson	nwebster@example.com
4860	joshua02	ortegathomas@example.net
4861	oscaryang	cassandrafloyd@example.net
4862	ereese	billy47@example.net
4863	kirbyjohn	amy79@example.com
4864	lorihart	smithjustin@example.net
4865	emilycollier	johnsonbrian@example.net
4866	paulwelch	egray@example.org
4867	halvarez	bonniefrancis@example.net
4868	christophercurtis	gregoryblackwell@example.org
4869	douglasgomez	tashley@example.com
4870	karenpatterson	david10@example.org
4871	jaredwest	yburton@example.org
4872	jacobdouglas	woodcristian@example.org
4873	brooksandrew	williamsanna@example.com
4874	stonealec	john29@example.net
4875	melinda08	moodymiguel@example.net
4876	barbaraaguilar	velliott@example.net
4877	john39	jose80@example.net
4878	mhuff	dmassey@example.com
4879	jennifer87	aaron82@example.com
4880	rodneymaldonado	castilloricky@example.com
4881	williamscynthia	juan65@example.org
4882	charlescurtis	thomas15@example.net
4883	eedwards	melissa74@example.com
4884	jrussell	zachary87@example.com
4885	nsloan	anthonygreen@example.net
4886	qprice	morgan04@example.net
4887	danielrodriguez	williamsangela@example.net
4888	perezdavid	gramirez@example.com
4889	sharon98	michaelaroberts@example.net
4890	brooke02	edwinjohnson@example.org
4891	joseph50	brian54@example.net
4892	lisa59	ejackson@example.org
4893	paula81	parrishkristen@example.net
4894	aking	kristenroberts@example.net
4895	steven34	otodd@example.com
4896	kathyrodriguez	fjohnson@example.org
4897	sanderscourtney	jimmysilva@example.net
4898	hillerin	carrillocarl@example.com
4899	wendy45	xerickson@example.org
4900	bryantjean	gabrielthomas@example.com
4901	turnerwilliam	mark88@example.com
4902	tonyboone	sean05@example.com
4903	kendramontgomery	davisgregory@example.net
4904	parkerjason	gutierrezapril@example.net
4905	wacevedo	bradleycurtis@example.net
4906	stewartmary	kayla48@example.net
4907	patrickjohnson	sierra88@example.net
4908	dustin75	alejandramills@example.com
4909	courtney47	crystal57@example.net
4910	shelly21	juliegeorge@example.net
4911	wrightjordan	mcmillandeborah@example.org
4912	dmathis	leslie33@example.net
4913	jenkinsalexis	hughessharon@example.org
4914	michael46	scottjennifer@example.org
4915	alexander27	tracyhorn@example.net
4916	vhernandez	kimberlynguyen@example.com
4917	carolyn60	elin@example.com
4918	teresastewart	wcastaneda@example.com
4919	crystal32	hedwards@example.org
4920	stephen23	william54@example.com
4921	wilsonshane	danieldelgado@example.org
4922	jonathanblack	poncesusan@example.org
4923	james78	curtiskevin@example.net
4924	harrisashley	jthompson@example.com
4925	meghan49	johnwilcox@example.com
4926	tracy86	tara41@example.net
4927	riveradaniel	kellydawn@example.net
4928	millerderek	annahernandez@example.org
4929	gonzalezann	smoses@example.com
4930	paul83	freemankristin@example.org
4931	ryanrodriguez	parkerthompson@example.com
4932	mdelgado	ginaking@example.org
4933	montgomerydouglas	maryclark@example.net
4934	gabrielmorgan	thomasmackenzie@example.com
4935	andre04	sanchezjustin@example.net
4936	uoliver	susanallen@example.org
4937	cynthia32	jmorales@example.com
4938	kaguilar	andersonjimmy@example.com
4939	keithpena	deannamorrison@example.com
4940	villegasemma	christopherbailey@example.net
4941	andrewjones	nicolemartin@example.net
4942	jenniferrosales	robinsonariel@example.net
4943	allenjoshua	joshuaanderson@example.org
4944	murphyjennifer	tsmith@example.net
4945	reevesrussell	martineztyler@example.com
4946	ballchristine	carrie26@example.com
4947	katherine45	jennifermccormick@example.org
4948	jeffreyjones	lmcpherson@example.com
4949	christina15	jordancurtis@example.org
4950	lesliecombs	julia76@example.org
4951	luisross	zreed@example.org
4952	annekelly	hollylopez@example.net
4953	wilsonzachary	leslieriley@example.com
4954	jenniferfrye	lopeznicole@example.org
4955	huntermatthew	angela03@example.com
4956	adkinsallison	fclark@example.org
4957	pschroeder	phillipsdiana@example.com
4958	mckeesteve	scott27@example.net
4959	hannah51	buckleycrystal@example.net
4960	kennethbishop	brenda73@example.org
4961	tammydavis	julie23@example.org
4962	dcox	gloriacarroll@example.org
4963	barbara55	fcervantes@example.org
4964	natasha94	beckchristopher@example.com
4965	maryguerrero	jacquelineshepard@example.org
4966	ppalmer	taylorwiley@example.net
4967	wilsonrichard	nshelton@example.com
4968	carlos30	morgan16@example.org
4969	millerashley	davenportannette@example.net
4970	stacy37	omosley@example.org
4971	ashleyjohnson	michele13@example.org
4972	brandirobinson	gmorrison@example.com
4973	jmyers	joshua55@example.com
4974	meganmartinez	cperez@example.org
4975	vclark	christophercraig@example.org
4976	davissamantha	thomas82@example.org
4977	wilkinscheryl	timothy18@example.com
4978	claytonrandall	kylebaker@example.net
4979	melissaday	dmoreno@example.com
4980	jennifer02	alexander19@example.net
4981	dsimpson	robert11@example.net
4982	danielparsons	jacob57@example.org
4983	sanchezashley	aaronproctor@example.org
4984	jilliancole	phillipsbrad@example.com
4985	emoore	youngtammy@example.net
4986	ericgarcia	zacharyjones@example.org
4987	cooklisa	tprice@example.net
4988	lambertjeremy	parkerjustin@example.com
4989	linda34	jeremyallen@example.net
4990	walteredward	astout@example.net
4991	jane67	lauragreene@example.com
4992	savannah90	tmiller@example.org
4993	jessicacastillo	garynelson@example.org
4994	andreadunn	amy65@example.org
4995	rhill	marshallangela@example.net
4996	michelleford	erik52@example.org
4997	dustin34	ojohnson@example.com
4998	laurahess	ofernandez@example.net
4999	joneselizabeth	hadams@example.com
5000	diazmiguel	christian64@example.org
5001	kathrynfoster	yhoward@example.org
5002	jweber	manueljackson@example.com
5003	hendersonstephanie	brianalvarado@example.com
5004	bfreeman	maxwellbrian@example.org
5005	sullivanteresa	ybarr@example.org
5006	erinsilva	jill90@example.net
5007	austinamber	cheryl21@example.com
5008	kara60	whitedaniel@example.net
5009	simpsondanielle	whoffman@example.org
5010	malloryhill	sgarcia@example.org
5011	dgibson	tracy59@example.com
5012	lisamitchell	bonnie41@example.net
5013	carolinelopez	jennifer16@example.com
5014	xperez	tgallagher@example.net
5015	theresabryan	jessica61@example.com
5016	gilesaaron	greenshannon@example.net
5017	xhayes	smithtaylor@example.net
5018	vazquezreginald	johnjohnson@example.net
5019	abigail20	boydwilliam@example.com
5020	rhodesthomas	gary04@example.net
5021	rick89	angela61@example.net
5022	calvin16	tarajohnson@example.org
5023	ldavis	joycegibson@example.org
5024	kimberlydavis	henryjohn@example.com
5025	heatherwalsh	mindy26@example.com
5026	howellamy	kevingreer@example.net
5027	odomjeanette	jeffery09@example.com
5028	tim48	brenda26@example.net
5029	gina55	aliciaday@example.net
5030	palmerbrittany	michaelmccarthy@example.net
5031	wgibson	lbradley@example.org
5032	lbenson	vhart@example.com
5033	pjensen	sandydavis@example.com
5034	ndiaz	uwest@example.org
5035	amandaparks	caitlin90@example.org
5036	whiteheadmarc	brownpam@example.net
5037	berrymichael	steven56@example.net
5038	salinasderrick	travishall@example.com
5039	robinmcconnell	clarkrichard@example.net
5040	fclarke	christopher69@example.org
5041	vryan	brenda18@example.net
5042	jacobcastillo	parkerashley@example.com
5043	victoria01	hansenkim@example.com
5044	randyholloway	harrisjoshua@example.net
5045	qcrawford	fcarter@example.org
5046	pattersontammy	hodonnell@example.com
5047	ilong	tanyagardner@example.net
5048	christopher43	stewartelizabeth@example.org
5049	phillip19	ymueller@example.com
5050	heathermorales	vhansen@example.net
5051	amber06	gnicholson@example.com
5052	anthony47	mariacarpenter@example.net
5053	andrea27	ggonzalez@example.com
5054	danieldawson	rbrown@example.com
5055	umcdowell	colemary@example.net
5056	jordan61	wrightelizabeth@example.net
5057	coreygutierrez	victorialawson@example.net
5058	carlafry	morriskyle@example.com
5059	todd05	thomas52@example.com
5060	fieldsvalerie	warnertrevor@example.org
5061	mcclurelisa	carlsontimothy@example.com
5062	daniel47	salastimothy@example.org
5063	tuckerjulie	rebekahkemp@example.org
5064	vincentwilkerson	karen35@example.com
5065	krystallane	thomasluna@example.org
5066	dreed	jennifer96@example.net
5067	johnsoncaroline	banksjames@example.org
5068	jason50	melissa34@example.com
5069	justincarroll	kimberlypena@example.org
5070	nperkins	jolson@example.org
5071	jbass	norr@example.net
5072	umoon	nlove@example.com
5073	michaelwells	faith40@example.net
5074	sfleming	martinezbruce@example.org
5075	hclark	christopher81@example.net
5076	bellpatricia	megan02@example.org
5077	jonathanblevins	jamesfloyd@example.net
5078	dustinclayton	webbcrystal@example.org
5079	davidlawson	mitchelljames@example.org
5080	john55	michael34@example.org
5081	bondlori	mcclainedward@example.com
5082	katherinediaz	cwhite@example.net
5083	louis08	kristin65@example.net
5084	amandawilliams	adkinsjames@example.net
5085	justin34	ashley71@example.org
5086	summer01	colemanmorgan@example.org
5087	jonathanhanson	michelle89@example.com
5088	calhounmark	stephaniesanders@example.net
5089	caineric	higginslinda@example.com
5090	edwardscarmen	garyalexander@example.org
5091	xmoore	pamela34@example.org
5092	craigdavis	palmerwhitney@example.com
5093	tanyahill	campbellkyle@example.org
5094	meghan07	calhounchristopher@example.org
5095	beckyhart	frussell@example.net
5096	markgallegos	cgriffin@example.org
5097	andrew43	vcarney@example.org
5098	dillonlisa	hallcourtney@example.com
5099	johnsonmichael	lcooper@example.org
5100	jlong	smithjames@example.com
5101	rowecharles	williamdillon@example.org
5102	allenmorrow	theresacurry@example.net
5103	amandamiller	gcochran@example.com
5104	jonesjason	njohnson@example.net
5105	wdiaz	tallen@example.com
5106	norr	justin47@example.org
5107	michaelknox	gary05@example.com
5108	zacharyjohnson	jose72@example.org
5109	lori31	watkinsmichelle@example.net
5110	gsantiago	brivera@example.org
5111	stuartchad	jasonlowery@example.com
5112	craig09	stonedavid@example.net
5113	hayneskerri	yrussell@example.com
5114	phillipsdaniel	dana01@example.net
5115	keith83	clarkcraig@example.org
5116	holly72	edward38@example.com
5117	juliewilliams	renee30@example.org
5118	bill63	dgray@example.net
5119	perryward	campbellcody@example.com
5120	ugarrett	walsheric@example.org
5121	mcdowellkrista	jarvischristina@example.net
5122	jessicawatson	jacksonedward@example.net
5123	rbenson	catherine50@example.com
5124	schneidereddie	simmonsbriana@example.net
5125	daniellethompson	silvaaustin@example.org
5126	michaelriddle	nathan05@example.com
5127	austintorres	allison53@example.net
5128	alexandermarcus	perrygray@example.net
5129	gdavis	jamesallen@example.net
5130	christinesteele	nruiz@example.com
5131	bradshawdorothy	terrybelinda@example.net
5132	sarah59	jamesjackson@example.com
5133	harrisdarryl	cynthia59@example.com
5134	jennifershields	pateljessica@example.com
5135	collinsjason	juliacampbell@example.net
5136	jmonroe	vfrazier@example.org
5137	fdavies	mnorman@example.com
5138	amy97	lyoung@example.net
5139	murrayamanda	tdominguez@example.org
5140	kristipatterson	khansherri@example.org
5141	wardsamuel	xrodriguez@example.com
5142	nwelch	nbrown@example.com
5143	kbeasley	jeffreyortiz@example.net
5144	barbaradavis	laura58@example.org
5145	moorelaura	rojasjose@example.org
5146	denise37	johnsontara@example.com
5147	jesse92	aguilarnicole@example.com
5148	woodsdouglas	craigwalker@example.net
5149	ellisdawn	nunezmatthew@example.org
5150	jeffrey89	pamelaperez@example.org
5151	gouldroger	carpenterscott@example.org
5152	ashley44	lovethomas@example.org
5153	zbrown	elowe@example.com
5154	terrychristina	obailey@example.net
5155	christopher10	fischerjoseph@example.net
5156	rose41	nmurphy@example.org
5157	ikirby	westtamara@example.net
5158	teresamcfarland	lbates@example.net
5159	james58	john03@example.org
5160	jerrygreen	nsmith@example.org
5161	garrett40	rsteele@example.net
5162	richard87	michaelfranco@example.com
5163	gibsonnancy	debbie08@example.net
5164	jasonperry	sanchezleslie@example.net
5165	ymurphy	smithelizabeth@example.com
5166	gonzalezdavid	jessicaatkinson@example.org
5167	freemanapril	iburke@example.net
5168	janice37	brad06@example.com
5169	sarahyoung	byrdpatrick@example.com
5170	doylejack	cheryl72@example.com
5171	johnsonlisa	blewis@example.net
5172	lisarivera	keithmegan@example.net
5173	yrivera	hortonjoshua@example.net
5174	mendozakimberly	samantha85@example.com
5175	ybryant	cummingskristen@example.com
5176	zavalamelissa	lauren19@example.net
5177	mossstephanie	michaelcollins@example.com
5178	michaelperez	garciajohn@example.org
5179	fvaughn	pughbryce@example.com
5180	rlopez	curtismichael@example.com
5181	eatonkimberly	derekwatkins@example.net
5182	harrisdeanna	jeffreyortega@example.net
5183	robin91	karengarcia@example.com
5184	jeremy56	kaylapeck@example.org
5185	patrickdavis	kwhite@example.com
5186	jwebster	juliethomas@example.net
5187	hannahmorgan	alisonavila@example.com
5188	williamatkins	ihenderson@example.com
5189	sandovalashley	williamwalker@example.com
5190	slee	vincentbrittany@example.net
5191	billymiller	egreen@example.com
5192	ruth93	chelseyhunter@example.net
5193	ctorres	wmartinez@example.com
5194	jennifermoore	ashlee92@example.org
5195	donna12	valerie84@example.net
5196	murphysydney	smithheather@example.net
5197	scottroberts	ballardsarah@example.net
5198	bowenrebecca	zacharythompson@example.net
5199	lisa92	susan06@example.com
5200	jameshatfield	qstevenson@example.com
5201	donaldblankenship	poncelisa@example.org
5202	ryan16	uferguson@example.org
5203	bakeralicia	ramirezbrianna@example.org
5204	cody58	christina00@example.net
5205	wmitchell	tara64@example.com
5206	amy13	ryan09@example.net
5207	vanderson	kevin93@example.com
5208	austin46	tiffany77@example.net
5209	smithtammy	richardjeremy@example.net
5210	thomaswilliam	dixondeborah@example.com
5211	hunterjennifer	uchristensen@example.net
5212	christopherrose	jmurray@example.org
5213	arobertson	regina12@example.com
5214	blackrebecca	lbanks@example.net
5215	kingbrian	alan64@example.org
5216	lisa37	brittanyponce@example.com
5217	williamsamber	nhernandez@example.com
5218	gonzalesmartha	morrisonjamie@example.com
5219	smatthews	kjordan@example.net
5220	christine23	sarah73@example.net
5221	charles70	tara56@example.net
5222	jpeters	jenniferwilliams@example.com
5223	richardsonnatalie	stephencasey@example.net
5224	tracy97	paynejohn@example.net
5225	nconner	estradaalison@example.net
5226	nicole53	wileytony@example.com
5227	castrostephanie	chavezmichelle@example.net
5228	robertsadrienne	sanchezjulia@example.org
5229	fnelson	dorothywebb@example.net
5230	donnasimpson	juankirby@example.com
5231	jenniferdavis	bryancole@example.org
5232	barbara43	bryanbrad@example.com
5233	uboyd	williamsdavid@example.com
5234	daniellebrown	mileszachary@example.net
5235	scotthale	bowerswayne@example.com
5236	andrewklein	aherman@example.net
5237	austinbond	rallen@example.net
5238	moorecindy	ericwest@example.net
5239	diazdennis	benjamin96@example.net
5240	aaron29	bryan30@example.org
5241	ginacollins	michaelpugh@example.org
5242	wilsonwendy	aguilarelizabeth@example.net
5243	bowenjulie	johngray@example.net
5244	pricegina	emichael@example.org
5245	rburton	austinrussell@example.com
5246	greenemonica	dhenry@example.com
5247	vshah	adrian34@example.com
5248	allen69	lperez@example.com
5249	pamelajones	pateljenna@example.com
5250	smithconnor	wangjoseph@example.net
5251	nicholas89	twright@example.net
5252	johnthomas	greg65@example.com
5253	sarahprice	gregoryjones@example.net
5254	ntorres	flemingtyler@example.net
5255	richardbecker	loliver@example.com
5256	matthewneal	zmitchell@example.org
5257	sfisher	elizabeth08@example.net
5258	powellnathaniel	talvarado@example.net
5259	daniel09	samuelray@example.net
5260	diamond55	schmittbrian@example.net
5261	floresharry	dakotalewis@example.com
5262	denisebowers	vgraham@example.net
5263	zbaker	brooksjerry@example.com
5264	tonya48	qhuff@example.net
5265	benjaminlong	hammonddevin@example.com
5266	carterwilliam	ctaylor@example.net
5267	matthewhumphrey	daniel11@example.net
5268	meyermichael	nmason@example.net
5269	williamhardy	browndonna@example.com
5270	holly48	zdrake@example.com
5271	hugheskim	ulane@example.com
5272	jeffcantrell	sophia18@example.com
5273	hendrixnatalie	jermaine01@example.com
5274	brandon77	dbaird@example.com
5275	joseph93	heatherfrench@example.com
5276	carol53	ntaylor@example.org
5277	ahunt	tmartinez@example.org
5278	melissa35	simmonsjonathan@example.com
5279	awelch	fbrooks@example.org
5280	meganthompson	suzannemayer@example.org
5281	joshua83	hhicks@example.com
5282	brandon40	nharrison@example.org
5283	amandakey	sjohnson@example.org
5284	linda52	edward66@example.com
5285	howardashley	allison13@example.com
5286	turnermelissa	brownrhonda@example.com
5287	spenceramanda	aflores@example.com
5288	knightharry	cherylrich@example.org
5289	kim89	nicole63@example.org
5290	rebeccareid	sharonbarnett@example.org
5291	kevin81	davisbenjamin@example.net
5292	deborahjohnson	michellereed@example.com
5293	staceyrivera	youngdeanna@example.net
5294	shannonnichols	raymond58@example.net
5295	daniel62	alexanderliu@example.net
5296	emily89	cynthiamarsh@example.com
5297	sandracarey	jerryjackson@example.org
5298	natashafarmer	janice89@example.net
5299	stacey72	rcruz@example.org
5300	scottburke	wilcoxbrian@example.net
5301	bprice	monicamills@example.org
5302	lucaskelly	hmyers@example.net
5303	fryjonathan	grossheather@example.com
5304	kevin50	ricky85@example.net
5305	paul51	cameron09@example.org
5306	patriciasoto	boneill@example.net
5307	ortizdevin	jenniferstewart@example.net
5308	baileytimothy	nsherman@example.org
5309	thomas24	mark05@example.com
5310	sdavis	pricealec@example.com
5311	fredbutler	raymond53@example.net
5312	grayregina	hannah29@example.com
5313	vmaynard	lauramorales@example.org
5314	dhammond	ashley96@example.org
5315	mosleymorgan	lesliecastillo@example.org
5316	allentimothy	natashanewman@example.org
5317	susanyoung	laurenlewis@example.org
5318	luis58	weaverduane@example.com
5319	rodriguezsheila	william02@example.org
5320	davisbradley	michele52@example.net
5321	randychristian	murphyjanet@example.net
5322	mcruz	caroline87@example.org
5323	kelli28	xvargas@example.net
5324	lisa12	ftrujillo@example.org
5325	adrian27	danielrodriguez@example.net
5326	rowebarbara	randallisaac@example.org
5327	bobbygutierrez	inavarro@example.org
5328	stephanie22	sherrijones@example.org
5329	melissa59	anna63@example.com
5330	cooperwilliam	lindahughes@example.org
5331	smiller	robinsonjohn@example.net
5332	zlawrence	brianhall@example.org
5333	erinperez	anthonycarter@example.com
5334	wsteele	emiller@example.com
5335	johnparker	jill38@example.org
5336	klambert	johnsonangela@example.net
5337	angelanewman	richnicole@example.net
5338	gonzalesdaniel	anthony76@example.org
5339	jasonevans	christinarivera@example.org
5340	hubbardtammy	samuelbaldwin@example.com
5341	brittany60	gbutler@example.com
5342	christopherkelley	williammurphy@example.org
5343	reginald62	stevenskari@example.org
5344	emily11	lorihodge@example.net
5345	gregory65	erin86@example.com
5346	klawson	zweber@example.com
5347	lori94	brookewillis@example.com
5348	ccrane	powersjohn@example.com
5349	gordoncathy	clarkmichael@example.net
5350	fmartin	tblack@example.org
5351	bradleycurtis	torresmelanie@example.net
5352	erikwaters	ereilly@example.org
5353	jasonwells	johnsonjennifer@example.com
5354	marymartin	morrispaul@example.net
5355	dmcdaniel	patriciapayne@example.org
5356	ubradshaw	rhodeskristen@example.com
5357	cchan	betty46@example.com
5358	martinsalas	vbridges@example.net
5359	johnsonjennifer	williamswilliam@example.com
5360	kimberly78	zvargas@example.org
5361	william16	patriciaschaefer@example.org
5362	gchristensen	lindalane@example.net
5363	lewisxavier	jennifersmith@example.org
5364	eric06	oharris@example.org
5365	thompsonmelissa	jerrymason@example.com
5366	wolfsherry	thomas04@example.net
5367	erica18	kconner@example.org
5368	brian08	evanedwards@example.net
5369	terri73	donaldblair@example.com
5370	dianegordon	vwright@example.org
5371	henry41	angelawoods@example.net
5372	wcontreras	jenniferjohnson@example.com
5373	joseph89	jonesmegan@example.com
5374	tbishop	scott04@example.net
5375	cindyreed	lpalmer@example.net
5376	dominguezbrian	jenniferhodges@example.com
5377	keithhughes	wrios@example.com
5378	kristenrobinson	lopezchristopher@example.org
5379	petersonmatthew	garzajoshua@example.org
5380	scarter	edwardsjessica@example.com
5381	kirbyfelicia	veronica98@example.net
5382	xjordan	boothconnie@example.net
5383	jennifer08	chernandez@example.com
5384	kenneth62	james90@example.org
5385	hudsonpaul	stephanie60@example.net
5386	adam60	yoliver@example.org
5387	lmitchell	santosjohn@example.net
5388	christopherhahn	qgood@example.net
5389	emoody	gavinprice@example.com
5390	stevenleon	elizabethweaver@example.net
5391	uwebb	meghanthompson@example.net
5392	morenocrystal	jchaney@example.com
5393	katherinemoreno	marykirby@example.com
5394	sandra34	daviskristie@example.org
5395	hlucas	mcintyrecurtis@example.net
5396	jilldurham	katiecooper@example.org
5397	tarabeck	scottanne@example.org
5398	kari98	ygarrett@example.net
5399	nsavage	rodney22@example.com
5400	zfischer	heather52@example.com
5401	justin44	nferguson@example.net
5402	cynthiasimpson	patrick15@example.com
5403	aaroncooper	laurie94@example.com
5404	dustinpatel	robertsjared@example.org
5405	steven96	ashley06@example.net
5406	lovecourtney	ubrown@example.org
5407	sydneyhall	vbenitez@example.net
5408	kimberly92	moniquemartin@example.org
5409	mcdowellbrooke	brandon57@example.org
5410	lewisfrank	briannavarro@example.net
5411	rubioroger	crystal22@example.net
5412	hollystone	michelle73@example.net
5413	kristinlarsen	davidroth@example.com
5414	lorithompson	brendacruz@example.org
5415	logankelley	amy81@example.org
5416	shanetanner	gomezkimberly@example.net
5417	paul16	flynnfrancisco@example.org
5418	amywebb	shellybaker@example.org
5419	robertsjennifer	brett83@example.org
5420	richardmoreno	riveramiguel@example.net
5421	brenda00	stevenjohnson@example.net
5422	greg98	billygordon@example.com
5423	patricia74	davidclark@example.org
5424	nicholas68	rebecca83@example.com
5425	brett32	morgancollins@example.com
5426	mcbridekelly	smartin@example.com
5427	ksanchez	leechristopher@example.org
5428	jdouglas	brittany28@example.net
5429	jennifer19	schmidtlaura@example.com
5430	melissaraymond	schultzveronica@example.org
5431	williamsgregory	ryanmerritt@example.org
5432	jeffcastro	jesse77@example.com
5433	floydjoseph	henryjennifer@example.org
5434	mhardy	armstrongkatie@example.com
5435	thomas85	russellkenneth@example.com
5436	bcruz	sgreen@example.net
5437	jimenezemily	kelly02@example.com
5438	uharmon	sophiarodriguez@example.org
5439	jason68	karen05@example.org
5440	aaron63	morrisonedward@example.net
5441	carrdaniel	nfreeman@example.net
5442	robert21	alicia77@example.com
5443	chad45	nicoletaylor@example.net
5444	ashleymiller	montgomerybrenda@example.org
5445	apacheco	deborahtorres@example.net
5446	thorntonthomas	sbrown@example.net
5447	beasleycourtney	mstein@example.net
5448	smueller	kyleclark@example.com
5449	coreytaylor	maymegan@example.com
5450	ericaallen	hurstalbert@example.org
5451	sboone	waltonjoseph@example.org
5452	bsmith	pbuck@example.net
5453	esmith	kimphillips@example.org
5454	rmorrison	jesus29@example.net
5455	alvarezcharles	barbarathomas@example.net
5456	tcruz	matamonica@example.net
5457	kellyschneider	garciaryan@example.org
5458	dunnbenjamin	kevinwilliams@example.net
5459	kelly96	ronaldwalker@example.net
5460	jamie26	dawn69@example.com
5461	sarah07	vclayton@example.com
5462	caitlin13	sblack@example.net
5463	connercarlos	hunterjose@example.net
5464	eric83	mitchellcrystal@example.org
5465	lindsay81	xsmith@example.org
5466	mcdowelljoseph	kurt45@example.com
5467	harrislisa	amandarojas@example.com
5468	angelarichards	kross@example.com
5469	barbara97	hartlisa@example.com
5470	torresdavid	rmiller@example.net
5471	carol32	reyesmarissa@example.net
5472	smithallison	bridget72@example.com
5473	jamie49	sydneyrodgers@example.net
5474	sbullock	lindaphelps@example.net
5475	qdavis	usilva@example.org
5476	chris60	michael30@example.net
5477	cheyennehayes	anthonywilliams@example.net
5478	smithcraig	diane51@example.org
5479	bferguson	jchoi@example.org
5480	blakejacobs	osellers@example.org
5481	guerradawn	richardmoody@example.org
5482	nguyenkristin	richardlin@example.net
5483	johnstephens	brittany33@example.net
5484	esimpson	ntorres@example.org
5485	bdickson	jamesking@example.net
5486	nicholasprince	john81@example.org
5487	whitney57	mercedeslloyd@example.org
5488	emilyavila	woodskenneth@example.net
5489	whitneybush	schneiderashley@example.com
5490	antonio65	wtanner@example.org
5491	gutierrezshawn	thatfield@example.org
5492	sjenkins	devintorres@example.org
5493	leemolina	hernandezdiana@example.net
5494	george69	adamskathy@example.net
5495	rickyryan	bakerbrandon@example.com
5496	sarah09	pyates@example.org
5497	brandybuck	laura67@example.org
5498	daltonharris	cynthiaking@example.com
5499	xrose	zacharyadams@example.com
5500	laurieramos	janderson@example.net
5501	brendanyoung	sarahthomas@example.net
5502	michellenorris	jacob81@example.com
5503	brett75	ldalton@example.org
5504	vaughantimothy	xwilliams@example.net
5505	bberry	davidhenderson@example.com
5506	andrew45	frankbyrd@example.org
5507	gomezchristine	wrivera@example.org
5508	qmyers	yrodriguez@example.net
5509	atkinsanthony	ecabrera@example.net
5510	timothyromero	joshua53@example.com
5511	evansstephanie	vtaylor@example.com
5512	brandon26	robinsonnicholas@example.org
5513	jbrock	kenneth83@example.net
5514	williamskimberly	lewiswilliam@example.org
5515	cooperangela	mooreeric@example.net
5516	bmorris	ntrujillo@example.net
5517	joanne67	tinaparsons@example.net
5518	ryansmith	melissaterry@example.net
5519	mitchelldavid	hlogan@example.net
5520	anthony27	ronald69@example.net
5521	mmccormick	sanderskatie@example.net
5522	agoodwin	josebrown@example.com
5523	xlong	yclark@example.net
5524	hellis	jonesdanielle@example.com
5525	thomas26	anthony32@example.com
5526	jordanbryan	chadsellers@example.com
5527	robertmurphy	pdavis@example.com
5528	goodandrea	tmiller@example.net
5529	jeffery08	davidcurtis@example.com
5530	eric74	sbutler@example.com
5531	erin92	michael68@example.net
5532	jonanderson	wolfeeric@example.net
5533	ydalton	calderonmadison@example.org
5534	cindygraham	davidlivingston@example.org
5535	armstrongrandy	tracyhoover@example.net
5536	angelawhitaker	carriecollins@example.com
5537	alyssa64	smithkaitlyn@example.net
5538	lbrady	alyssa61@example.org
5539	tuckerjohn	iwhite@example.com
5540	katelyn25	dicksonbruce@example.org
5541	waltersmith	qthompson@example.net
5542	amanda78	lopezjustin@example.org
5543	james66	nrobinson@example.net
5544	hernandezsabrina	jamesholmes@example.com
5545	dthomas	david55@example.net
5546	iangarcia	vanessa78@example.org
5547	kristin74	michael57@example.org
5548	williamsricky	robertsonjames@example.net
5549	vdonovan	bburke@example.net
5550	rmartinez	vbeck@example.net
5551	ashleybrown	cgriffith@example.net
5552	jamesowen	ismith@example.net
5553	bensonjoseph	elizabethgraham@example.net
5554	bsantana	odiaz@example.net
5555	cmunoz	margaret29@example.net
5556	kristenwatson	potternicole@example.org
5557	dbaker	jason84@example.org
5558	melissaharrison	cmcfarland@example.net
5559	barbara42	garnerhayley@example.net
5560	melissaschultz	orasmussen@example.org
5561	chadyoder	dhiggins@example.net
5562	ibaker	landerson@example.com
5563	kristi88	williamsdon@example.net
5564	tristan04	mary15@example.org
5565	hardyalyssa	lopezashley@example.com
5566	jonathanwilliams	hubbardsuzanne@example.com
5567	omyers	wsolis@example.org
5568	oscargomez	dpena@example.com
5569	jeffreycole	andrew82@example.org
5570	john00	emcbride@example.net
5571	gonzalezjose	gatesjennifer@example.net
5572	samantha25	clinton37@example.com
5573	johnny09	john37@example.net
5574	williamcastillo	mckinneyrick@example.org
5575	cookbrian	fstrickland@example.org
5576	keithstark	amy22@example.org
5577	jeffreyperkins	evan90@example.net
5578	woodselizabeth	longalicia@example.net
5579	matthewgarcia	matthewbolton@example.net
5580	ovega	lwebb@example.net
5581	courtney59	wardbonnie@example.net
5582	richard35	denise88@example.com
5583	woodslaura	robinolson@example.net
5584	clarktara	williamdavis@example.net
5585	randy97	medinatony@example.org
5586	matthewreyes	gina13@example.net
5587	michaelmartin	vlambert@example.net
5588	oosborn	joseph89@example.org
5589	umeyer	mkennedy@example.net
5590	brendanjohnson	cookstephen@example.net
5591	zachary56	andersonjocelyn@example.com
5592	hrowe	brian86@example.net
5593	zorr	joshualong@example.net
5594	ograham	johnwood@example.org
5595	christopher89	laurenwong@example.net
5596	jasondoyle	tjones@example.org
5597	amy16	ajones@example.org
5598	ile	baustin@example.net
5599	ryan32	lesliewoodward@example.net
5600	washingtonmichelle	hunterrobert@example.com
5601	lonnie42	delgadoerin@example.net
5602	wkaiser	warrenteresa@example.com
5603	fbrown	hubbardjoseph@example.org
5604	vtucker	loriowens@example.com
5605	robert81	richardssally@example.com
5606	brandon45	nataliebrady@example.net
5607	sharondaniel	millspatrick@example.com
5608	smithmarissa	tonybeard@example.net
5609	ojohnston	jennifertaylor@example.org
5610	smithbonnie	allisonfigueroa@example.net
5611	pughsarah	bvargas@example.org
5612	russell88	yzimmerman@example.com
5613	rachel38	shawmichael@example.org
5614	jonesearl	ramoscraig@example.net
5615	drocha	beth61@example.net
5616	nguyenamber	kristina25@example.org
5617	brentdavis	chavezpaula@example.net
5618	garywilson	alvarezgrant@example.net
5619	schaeferanthony	walleric@example.net
5620	thompsonkatherine	vazquezamy@example.net
5621	brandongonzalez	christopherharris@example.org
5622	brittanymorrison	lanelynn@example.net
5623	michellecarter	stephanie30@example.org
5624	gilbertrichard	andreakelly@example.net
5625	samuel05	lgonzales@example.org
5626	marylopez	anitacruz@example.net
5627	bkent	robbinsmelissa@example.com
5628	matthewpearson	watsonerin@example.net
5629	smitherika	brownnathan@example.com
5630	evansjames	michaelwise@example.com
5631	dwaynewoods	romeroheather@example.org
5632	unovak	perezscott@example.com
5633	jenniferblair	holmeseric@example.org
5634	allengross	crystalday@example.net
5635	clewis	torresstephanie@example.org
5636	adamsjeremy	sarahwright@example.org
5637	michaelsmith	broberts@example.com
5638	gprice	kristinataylor@example.net
5639	cedwards	james21@example.net
5640	brewercandace	cheryl08@example.net
5641	zoe81	amy41@example.net
5642	vcoleman	jonathangeorge@example.org
5643	nicolethomas	vegaashley@example.net
5644	scottmason	victor37@example.net
5645	dustin73	stephanie51@example.com
5646	reynoldslisa	rogersjeffrey@example.org
5647	xanderson	vdavila@example.org
5648	mcrane	josephreyes@example.net
5649	rogerbernard	william31@example.com
5650	taylor82	roblesmichael@example.org
5651	nielsenroger	gsingh@example.org
5652	pageamber	troy33@example.net
5653	joseph20	igutierrez@example.net
5654	garmstrong	patrick47@example.org
5655	webertaylor	millerwilliam@example.net
5656	cynthia04	mary69@example.com
5657	seangood	batestommy@example.org
5658	lphillips	jill98@example.net
5659	gina28	daniel96@example.org
5660	alexandrawilliams	emily40@example.net
5661	rosariostephen	mistymonroe@example.net
5662	jacqueline09	smithcarla@example.net
5663	teresamarks	williamhoward@example.com
5664	angela16	cperkins@example.com
5665	ryan18	xnguyen@example.org
5666	david41	kgarcia@example.org
5667	zacharysmith	ashleymoore@example.com
5668	brianna49	karinamora@example.org
5669	christinerodriguez	kristin43@example.org
5670	matthewchristensen	johnsonjennifer@example.net
5671	robinsoncarlos	oobrien@example.org
5672	mckaypeter	cheyennepena@example.org
5673	fgomez	waynegibson@example.org
5674	ycarroll	michellespencer@example.com
5675	jennifer76	kellyhill@example.net
5676	ybaker	johnwilliams@example.net
5677	salaslori	charles15@example.org
5678	lopezjoshua	ajenkins@example.net
5679	leah12	michael95@example.net
5680	georgemichael	nathanielmcgrath@example.com
5681	theresagarcia	jamiesmith@example.com
5682	david76	brightrobin@example.net
5683	znelson	thomasgardner@example.org
5684	jackie89	andrewdunn@example.com
5685	karen57	lhorn@example.net
5686	christopher38	michellemunoz@example.org
5687	haley39	bcampbell@example.net
5688	smithcatherine	bryantmatthew@example.org
5689	craiggoodwin	qjones@example.org
5690	harrisbryan	leslieayala@example.org
5691	christine60	cfrench@example.net
5692	scottpham	nicole68@example.com
5693	hillcynthia	morrowkevin@example.com
5694	ruthgutierrez	jamesbutler@example.org
5695	mpalmer	elizabeth97@example.com
5696	williamdawson	josephwebster@example.com
5697	sanchezjames	zacharyrivera@example.org
5698	mfreeman	kaylascott@example.com
5699	melissa21	sawyernancy@example.com
5700	joshua06	sarahnolan@example.net
5701	wrose	seth18@example.com
5702	zflynn	teresaperez@example.org
5703	sara55	andersonmichael@example.org
5704	chandlerjo	jasminehess@example.com
5705	sbeltran	shannon35@example.net
5706	kendra76	davidsonanna@example.org
5707	solomondaniel	martin13@example.net
5708	ihuang	zwilliams@example.com
5709	huangdavid	qnolan@example.net
5710	kcastaneda	billnewman@example.net
5711	keith02	rhondacastro@example.org
5712	monicajackson	michaelthomas@example.net
5713	john13	dickersonbonnie@example.com
5714	sarahmartin	vvaldez@example.net
5715	davilateresa	rsmith@example.com
5716	benjaminliu	isherman@example.org
5717	jack23	marcus21@example.org
5718	edwardrojas	cindyhogan@example.com
5719	archeraaron	davidhoward@example.org
5720	watsonkeith	cookcarolyn@example.com
5721	clintonpalmer	mendozahenry@example.org
5722	lrodriguez	scott70@example.net
5723	onichols	martinscott@example.net
5724	jmurphy	uwallace@example.org
5725	trichards	griffinbrian@example.net
5726	hernandezevan	stevenrice@example.org
5727	tuckerian	flynnkim@example.org
5728	darrell79	stevenburton@example.org
5729	adkinseileen	perezelizabeth@example.org
5730	lisatorres	jeffreylambert@example.org
5731	amandaanderson	rclayton@example.com
5732	vellis	jasonwelch@example.com
5733	julie94	cmiller@example.net
5734	hunterjackson	jacobmckay@example.com
5735	laurasalas	tonyarodgers@example.com
5736	cgonzalez	reyestamara@example.net
5737	william81	qgilbert@example.net
5738	dianahoward	nlozano@example.net
5739	benjaminmills	nealvicki@example.org
5740	teresa17	eric91@example.com
5741	juarezkristy	vherman@example.com
5742	juandavidson	christopher29@example.org
5743	david67	jamiebates@example.org
5744	fuentesjason	janicepena@example.com
5745	luisclark	otanner@example.org
5746	kcosta	cooperryan@example.net
5747	crich	nroberts@example.org
5748	okeller	ymckinney@example.com
5749	omacias	clarktimothy@example.com
5750	imullen	vjones@example.net
5751	kmorris	madelineharris@example.org
5752	jeremy78	perryjamie@example.com
5753	patricia47	qfarmer@example.com
5754	cabreradeanna	elizabethwhite@example.org
5755	tuckeranthony	patriciahoward@example.com
5756	robertrogers	morsevictoria@example.net
5757	fmullins	rebecca24@example.com
5758	parkstammy	cameron08@example.com
5759	acostawilliam	maxwelldavid@example.org
5760	eatonstephanie	iburns@example.com
5761	ugarcia	qboone@example.net
5762	thomaseaton	jonathon26@example.org
5763	holdergrant	llong@example.com
5764	katkins	dporter@example.org
5765	bayala	rebeccabarton@example.org
5766	millerlori	andrewgreen@example.org
5767	ijenkins	eric47@example.org
5768	kennethkrueger	michael10@example.com
5769	lisataylor	ppugh@example.com
5770	mgonzalez	patelcharles@example.org
5771	timothy91	alexander15@example.com
5772	lesliehanson	millerdonald@example.net
5773	pmarshall	alex53@example.net
5774	hrivas	joan38@example.org
5775	ramoskyle	rodonnell@example.com
5776	mollybailey	pwilson@example.com
5777	bcarter	mcclurekevin@example.net
5778	tyler48	jasonsanchez@example.com
5779	hmorse	isherman@example.com
5780	andrewcook	tonya48@example.com
5781	jenniferduke	mfreeman@example.com
5782	hward	jacobburns@example.net
5783	josephmelendez	francoaustin@example.org
5784	taylorwalker	matthew19@example.org
5785	heather08	thompsonjerry@example.org
5786	calvin17	garrett58@example.com
5787	hoganmatthew	ian78@example.com
5788	aaronsmith	ssexton@example.com
5789	kendrahood	pmiles@example.net
5790	cheryl99	wendy78@example.org
5791	garymckenzie	alexandernicole@example.org
5792	alexisfrazier	xcollins@example.net
5793	jacobkim	mccarthyalexis@example.org
5794	morenojuan	yherrera@example.com
5795	smithmelissa	haileyhampton@example.org
5796	jeff47	crystal90@example.net
5797	vdunn	xjacobs@example.net
5798	karenowens	christinasmith@example.org
5799	washingtonjennifer	dhernandez@example.com
5800	adamseric	kingnathaniel@example.net
5801	xflores	christinepadilla@example.net
5802	proctorhannah	sullivantodd@example.net
5803	gregory55	carolinecraig@example.com
5804	oneal	johnmartin@example.net
5805	juangordon	samantha17@example.net
5806	xcordova	brownscott@example.com
5807	harmonkevin	williamrobinson@example.com
5808	timothywilliams	brendapowell@example.net
5809	sheri85	bookerdarlene@example.org
5810	fostertracy	andersonashley@example.org
5811	fernandezjudy	allisonmarshall@example.net
5812	jessica63	rmoreno@example.net
5813	jefferydiaz	amy71@example.com
5814	ibell	rortega@example.org
5815	ritarice	mooreroy@example.org
5816	bobbylee	fernandezelizabeth@example.net
5817	jacquelinekrause	michael33@example.net
5818	aliciarodriguez	evanspaul@example.com
5819	tina32	smurray@example.com
5820	cookkyle	olucero@example.com
5821	rchapman	garnermelissa@example.net
5822	simpsonjohn	robert79@example.org
5823	jon12	timothy29@example.org
5824	palmerjohn	pamelaarroyo@example.org
5825	ginamendoza	jrobinson@example.net
5826	melissa87	kristenroberts@example.com
5827	heidi86	william07@example.net
5828	allenhailey	kristin60@example.com
5829	nathan80	ianwade@example.com
5830	tylerwright	halecarlos@example.net
5831	wroach	floreswalter@example.net
5832	joseph18	walexander@example.net
5833	turnerharry	jcarpenter@example.net
5834	paulallison	barbarawilson@example.org
5835	robin51	swilliams@example.com
5836	uhurst	zcarter@example.net
5837	williamhenry	wyattcarter@example.net
5838	ycline	angie36@example.net
5839	wriddle	harrisonmichael@example.com
5840	lindajacobs	andrearivera@example.com
5841	matthewwright	robertsamber@example.org
5842	cuevasnicholas	thomas47@example.com
5843	aaronwillis	hartkevin@example.net
5844	wfinley	wsullivan@example.com
5845	hsanders	ronaldyork@example.net
5846	kyle55	fwright@example.org
5847	eellison	lorielliott@example.com
5848	jameslewis	charlesrobbins@example.org
5849	david40	watkinslisa@example.org
5850	wrightelizabeth	andrea22@example.com
5851	monique34	gboyd@example.net
5852	larry70	kingvicki@example.net
5853	austin25	nancyperry@example.org
5854	copelandlisa	brightnancy@example.com
5855	orichardson	xhudson@example.org
5856	scottwilson	eileenwilliams@example.com
5857	wmurphy	ronaldnorton@example.net
5858	zgonzalez	edward80@example.org
5859	trevor63	kirkmarc@example.org
5860	matthew13	kaiserchristine@example.com
5861	ptaylor	nathaniellewis@example.com
5862	pamolson	alfredirwin@example.org
5863	andrea32	cantustephen@example.com
5864	jerome51	rgarcia@example.net
5865	lisaperez	kennethwilliams@example.com
5866	james08	michael10@example.org
5867	jcook	susan80@example.net
5868	crystalfrancis	annebrown@example.net
5869	millerkevin	alexanderbeck@example.org
5870	pennylong	anthonymartin@example.org
5871	smithkelsey	danny27@example.com
5872	bryan56	cynthiarobinson@example.org
5873	lbailey	aaronmoore@example.com
5874	cindythomas	uthompson@example.org
5875	nadams	molly55@example.net
5876	gutierrezmichael	mariokemp@example.org
5877	crose	johnhopkins@example.org
5878	amanda95	ohoover@example.com
5879	megan61	martinrebecca@example.net
5880	thomasharrington	jasonsmith@example.net
5881	benjaminrodriguez	franknunez@example.org
5882	jonesjeremiah	timothysanford@example.com
5883	sextonamy	sandraowens@example.org
5884	rodriguezdouglas	amandahoffman@example.com
5885	jefferyfigueroa	jennifer97@example.com
5886	catherinerivera	wwilson@example.org
5887	elizabethmontes	melissataylor@example.com
5888	millsjoseph	alexanderwilliam@example.com
5889	amynavarro	cmack@example.org
5890	browndaniel	pthomas@example.net
5891	morganjose	mitchellabigail@example.com
5892	kelly68	christopher45@example.com
5893	phillip30	stevenbowman@example.org
5894	edward58	fbarnes@example.net
5895	flynch	jessica72@example.org
5896	jacobortiz	ehansen@example.com
5897	edwardslauren	brenda93@example.com
5898	michael88	matthew24@example.com
5899	annalucas	vanessa25@example.net
5900	grandolph	randerson@example.net
5901	katherine72	janetbennett@example.com
5902	bmiller	hannahmyers@example.org
5903	jchavez	ysmith@example.org
5904	astanton	hugheskayla@example.com
5905	nicholas75	jennifer34@example.org
5906	fhoover	byrdwilliam@example.net
5907	nicholsthomas	brendajohnson@example.com
5908	roberto60	jefftrujillo@example.net
5909	lhernandez	tfox@example.org
5910	pottsbrittany	bvalencia@example.org
5911	aguirrephillip	williamsbarbara@example.org
5912	jason00	wsimmons@example.net
5913	iperry	ptaylor@example.org
5914	ubrewer	gary83@example.net
5915	lcarson	jose99@example.net
5916	michaelmyers	carlosdavis@example.com
5917	shelia93	mhenderson@example.org
5918	jacksonkathy	murraymelanie@example.com
5919	patrick50	imorrow@example.org
5920	michael27	turnerjacqueline@example.com
5921	palmerdeborah	douglaslowe@example.net
5922	karen36	cortezvanessa@example.org
5923	patrickholloway	cochranlindsey@example.org
5924	amanda85	benjaminfreeman@example.net
5925	sandraanderson	timothystein@example.com
5926	tiffany35	mirandaerickson@example.org
5927	jreeves	daniel87@example.net
5928	jessicapowell	juanchavez@example.org
5929	brenda82	qmedina@example.org
5930	annawalker	phamtanner@example.net
5931	stephaniesmith	dhill@example.net
5932	jamesoconnell	reyesrebecca@example.net
5933	robertcrawford	santiagoamanda@example.com
5934	jacobyork	charlesgood@example.org
5935	danielreed	mark06@example.org
5936	blackburnjonathan	mdavid@example.com
5937	jason53	georgesmith@example.org
5938	kendra49	jeffreyjenkins@example.com
5939	lambdenise	watsonjames@example.org
5940	karawood	zriley@example.net
5941	jennifer58	andrew62@example.org
5942	bsnyder	mwhite@example.com
5943	johnrichardson	cthompson@example.com
5944	ashleyduncan	kaylacarter@example.org
5945	timothyallen	fbyrd@example.net
5946	qreynolds	monica73@example.net
5947	tara12	james58@example.net
5948	williamsmonique	trivera@example.net
5949	rita85	alexandra53@example.com
5950	ramirezanthony	fishercindy@example.com
5951	mark10	susan92@example.net
5952	bakerchloe	rperkins@example.com
5953	donnamitchell	claytonmichael@example.net
5954	brett12	lisanorris@example.com
5955	timothy73	stevenerickson@example.org
5956	steinearl	cbell@example.org
5957	paul03	ljohnson@example.org
5958	scotttran	ymills@example.com
5959	amandacooper	palvarado@example.org
5960	sandramurray	stephaniejoseph@example.net
5961	jbaldwin	deanshannon@example.org
5962	tammyjohnson	michaelbrown@example.net
5963	paul01	nhebert@example.net
5964	samantha17	morenoamy@example.com
5965	ortizjenny	michellelee@example.net
5966	joel66	denisedalton@example.net
5967	burnsjennifer	simpsondaniel@example.com
5968	stevenpetty	kkelly@example.org
5969	jdaniels	ronald44@example.com
5970	bradbennett	pweeks@example.net
5971	christopher85	tmiles@example.org
5972	robinsonjohnny	shawn38@example.org
5973	kaufmanmargaret	ambernovak@example.com
5974	yudawn	moseswilliam@example.org
5975	glane	jnewman@example.org
5976	prodriguez	elizabeth89@example.org
5977	jamesbriggs	garrettdonald@example.org
5978	elliotttodd	munozerika@example.com
5979	briannamurphy	carl65@example.com
5980	hwilkinson	johnmichael@example.org
5981	stevenjones	allisonjohnson@example.com
5982	shelley98	kentrichard@example.org
5983	ebright	nicholas16@example.net
5984	williamholmes	potterchristopher@example.net
5985	morgancolleen	reedchristina@example.net
5986	alexperkins	stevenwu@example.com
5987	sandovalstephanie	whernandez@example.org
5988	bakerlaura	david12@example.com
5989	dianaalvarado	emma46@example.org
5990	zclark	michael32@example.com
5991	scottrichardson	jonesdavid@example.org
5992	igreene	vstevens@example.org
5993	matthewgibbs	brianna74@example.net
5994	rebekahschroeder	qchandler@example.net
5995	jcampos	armstrongnicholas@example.com
5996	jeremygutierrez	egilbert@example.com
5997	jonestammy	gbrooks@example.net
5998	isaacadams	fbrock@example.org
5999	kellytroy	josephjimenez@example.net
6000	qcarlson	agonzalez@example.org
6001	charles91	nathaniel24@example.org
6002	candicestanley	cobbdavid@example.org
6003	meadowsvalerie	oscar54@example.com
6004	sandra04	ablevins@example.com
6005	morgan98	johnsonlinda@example.org
6006	kylefox	thompsonjulian@example.com
6007	kristinemeyers	eric77@example.net
6008	antoniodixon	gina00@example.org
6009	kristasmith	jesse77@example.net
6010	ebrown	fisherpaul@example.org
6011	johnstonann	lauraramirez@example.org
6012	shanefitzpatrick	francocynthia@example.org
6013	wgoodwin	tlong@example.com
6014	natashabautista	michael65@example.net
6015	jimenezmatthew	garciadennis@example.net
6016	amy57	vbowers@example.org
6017	jamie91	hernandeznathan@example.org
6018	nunezbruce	molinateresa@example.com
6019	carrollkimberly	angelicaduncan@example.net
6020	amanda93	dennis26@example.net
6021	christina16	robert67@example.org
6022	madelinestrickland	angelica78@example.com
6023	xatkinson	lewisashley@example.com
6024	claytondavid	downsbenjamin@example.org
6025	lancegonzalez	lewisbrian@example.org
6026	thomasashley	andrewyoung@example.net
6027	kathryn34	ugriffith@example.com
6028	chungshawn	tpope@example.org
6029	ggreene	pecknicholas@example.net
6030	ldaniels	xsanchez@example.com
6031	murillochristina	farnold@example.org
6032	berggregory	john52@example.net
6033	flynnstephanie	qbowman@example.net
6034	gfletcher	kylegonzales@example.org
6035	michaelmorris	harrisonmiranda@example.org
6036	greenekenneth	hhill@example.com
6037	eric88	dblake@example.org
6038	mcollins	qcrawford@example.net
6039	kellychristine	hcarlson@example.org
6040	pagerichard	robertmurphy@example.org
6041	roybartlett	hernandezoscar@example.com
6042	aliseth	yhughes@example.com
6043	kparrish	brian60@example.org
6044	shawn66	tarmstrong@example.com
6045	stephen26	johnsonrobert@example.net
6046	lmeyers	icraig@example.com
6047	nneal	rmcclain@example.org
6048	danielwarren	michellehodge@example.org
6049	penningtonbarbara	williamsjonathan@example.org
6050	crystallee	austintimothy@example.net
6051	carrollwilliam	thomasgary@example.org
6052	mhudson	adeleon@example.com
6053	mary49	vanessa97@example.net
6054	walterstonya	jfrank@example.net
6055	wdean	nancy04@example.com
6056	deanjennifer	paulaenglish@example.org
6057	daniel19	owillis@example.net
6058	kevinleblanc	richardsrebecca@example.com
6059	nicole63	fletcherricky@example.net
6060	tayloralex	fpierce@example.org
6061	jthompson	anthonyestes@example.net
6062	griffithbrittany	zfields@example.net
6063	jeremy72	cmiranda@example.net
6064	rosemiller	wsanchez@example.com
6065	allenashley	gsimmons@example.com
6066	kaitlynoliver	johnpineda@example.com
6067	zramos	anthonymarsh@example.net
6068	emilylong	joshua80@example.net
6069	oallison	henryvazquez@example.net
6070	christopher61	matthew94@example.com
6071	melanie38	aodonnell@example.net
6072	ritavincent	benjamin17@example.com
6073	perezchristian	tsingh@example.org
6074	nharrell	monica18@example.net
6075	dmurphy	acox@example.com
6076	enolan	joeherrera@example.org
6077	sarah73	thomashoward@example.org
6078	gabriel76	lorijohnson@example.org
6079	murphyjames	williamsheidi@example.net
6080	jacobramsey	xpaul@example.net
6081	galvankelly	saraturner@example.org
6082	robertramirez	louischapman@example.net
6083	madison31	jennifer02@example.org
6084	waltersmartha	hjimenez@example.com
6085	cooperronald	dennis89@example.net
6086	stewartjamie	vluna@example.org
6087	sherry01	ryan26@example.com
6088	elizabethbell	coryhall@example.com
6089	jcooper	dkelly@example.org
6090	nathandickerson	anna52@example.com
6091	pottssarah	jwebb@example.net
6092	adamrogers	donnapadilla@example.org
6093	gregory43	wdowns@example.org
6094	kathryn73	russellnicholas@example.net
6095	rayjeffery	xperez@example.com
6096	patrick14	harperjamie@example.org
6097	stevencohen	phillipstracy@example.net
6098	lbrown	bethashley@example.org
6099	raymondstewart	samanthareynolds@example.org
6100	lewisrobert	holly82@example.com
6101	jennifer29	tracy54@example.org
6102	jason36	bryanrubio@example.org
6103	ldeleon	william56@example.net
6104	powellcassandra	gwarner@example.net
6105	wilkinsallen	jason01@example.org
6106	carlosfitzpatrick	mccarthytammy@example.org
6107	emcdowell	caseyjohnson@example.com
6108	marcusbecker	danielarcher@example.org
6109	scook	aaronbailey@example.org
6110	thomasmoreno	garrettmelissa@example.com
6111	michaelgraves	tonitucker@example.com
6112	timothyperez	saramoore@example.net
6113	sonyahutchinson	glendarogers@example.com
6114	ayates	codymatthews@example.org
6115	harrellandre	jared99@example.net
6116	gregoryanderson	joshuastewart@example.com
6117	mcmahonmary	smithjennifer@example.com
6118	joseph27	matthew76@example.com
6119	amandadavis	leebrandon@example.net
6120	dunnpaul	whunt@example.org
6121	jacquelinekeller	walshshawn@example.net
6122	cflynn	longmichael@example.org
6123	keithburton	saunderslinda@example.org
6124	cheryl18	hineskimberly@example.com
6125	pbooker	davischristopher@example.net
6126	pamelarobinson	julie69@example.com
6127	fernandezsarah	courtney47@example.com
6128	norman47	racheltaylor@example.net
6129	harrelllaura	mariahanderson@example.org
6130	andresmith	shelley24@example.org
6131	ambermartin	nmorgan@example.com
6132	leonardamanda	mikenguyen@example.org
6133	petersonrichard	melissaadams@example.org
6134	tavery	williamsandrew@example.net
6135	andersoncynthia	travis48@example.org
6136	robert69	tcummings@example.org
6137	jeremy52	hansenvanessa@example.net
6138	williamballard	corey28@example.org
6139	bwilliams	jadejohnson@example.org
6140	michael26	ywest@example.com
6141	taylorteresa	juan43@example.net
6142	jason96	wmathis@example.org
6143	manuel63	kayla58@example.org
6144	dakota06	sarah72@example.net
6145	alvaradohenry	jenniferlucas@example.com
6146	bishopbradley	brobinson@example.org
6147	pooleashley	stewartdebra@example.com
6148	tammybrown	ashleyking@example.com
6149	sarahjohnson	sanchezrodney@example.com
6150	jodiyu	alexakelly@example.org
6151	tiffany27	gentryjohn@example.org
6152	xmercer	jonescheryl@example.net
6153	cody02	tbass@example.net
6154	geraldgriffin	nelsonmiranda@example.net
6155	chelsey49	brian43@example.net
6156	scottford	maytodd@example.com
6157	westsarah	melissagonzalez@example.com
6158	chapmancharlotte	victortodd@example.com
6159	robertmurillo	douglas58@example.org
6160	tamara76	melissa15@example.net
6161	bryanlam	michellewalker@example.net
6162	cooperrachel	avilaaudrey@example.com
6163	jasonfisher	kathryn24@example.org
6164	jonathanbradford	ashleypierce@example.com
6165	dustin31	igraham@example.net
6166	tranmelissa	lwyatt@example.org
6167	carolyn24	gpollard@example.com
6168	michelle17	arroyochristopher@example.net
6169	zmartinez	wjensen@example.com
6170	mwilliams	jamiewalls@example.net
6171	jaime18	kathleen57@example.net
6172	ecordova	samanthawashington@example.org
6173	acurtis	jordanrachel@example.org
6174	barnessuzanne	mhernandez@example.net
6175	ybell	jamesvalenzuela@example.org
6176	jonesjennifer	vsmith@example.org
6177	xmitchell	pjones@example.org
6178	phillipsabigail	adriennerichardson@example.net
6179	ellisnicole	paul10@example.net
6180	simmonsamy	nancy77@example.net
6181	newmantonya	sherry42@example.net
6182	monicamiller	prestonpowers@example.org
6183	georgerichardson	ortizjustin@example.com
6184	michaelprince	michelle14@example.net
6185	sloanroy	kylejones@example.com
6186	joe02	icruz@example.com
6187	nathaniel60	yward@example.org
6188	grace76	walter46@example.net
6189	mariabutler	courtneyknox@example.com
6190	kimnelson	jeffreyadams@example.com
6191	cruzsamuel	whitney61@example.net
6192	marie15	jgriffin@example.org
6193	samuel03	ythompson@example.com
6194	kennethclark	heathbradley@example.com
6195	camachostephanie	donna35@example.net
6196	rkemp	christopher83@example.com
6197	hilltom	jennifer32@example.org
6198	wrightkathy	qho@example.net
6199	smithcarolyn	mhayes@example.net
6200	glopez	kenneth07@example.org
6201	qhopkins	crossmichelle@example.org
6202	owensdaniel	brentcooper@example.org
6203	smithmatthew	garytaylor@example.net
6204	christinefernandez	mccalleugene@example.net
6205	cpena	taylor74@example.org
6206	firwin	nielsenalison@example.com
6207	thomas52	ejoseph@example.org
6208	uvasquez	browndanielle@example.net
6209	ryanburke	wballard@example.org
6210	gillwilliam	davidmichelle@example.org
6211	kruegerkimberly	matthewsmith@example.com
6212	everettregina	eric78@example.com
6213	alex29	xwalker@example.net
6214	wolfehelen	ehayes@example.com
6215	eatkins	ireid@example.org
6216	wardbrittany	masontammy@example.org
6217	felicia47	kelseyspears@example.com
6218	jeremy77	harrisonashley@example.net
6219	erobinson	zrangel@example.net
6220	andersonrichard	wadejade@example.org
6221	christopherpierce	kristenbutler@example.com
6222	dana71	urodriguez@example.net
6223	jenniferkelley	paynestephanie@example.com
6224	tyler38	bvaughn@example.net
6225	sheenabrewer	watkinsshawn@example.org
6226	bowengerald	josephhancock@example.net
6227	thomasroberts	paige93@example.org
6228	mary89	fcarrillo@example.com
6229	holly62	heather89@example.com
6230	michael94	janicesosa@example.net
6231	bsanchez	perrymichael@example.org
6232	jessica86	ftucker@example.net
6233	smithshelly	peter03@example.net
6234	gonzaleskelly	cbrowning@example.org
6235	dshelton	jill82@example.com
6236	chadrosales	kjones@example.org
6237	canderson	michaelfritz@example.net
6238	morganashley	vwebb@example.com
6239	valeriemartin	lawrence04@example.net
6240	xmendez	sandersgeorge@example.com
6241	juanlopez	waltersjacob@example.org
6242	amiles	rhondamoore@example.net
6243	ncampbell	mariawilliams@example.net
6244	webbjohn	salvarez@example.org
6245	kirbycasey	kenneth62@example.net
6246	morganjessica	rhondathompson@example.net
6247	gutierrezjohnathan	rlewis@example.net
6248	orrcindy	prestoncarolyn@example.org
6249	zsmith	gillnathan@example.net
6250	farmerricardo	perrysara@example.org
6251	chadmcbride	amandajones@example.com
6252	hernandezsue	barnescarl@example.com
6253	lucaskathleen	jonathanklein@example.com
6254	marilynobrien	anthony88@example.net
6255	heatherbeard	thorton@example.com
6256	vperry	xanderson@example.org
6257	nicholas38	youngmisty@example.com
6258	bwhite	wlester@example.org
6259	wendy82	sarahwatkins@example.com
6260	pmartin	shannon34@example.net
6261	yelliott	lawrence00@example.net
6262	hsanchez	thompsonjessica@example.com
6263	owilson	chenderson@example.com
6264	lboone	cherylmartinez@example.net
6265	wthompson	johnkelley@example.org
6266	dstewart	jenniferaustin@example.org
6267	callahanjennifer	fuentesgabriel@example.net
6268	lburgess	jacobhutchinson@example.org
6269	cpayne	mckinneyanna@example.org
6270	sarah88	pricepatricia@example.com
6271	johnlam	lmorgan@example.net
6272	qmcclain	ryan79@example.com
6273	ppierce	sarah27@example.org
6274	scottclark	katrinawood@example.com
6275	obriencory	karacaldwell@example.net
6276	suzanne90	dixonalexis@example.org
6277	william39	uflynn@example.net
6278	ayoung	evansaudrey@example.com
6279	mneal	wilsonmelanie@example.org
6280	danny12	hpace@example.net
6281	dgarcia	livingstonwayne@example.com
6282	cjackson	ycortez@example.com
6283	glong	martinezsandra@example.com
6284	brittanyevans	tayloradam@example.org
6285	martinphillips	njackson@example.net
6286	kathleenthompson	kjones@example.net
6287	gclark	byrdjustin@example.org
6288	qberg	gmelton@example.com
6289	stephen28	jramirez@example.org
6290	dgeorge	makayla69@example.com
6291	vcastillo	colesally@example.net
6292	barry05	kanekevin@example.org
6293	adamcox	nancymurphy@example.com
6294	patrickflores	michelemcgee@example.net
6295	victoriastanley	pvalenzuela@example.org
6296	nfuller	pcampbell@example.com
6297	justinoconnor	phillipcarey@example.com
6298	gregoryperez	kellyrichard@example.net
6299	davidharris	katherineevans@example.com
6300	stanleymichael	judithrose@example.com
6301	cynthia14	alexandriasummers@example.org
6302	swalker	xhenry@example.org
6303	denniskristin	nelsonamanda@example.com
6304	jnorton	vanessabowers@example.net
6305	xsoto	francis58@example.org
6306	holmesbrandi	justin55@example.com
6307	brennantheresa	dfarmer@example.net
6308	jorge04	vbaker@example.net
6309	piercecatherine	ucook@example.org
6310	juan80	crystalpatterson@example.com
6311	brandiperez	mmarshall@example.com
6312	elizabethwise	robinsondennis@example.org
6313	fraymond	stacyjordan@example.org
6314	martha02	michaeljones@example.com
6315	smithkim	gwilliams@example.com
6316	hgonzalez	johnsondavid@example.org
6317	farrellrhonda	pneal@example.net
6318	fwilcox	cthompson@example.org
6319	wilsonrobert	jacksonmatthew@example.net
6320	csimmons	angelawalker@example.com
6321	agriffin	ochoakenneth@example.com
6322	valdezkyle	jasonwilliamson@example.com
6323	scottwalker	martineztina@example.org
6324	stephanie74	lambdavid@example.net
6325	rmolina	krystal26@example.net
6326	sprice	kristin36@example.net
6327	morriserin	stephanie48@example.com
6328	anthonyjones	rogerswhitney@example.com
6329	gallegoselijah	jimmywilson@example.org
6330	heatherwilliams	annegreen@example.net
6331	robert01	ucarter@example.com
6332	flynnjohn	joan01@example.org
6333	perezrobert	vjones@example.org
6334	karen78	ksullivan@example.net
6335	scottsimpson	christinaroberts@example.net
6336	dianakennedy	mwood@example.net
6337	fernando05	ulin@example.net
6338	morganamy	erinbrown@example.org
6339	cgreene	tuckerjulie@example.org
6340	christophermurphy	spencerjohn@example.net
6341	steven15	emily00@example.net
6342	kevin31	gharper@example.net
6343	dylan32	danamelendez@example.net
6344	hartchristian	wisesarah@example.net
6345	karensanford	arobertson@example.net
6346	hjensen	donald86@example.com
6347	olsonjacqueline	toni36@example.org
6348	williamsmary	bbriggs@example.org
6349	ygriffin	pfranco@example.com
6350	willismisty	robert67@example.com
6351	rturner	fromero@example.net
6352	carlshaw	morenovictoria@example.com
6353	qstout	huffmankenneth@example.net
6354	kolson	michellepalmer@example.org
6355	sophiaphillips	elaine19@example.net
6356	joneschristopher	vwells@example.com
6357	heather06	victoria12@example.com
6358	khuffman	phillipswilliam@example.com
6359	dbaird	garciaphilip@example.org
6360	bobby91	brookesuarez@example.org
6361	qaguilar	kenneth39@example.net
6362	wardscott	kayleezamora@example.org
6363	villarrealkelly	alanwilson@example.org
6364	darrellolsen	kenneth90@example.com
6365	beth54	buckleykimberly@example.org
6366	kathleenhogan	hinesdennis@example.net
6367	cpatterson	reneecochran@example.org
6368	rforbes	jillklein@example.net
6369	danakennedy	wallaceaustin@example.org
6370	jason41	mariabailey@example.net
6371	karen01	kellywood@example.com
6372	jenniferalexander	mark58@example.com
6373	reillykelly	bbyrd@example.net
6374	patricklewis	ykemp@example.com
6375	cjames	taylor51@example.com
6376	torresdwayne	greg31@example.com
6377	annmiller	mscott@example.org
6378	craigsmith	aodom@example.net
6379	michelle44	laura87@example.org
6380	jennifermitchell	nicholas14@example.com
6381	patrick99	conniekelley@example.com
6382	dwilliamson	joseph96@example.org
6383	lconner	vanessawalker@example.com
6384	halljeremy	millswendy@example.org
6385	diane38	gibbsdouglas@example.com
6386	jcurtis	zjames@example.net
6387	chapmanchristopher	andrewbyrd@example.org
6388	whitemarilyn	edwardsstephen@example.com
6389	pittmanamy	victoriamason@example.com
6390	chavezdavid	kphillips@example.net
6391	peterlozano	nicolesanchez@example.org
6392	andrewjensen	pperry@example.com
6393	laura81	nrush@example.net
6394	adam93	bhall@example.net
6395	bryanshepard	erinwebb@example.net
6396	mshelton	schmidtshari@example.org
6397	cathy21	hpayne@example.org
6398	awilson	stacey48@example.com
6399	uestrada	marshalleric@example.com
6400	mromero	hillbelinda@example.com
6401	kimvillarreal	vincent92@example.org
6402	debracook	hartmary@example.org
6403	kandrews	allisonmartin@example.net
6404	angela66	nelsonbarbara@example.com
6405	sherijensen	angieshepard@example.org
6406	patrickproctor	kelleycarla@example.com
6407	zbarajas	cobbbrittany@example.net
6408	kimtorres	wrightshannon@example.com
6409	johnkelly	shudson@example.com
6410	wrightgregory	tking@example.com
6411	desireemcclain	juliafoley@example.net
6412	carlos39	darrellrojas@example.org
6413	patriciapowell	marshalljennifer@example.org
6414	nathan48	lsanchez@example.net
6415	kbond	josetorres@example.com
6416	wcastillo	cody31@example.net
6417	whitepreston	sdillon@example.com
6418	rstanton	douglasstevens@example.com
6419	lynnbautista	melissa60@example.org
6420	lori08	mstark@example.net
6421	iyoung	amoreno@example.net
6422	michaelclark	christine83@example.com
6423	kevin92	hendersonkelly@example.net
6424	allen07	amy61@example.org
6425	gina12	melaniegraves@example.net
6426	birdsean	harringtonbrenda@example.net
6427	joelduncan	watersannette@example.com
6428	ovaughn	yswanson@example.com
6429	stephensbilly	bookerjohn@example.com
6430	zjones	josephterry@example.org
6431	joycewarren	kristen85@example.com
6432	ashley70	holderjillian@example.com
6433	cfoley	millerandrea@example.net
6434	debra82	zgreene@example.org
6435	wsanchez	douglasmayer@example.net
6436	beckeredward	jaybailey@example.org
6437	madisonparker	davidgriffin@example.org
6438	jeffrey12	milesluke@example.com
6439	christopherwilliams	wfisher@example.com
6440	melissathompson	danielsloan@example.com
6441	arnoldchristopher	fgreen@example.org
6442	wbenson	orichardson@example.com
6443	amartin	shannonpetty@example.org
6444	omoon	cboyle@example.com
6445	allenamanda	hevans@example.net
6446	swansonalison	basswayne@example.org
6447	fsosa	riverastephen@example.org
6448	stacy25	bradleycolleen@example.org
6449	jramirez	hhunt@example.org
6450	fryemichael	tarabailey@example.net
6451	ucohen	esimmons@example.net
6452	cynthia45	jennadavenport@example.org
6453	jashley	debbiewashington@example.org
6454	wilkinsonjeremy	xmoore@example.org
6455	ashleephelps	smithnicholas@example.net
6456	debrawyatt	ephillips@example.net
6457	maustin	jasonpollard@example.com
6458	anne65	crivera@example.org
6459	erikdavila	brentsimmons@example.net
6460	brendabennett	whiterobert@example.org
6461	uhaynes	deanmary@example.org
6462	alison65	meredithmartin@example.com
6463	lisa83	cynthiarhodes@example.net
6464	myersrachel	meredith66@example.com
6465	heather65	ichandler@example.com
6466	jose33	whitejames@example.com
6467	maria43	marysilva@example.com
6468	russowilliam	kruegercarla@example.com
6469	henrythomas	ronaldwells@example.org
6470	rscott	ramireztracey@example.com
6471	pattoncaleb	todd81@example.net
6472	vbowman	rebeccafowler@example.com
6473	jamesclark	tgates@example.org
6474	bowmanbrandon	robinsonann@example.net
6475	stephanie77	tmitchell@example.org
6476	kathleenwise	nicole00@example.org
6477	aguerrero	wilsonjeffery@example.org
6478	kayleemanning	hhaynes@example.com
6479	wellsamber	jessica17@example.net
6480	robert45	david57@example.net
6481	tinahenderson	garrisonkathleen@example.org
6482	fischermark	mrice@example.org
6483	matthew72	michael19@example.org
6484	hawkinskevin	garciapatricia@example.net
6485	shannon85	brandonhawkins@example.net
6486	cgordon	haleysusan@example.net
6487	tlittle	billywalker@example.org
6488	smithapril	ustout@example.com
6489	jasonsmith	cherylbates@example.org
6490	cervantesrichard	martinezheather@example.org
6491	carlsonemily	ashley67@example.net
6492	joshua28	danielgray@example.org
6493	kevinchavez	frankfranklin@example.com
6494	williamschristopher	reneesuarez@example.com
6495	jeffrey23	samanthaford@example.org
6496	carneyrachel	jeffrey12@example.net
6497	dawn80	bmarshall@example.org
6498	cmoore	alanperez@example.org
6499	karenchaney	qmelendez@example.net
6500	rebeccasmall	briandowns@example.org
6501	nbradley	garciakim@example.net
6502	careyelizabeth	amandaallen@example.net
6503	williamsjacob	janet70@example.net
6504	gomezcynthia	joseph66@example.net
6505	volson	rachelfoster@example.net
6506	johnnydiaz	laura90@example.com
6507	annamorrison	jamessmith@example.com
6508	kimberlyjackson	andersonsally@example.com
6509	coxcole	john17@example.org
6510	rreynolds	weaverandrea@example.org
6511	mauriceshepherd	molinaterri@example.org
6512	vmartinez	danielross@example.com
6513	traciwilson	robertssteven@example.org
6514	evanskristen	carrollshane@example.net
6515	ocurtis	crystal65@example.org
6516	cooperjennifer	rogersvalerie@example.org
6517	sbentley	patrick70@example.org
6518	steven64	tyrone27@example.org
6519	michaelharrington	rayrachel@example.org
6520	annnguyen	david18@example.org
6521	kimberlypearson	robinperry@example.net
6522	tami86	josephbates@example.com
6523	stephaniefry	awebster@example.com
6524	harrisellen	harrisonheather@example.net
6525	vbaird	nwilliams@example.net
6526	jthornton	wwhite@example.net
6527	gary88	hbenitez@example.net
6528	donovanjames	danielle53@example.org
6529	yrogers	brownjose@example.net
6530	karenmorse	jamesbauer@example.net
6531	kevin48	myerslauren@example.org
6532	amy48	coffeydanielle@example.com
6533	ahoffman	reyeswilliam@example.com
6534	zachary83	sarah10@example.org
6535	whunter	yvonnewatkins@example.org
6536	masseytracy	hollyhughes@example.org
6537	chelsealambert	ronaldleonard@example.net
6538	erichamilton	tfoster@example.net
6539	xwilcox	bellveronica@example.com
6540	nicole55	kimberlyreid@example.net
6541	lauren01	gregory75@example.com
6542	wilsonmichelle	jennifersantos@example.org
6543	janetrandall	andrewcarroll@example.net
6544	washingtonmaria	jacqueline58@example.net
6545	kross	austin78@example.org
6546	amandasellers	woodjermaine@example.org
6547	aaustin	nelsonjohn@example.org
6548	toddsmith	sara03@example.com
6549	donaldwalker	uabbott@example.com
6550	timothygates	yhayes@example.org
6551	markedwards	deannanavarro@example.org
6552	bradyandrea	jaime14@example.net
6553	brandilewis	garzaronald@example.net
6554	anthonyhill	anna38@example.org
6555	garrisonryan	rsmith@example.net
6556	oscar37	hartrobert@example.org
6557	josephprice	ywilcox@example.com
6558	robertjones	hernandezbrooke@example.org
6559	christopherlong	peggy57@example.org
6560	amy05	danielrodriguez@example.com
6561	william35	jeremydavis@example.net
6562	rosalesjoshua	beckyrice@example.org
6563	barbarawolf	hmitchell@example.org
6564	benjaminroman	stacey89@example.net
6565	colin43	kellyheather@example.org
6566	jeffery90	xlyons@example.org
6567	oward	pkline@example.com
6568	ashley23	zroberts@example.com
6569	michael44	smithnicole@example.net
6570	ljohnson	dennischelsea@example.org
6571	fsparks	austintorres@example.org
6572	fordrebecca	keith00@example.net
6573	vroth	tharper@example.net
6574	nathanielking	fraymond@example.net
6575	kellifoley	scottcombs@example.net
6576	stevenstyler	youngdanny@example.com
6577	thomas83	melissa25@example.org
6578	patelmarcus	bbaldwin@example.net
6579	gonzalezjesse	rubenholmes@example.net
6580	rothmichael	rfrost@example.com
6581	dawnparker	ashley43@example.net
6582	ofuentes	rodneyoneill@example.org
6583	kimberlycabrera	michelebrown@example.net
6584	adamkramer	ffranklin@example.net
6585	rachael51	fergusonmonica@example.org
6586	masonbrittney	elizabethrodriguez@example.com
6587	flee	catherine26@example.com
6588	xsanders	kwhite@example.net
6589	petersonjeff	anthony15@example.org
6590	haasbarbara	hansenjames@example.org
6591	nmacdonald	samuelponce@example.net
6592	cummingsamber	gvasquez@example.org
6593	robersonmolly	mindygrimes@example.com
6594	glorialee	dawn12@example.org
6595	balljames	charleslawson@example.org
6596	nicolecarlson	angela93@example.net
6597	burnsstephanie	jessicahansen@example.com
6598	jwarren	kenneth98@example.net
6599	larsonadrienne	tyler05@example.com
6600	rroberts	anne63@example.com
6601	rebekah65	ilee@example.com
6602	davidsontammy	johnmarsh@example.org
6603	chavezeric	markwade@example.org
6604	edwardadams	kerriali@example.org
6605	dharris	cherylunderwood@example.net
6606	bstone	ericadiaz@example.com
6607	robertgordon	rgutierrez@example.com
6608	catherine49	uwilliamson@example.org
6609	hilllaura	emartin@example.org
6610	banksjohn	candacereyes@example.net
6611	medinamakayla	uanderson@example.net
6612	burnettjohn	edward96@example.com
6613	reesemichelle	william41@example.org
6614	michellepittman	cuevastrevor@example.com
6615	mbrown	michael04@example.org
6616	thomas67	jamescortez@example.org
6617	jacquelinehiggins	taylorbauer@example.com
6618	danielle28	andersonmelissa@example.com
6619	jorge36	owilson@example.net
6620	jacob10	barreraadam@example.com
6621	mfernandez	mark31@example.org
6622	hopkinsjason	fskinner@example.org
6623	rachel87	carrilloalicia@example.net
6624	fullersara	jessicaandrews@example.net
6625	perezmelissa	karenbush@example.com
6626	angelica67	elizabethjohnson@example.net
6627	beth59	kevin62@example.com
6628	xlopez	allenpamela@example.com
6629	ricardojones	derek70@example.net
6630	david45	andrewmelendez@example.net
6631	browncarl	watsonwanda@example.org
6632	michaelfoster	danielreynolds@example.net
6633	eric30	andreacampos@example.com
6634	lbutler	taylornoah@example.org
6635	stephenramirez	conradchristina@example.com
6636	matthew16	ywilson@example.org
6637	anthony96	epeters@example.com
6638	rebeccahall	marycochran@example.com
6639	benjamin07	melissa18@example.net
6640	benjamin70	eddie50@example.org
6641	whitneyjennifer	ygarrison@example.net
6642	hernandezlauren	ybarnes@example.com
6643	mfloyd	xcasey@example.org
6644	vsingh	kimberly39@example.net
6645	richard97	halldarrell@example.net
6646	smithamber	zsmith@example.net
6647	smithryan	aarongreene@example.com
6648	michaelcarter	cody02@example.org
6649	angelica46	duncansteven@example.org
6650	ulawrence	turnerjustin@example.com
6651	xbryant	ysalazar@example.net
6652	johnbishop	isaiah92@example.com
6653	perryrobert	xchang@example.com
6654	jillian21	baileyjose@example.net
6655	nroach	hoganhannah@example.org
6656	medinajeremy	anthonyrobles@example.com
6657	mryan	ycoleman@example.org
6658	hansonmichael	kathryn69@example.net
6659	mholmes	barnettkeith@example.net
6660	holmeskimberly	wagnererin@example.org
6661	huntashley	stevencummings@example.org
6662	ghenson	crice@example.net
6663	heidicooper	harrisonvalerie@example.net
6664	ylittle	matthew16@example.org
6665	jamesferguson	uroach@example.org
6666	amandahoffman	iboone@example.net
6667	eric70	susanrobertson@example.net
6668	crystal86	janet47@example.com
6669	elizabethsilva	wcooper@example.com
6670	tlee	watsontoni@example.com
6671	robert20	hannahaguirre@example.net
6672	davidthomas	carrie90@example.org
6673	diana23	williamstimothy@example.net
6674	fwilkinson	smithjessica@example.com
6675	leachalexandra	martinezmichael@example.com
6676	tara21	jeffreyrogers@example.net
6677	ecortez	jmorrow@example.com
6678	tapiacheyenne	ddavies@example.org
6679	bryantaylor	thomasnichols@example.org
6680	karenlewis	sheltonsusan@example.com
6681	carterhailey	heatherhamilton@example.com
6682	obrooks	beth35@example.org
6683	farrelljoseph	orrshawn@example.org
6684	marcushill	greid@example.org
6685	robert25	donnahall@example.com
6686	kristin00	melissa07@example.org
6687	gonzalezricardo	gregoryfitzgerald@example.net
6688	oarnold	sjoseph@example.com
6689	armstrongjennifer	samueledwards@example.net
6690	jenna05	heidi79@example.com
6691	gomezkristin	andrea15@example.com
6692	jpark	pporter@example.org
6693	cowanmichael	daniellejohnson@example.org
6694	nhull	zfoley@example.net
6695	gentryjenny	grimesstephanie@example.net
6696	shawemily	leedavid@example.net
6697	gcooley	daleross@example.com
6698	bruiz	sdickerson@example.net
6699	burkeduane	emilyrobbins@example.net
6700	swatson	rhudson@example.com
6701	karen47	khanjoshua@example.net
6702	pruittandrew	dlewis@example.org
6703	justin94	claire16@example.com
6704	paige01	roseluke@example.net
6705	gonzalezjessica	lisa45@example.org
6706	elliottdavid	elliotterin@example.net
6707	mitchellscott	harmonkimberly@example.net
6708	kfuller	solomonjoel@example.net
6709	qortega	padams@example.org
6710	opierce	sarahgibson@example.com
6711	mbautista	marqueztheresa@example.net
6712	ronniecervantes	dylan79@example.net
6713	zclayton	laurakim@example.org
6714	grahamandrew	kelly11@example.com
6715	mking	william66@example.com
6716	steven82	josephpatricia@example.com
6717	jamesbailey	adrianthomas@example.org
6718	walshderek	richardsjennifer@example.com
6719	lorihaynes	parkjulie@example.com
6720	steve39	alan44@example.net
6721	markunderwood	nguyenrobert@example.com
6722	acollins	ihernandez@example.org
6723	marvinacosta	evansryan@example.org
6724	jasmine29	patelroberto@example.net
6725	katieunderwood	fwilliams@example.org
6726	nestes	schmidtsteven@example.org
6727	ksalinas	harpercaroline@example.net
6728	diane14	nsanchez@example.net
6729	fredmcmahon	anthony39@example.com
6730	carlosramirez	christopherjennings@example.net
6731	christine85	larryarias@example.net
6732	joyceochoa	zhangpatricia@example.net
6733	linarthur	baileysally@example.net
6734	devans	williewright@example.org
6735	usutton	matthew40@example.com
6736	zoneill	perezjacob@example.com
6737	ellendean	stephanie43@example.com
6738	erikawillis	daviladavid@example.org
6739	richardspencer	rebekah74@example.net
6740	campbellashley	christinabeck@example.net
6741	osbornjeremy	austinburns@example.net
6742	jillian46	masonbryan@example.com
6743	kaylaortiz	henrypaula@example.org
6744	spearstroy	christine03@example.org
6745	isanchez	samuel07@example.com
6746	taylorlaura	robinsondenise@example.net
6747	amandaclayton	obarrera@example.net
6748	courtneywalker	heathcynthia@example.org
6749	yvonne77	lichelsea@example.org
6750	qperry	kevinmiller@example.com
6751	kevin86	jbenjamin@example.org
6752	curtisronnie	spotter@example.com
6753	zwilliams	brianpearson@example.org
6754	michael20	reidsandra@example.org
6755	gmorris	simpsonraymond@example.com
6756	scott91	kevindavidson@example.com
6757	amason	cookeanthony@example.net
6758	kellyortega	dennissmith@example.org
6759	kaitlynmartin	jhowell@example.net
6760	kimberly86	milleralexandria@example.com
6761	martinemily	medinaalex@example.net
6762	nicholas00	bishopsteven@example.com
6763	zchapman	ashleykelly@example.org
6764	brookeryan	uramos@example.com
6765	diane09	john46@example.net
6766	richardrivers	lcastro@example.com
6767	suzanne62	enelson@example.net
6768	johnsonstephen	wharris@example.net
6769	mckenzierogers	adam99@example.net
6770	wrightcourtney	leslie02@example.com
6771	julie02	lunderwood@example.org
6772	gabriellerogers	qyork@example.net
6773	wroberts	schmidtfrank@example.org
6774	sstewart	george86@example.net
6775	markstout	bharrison@example.com
6776	grant05	jennifer11@example.net
6777	anthonyadams	tinacastaneda@example.com
6778	ernestduran	terrence21@example.com
6779	vcarrillo	eatonjohn@example.org
6780	ljennings	ffrank@example.org
6781	shannonstewart	jonesheather@example.org
6782	jaimeduncan	steven10@example.org
6783	nguyenjoshua	michaelpowers@example.org
6784	jamesevans	murrayjohn@example.org
6785	stoutbrian	henryashlee@example.com
6786	xross	darlenelawrence@example.org
6787	gordon80	isabelladickson@example.com
6788	bailey46	connorvasquez@example.org
6789	emilysmith	russell31@example.com
6790	boonejohn	driley@example.com
6791	charlesdickson	ivaughan@example.org
6792	judyramirez	jamesrivera@example.org
6793	bmoore	pambaldwin@example.net
6794	michelleorozco	jaredrodriguez@example.com
6795	yobrien	sarah70@example.net
6796	derrickpowell	dawnhowell@example.net
6797	marcus61	lauren92@example.net
6798	zgonzales	gouldsharon@example.org
6799	james14	evanmcintyre@example.net
6800	codyfrank	krystaldavis@example.net
6801	nryan	deanfarrell@example.org
6802	johnsonmartha	racheltucker@example.com
6803	alyssagallagher	lharrell@example.net
6804	ysellers	valdezcarla@example.org
6805	rayryan	jameswarren@example.com
6806	pwoods	keithberry@example.net
6807	donnaschultz	millerchristopher@example.com
6808	jessica38	dburton@example.org
6809	gjones	higginsfelicia@example.com
6810	jesus47	powersmark@example.com
6811	noah78	cdaniel@example.org
6812	woodcurtis	matthewblanchard@example.com
6813	noah89	keithyoung@example.net
6814	vegathomas	walkerkelly@example.org
6815	melissabrown	jonesbilly@example.net
6816	timothymyers	joanne05@example.net
6817	kristenmacias	rphillips@example.net
6818	ywang	cameron81@example.net
6819	sheath	mosssamantha@example.net
6820	eharris	james79@example.com
6821	careyrenee	ahenry@example.org
6822	lewishunter	jonathancastro@example.org
6823	ryandiaz	olivialang@example.com
6824	smithlarry	lpitts@example.org
6825	morrisanthony	howarddavid@example.net
6826	xpena	johnsoncharles@example.org
6827	ortegarobert	john75@example.com
6828	williamayala	larsenhayden@example.com
6829	rodneyroy	johnburns@example.com
6830	browncharlotte	william23@example.com
6831	vperkins	aaron69@example.net
6832	bgarcia	plee@example.net
6833	davisemily	jvasquez@example.org
6834	jenniferstokes	monica23@example.net
6835	lzamora	anne95@example.net
6836	charlesmartinez	joneshailey@example.org
6837	villegasmary	dylanperry@example.com
6838	jgarcia	richardsonsamuel@example.org
6839	jasonsantos	chansen@example.com
6840	graymark	flemingdavid@example.com
6841	kristinaburton	jennifer40@example.net
6842	chad01	lisaroberson@example.org
6843	barkeramy	erichorn@example.org
6844	angelahuff	ttran@example.net
6845	jennifer43	mcdonaldkenneth@example.org
6846	collinspatricia	kjackson@example.com
6847	hillmeghan	guerrerosamantha@example.net
6848	igentry	laneelizabeth@example.org
6849	bauerwilliam	rmcintosh@example.org
6850	marcusjenkins	oerickson@example.net
6851	david34	kellybowman@example.com
6852	mgiles	jonathancunningham@example.org
6853	mirandalouis	ann18@example.org
6854	millerjeffrey	thomas50@example.org
6855	william65	alexandraford@example.org
6856	lawrencebranch	nmartinez@example.com
6857	john48	davisandrew@example.com
6858	wrightkevin	garciasheryl@example.com
6859	vcompton	jim06@example.net
6860	austin22	robinmorgan@example.org
6861	bradley76	uross@example.org
6862	ibarnes	thompsonrebecca@example.com
6863	crosskenneth	colleen74@example.net
6864	michael51	sandrajohnson@example.net
6865	joyalexander	crystal33@example.org
6866	zstark	mary35@example.net
6867	andrewcisneros	ryanrowland@example.com
6868	michealdavila	djones@example.org
6869	destinykim	frankmurphy@example.net
6870	ann75	kimberly59@example.com
6871	charlottewong	iramirez@example.net
6872	christopherhoward	stevenjacobs@example.org
6873	ellisjamie	carolyncolon@example.org
6874	palmerholly	samuel89@example.com
6875	tracylong	sandravelez@example.org
6876	theodoretownsend	emily32@example.net
6877	stephen72	maythomas@example.org
6878	cortezdarren	erinlyons@example.org
6879	slucas	albertdickerson@example.net
6880	campbellhannah	nlawrence@example.org
6881	josephkelsey	connie64@example.org
6882	fthompson	jaimesharp@example.net
6883	brettwood	rfisher@example.net
6884	juan90	justin65@example.com
6885	dsteele	tonyrose@example.net
6886	joseaustin	vking@example.org
6887	rgonzalez	brianblack@example.net
6888	hhiggins	tdiaz@example.com
6889	kenneth89	tbrown@example.com
6890	susanrusso	travispamela@example.com
6891	shawnwatson	sgordon@example.net
6892	theresa75	andersonlarry@example.net
6893	cherryjeffrey	parkerchristina@example.net
6894	ashley73	marcus41@example.com
6895	bmartin	imaldonado@example.com
6896	shannon87	tammyreed@example.net
6897	david99	robert89@example.org
6898	brewerrachael	tyler49@example.com
6899	debrathompson	walkerdouglas@example.com
6900	barrycynthia	stevendavis@example.net
6901	martin88	lewiszachary@example.com
6902	sarah52	pruittmichelle@example.com
6903	leahjones	sellersallen@example.org
6904	smithtimothy	jasonfreeman@example.net
6905	robertlawson	nicholassmith@example.com
6906	abarry	andersenmichael@example.net
6907	katie86	uwilson@example.org
6908	currybridget	tonya25@example.net
6909	yflores	brenda24@example.net
6910	patrickhampton	kathryn47@example.net
6911	rpark	philipparsons@example.net
6912	haley47	heather67@example.com
6913	johnbenson	jennifer68@example.com
6914	rachel34	torresbrittany@example.net
6915	grossdaniel	jamessantana@example.com
6916	randy68	plopez@example.net
6917	william86	cody93@example.org
6918	valdezderek	kristen48@example.com
6919	lisa55	qwise@example.net
6920	barnettdeborah	zatkins@example.com
6921	campbelljames	garciadawn@example.com
6922	xwebb	hogantyler@example.org
6923	ellisoncrystal	robinsonthomas@example.com
6924	meghan61	wolfcynthia@example.com
6925	wjackson	omorales@example.com
6926	xjohnson	sparksmichelle@example.org
6927	jamesallen	lewisandrew@example.com
6928	kimberlyross	smithjulie@example.com
6929	williamsglenn	jennifer78@example.net
6930	diana12	dustin37@example.org
6931	ggeorge	weaverstephanie@example.org
6932	nelsonjeremiah	rhondaerickson@example.net
6933	stephenescobar	iowens@example.org
6934	andres30	jacksonkaren@example.net
6935	zimmermanwalter	kristie69@example.com
6936	william80	charles65@example.com
6937	flloyd	xwhitehead@example.net
6938	rbray	kirkevans@example.net
6939	kwaller	hawkinsdavid@example.com
6940	rodriguezscott	colonbridget@example.com
6941	sarahbutler	caldwellwendy@example.org
6942	meagan16	gsanchez@example.net
6943	rleach	aliciasmith@example.org
6944	stephaniewright	millerdeborah@example.com
6945	jasondiaz	fmartin@example.com
6946	stacey14	mccallbeverly@example.org
6947	gpierce	erica80@example.org
6948	keithrichmond	timothy98@example.com
6949	sandrade	bradley73@example.com
6950	shannonelliott	curtis15@example.net
6951	wandacunningham	ngray@example.org
6952	edward26	gregorymartin@example.net
6953	denisebrown	emcmahon@example.net
6954	martinrita	dparker@example.net
6955	marybartlett	pramirez@example.com
6956	monica19	zmoon@example.org
6957	karl19	jarroyo@example.net
6958	kanderson	hburton@example.org
6959	cameronfreeman	amydowns@example.org
6960	mitchellmelissa	whitesamuel@example.org
6961	gregory32	renee81@example.com
6962	yvonnemoore	melanie74@example.com
6963	bgeorge	curryvincent@example.com
6964	thill	thompsonbradley@example.org
6965	walkerlaurie	amberdelacruz@example.com
6966	joseph66	tbarnes@example.com
6967	josephjennings	cnolan@example.com
6968	tamarastephens	zibarra@example.net
6969	shawnafletcher	montoyaerika@example.net
6970	hector34	omiller@example.com
6971	richardbailey	garciasteven@example.org
6972	kellyshaw	jenniferanderson@example.org
6973	mallen	jacquelinecamacho@example.org
6974	jasmineellis	georgehamilton@example.net
6975	teresamartin	ashley10@example.net
6976	martinpaul	ohayes@example.org
6977	yatesthomas	robert61@example.com
6978	lmalone	youngjonathan@example.net
6979	brandon57	joseph96@example.net
6980	rebecca00	austinroberts@example.org
6981	daniel02	whitejoseph@example.org
6982	jared99	nathanlambert@example.com
6983	davischristy	patriciapittman@example.com
6984	bramirez	phaas@example.net
6985	davenportelizabeth	normanjeffery@example.net
6986	garrettwhite	cynthiagutierrez@example.net
6987	vanessa77	riosnicholas@example.net
6988	chadreyes	qbarnes@example.net
6989	gallowayjohn	christopher72@example.org
6990	hensleykenneth	wcurtis@example.net
6991	brian11	andradevalerie@example.org
6992	taylor10	thompsonjohn@example.com
6993	ntrevino	kathrynwalsh@example.org
6994	brendanchristensen	michael13@example.net
6995	bdunlap	jamesstephanie@example.com
6996	lopezashley	velezvalerie@example.net
6997	ocompton	tinastevenson@example.org
6998	vegachris	carol37@example.org
6999	cooperlisa	bellcatherine@example.org
7000	aaron61	johnsonjamie@example.org
7001	michaelmartinez	fgardner@example.net
7002	alanjackson	tmiles@example.com
7003	wandarice	parkermichelle@example.org
7004	nmann	davispeter@example.org
7005	iholland	mary98@example.org
7006	dwatkins	belljason@example.com
7007	joshua74	johnstonjessica@example.org
7008	hcross	stephaniemoore@example.com
7009	carol20	daughertydean@example.net
7010	prattgeorge	peterslauren@example.org
7011	charlesbarnett	nicole57@example.com
7012	isaiahcarlson	hwagner@example.net
7013	morenostephanie	lewisvalerie@example.com
7014	gatestyler	gwagner@example.net
7015	hallsharon	lisagomez@example.com
7016	jonathan47	christopherlivingston@example.net
7017	areid	wstuart@example.org
7018	jenniferbrown	carpentersean@example.net
7019	leecharlene	vmyers@example.net
7020	holly34	josephprice@example.org
7021	grice	arichards@example.org
7022	dcarrillo	lucasanthony@example.net
7023	sarah06	vcook@example.net
7024	kevin16	priceaaron@example.org
7025	caitlin06	kathleenfarley@example.com
7026	hollandcolin	carrollkatherine@example.net
7027	beckpamela	mitchelllucas@example.org
7028	scottbenjamin	wilsonmichelle@example.com
7029	nicholasgutierrez	hudsonpatrick@example.org
7030	rodriguezchristopher	gailchase@example.com
7031	grahamjames	fitzgeraldamber@example.net
7032	uwatson	vbryan@example.org
7033	brooksrebecca	shelbylarson@example.net
7034	samantha12	petersonerika@example.org
7035	rhondabush	itran@example.com
7036	vargasjoshua	mcarrillo@example.net
7037	stevenwood	natashaherrera@example.net
7038	miranda14	rcrosby@example.com
7039	oadams	joshuawilson@example.com
7040	karenstevenson	aprilmorse@example.org
7041	johnstoncassandra	kwatson@example.com
7042	glasslatoya	hillbonnie@example.net
7043	jmoreno	taylorgrant@example.com
7044	nancy62	reidlauren@example.com
7045	oreynolds	nancywalton@example.com
7046	matthew61	kristentaylor@example.net
7047	julie37	bclark@example.org
7048	morenojessica	gray@example.com
7049	dawn83	julie54@example.net
7050	johnsonjessica	ramoscory@example.com
7051	hernandezmichael	corey55@example.net
7052	lauraolsen	lucascesar@example.net
7053	shirley77	nicholasjones@example.com
7054	ruiztravis	kayla09@example.org
7055	simspaul	briannalawrence@example.com
7056	glenford	joshuahurley@example.net
7057	rosscynthia	amanda17@example.org
7058	jacobrichardson	guzmanbrittany@example.net
7059	nicholas50	taylor73@example.com
7060	xmaxwell	michael27@example.org
7061	natashamendoza	amber83@example.com
7062	williamsevan	baileymeghan@example.com
7063	cookmichael	carpenterdavid@example.org
7064	jenniferolson	sgomez@example.com
7065	laraerin	brian75@example.com
7066	april25	martindaniel@example.net
7067	gregory14	ahill@example.com
7068	ashleyoneal	johnstonsarah@example.com
7069	mstone	natalie90@example.org
7070	alexanderkimberly	christineolson@example.com
7071	lguerra	tdowns@example.net
7072	rogersmadeline	heather16@example.net
7073	belinda47	matthewsadrian@example.com
7074	wspencer	eddie90@example.org
7075	christopherfoster	angela54@example.com
7076	whitenicholas	lisamccoy@example.com
7077	sandramoore	beckrussell@example.com
7078	millsashley	stevebradley@example.org
7079	daniel85	jennifer37@example.net
7080	robinsonandrea	juliasmith@example.org
7081	eric62	greerjennifer@example.org
7082	lydia92	evanskim@example.net
7083	gvalencia	prestonsmith@example.net
7084	jennifersmith	chloe05@example.org
7085	mbenson	lauraward@example.org
7086	kennethwilliams	stevenpaul@example.com
7087	davidbullock	costamelissa@example.org
7088	ricky45	jennifer05@example.org
7089	hartbrandon	myersbrooke@example.net
7090	stephencrane	sarahmartinez@example.com
7091	acobb	sallyblack@example.net
7092	mary54	zgonzalez@example.net
7093	zpope	martinezjames@example.net
7094	ygrimes	kristinehoward@example.org
7095	bergalicia	pearsonlogan@example.net
7096	james27	pjoyce@example.com
7097	michaela26	kellerkendra@example.net
7098	bakerbryce	destinyfleming@example.org
7099	allenjessica	uoliver@example.com
7100	leah14	stephen94@example.org
7101	johnclark	tiffany38@example.net
7102	ashley58	laura96@example.com
7103	qwilliams	thomasshields@example.com
7104	sandrawilliams	nathandelacruz@example.net
7105	marybrown	garyaustin@example.net
7106	elliottfrancisco	millerjames@example.com
7107	jacksonmitchell	rachel47@example.com
7108	oanderson	edward37@example.net
7109	robert14	qmyers@example.com
7110	rhondaellis	ronald75@example.net
7111	marvinmiller	calhounsean@example.net
7112	smithdwayne	sheila84@example.net
7113	shortjoseph	davidberry@example.net
7114	ythompson	elizabethhall@example.com
7115	richard48	hillheather@example.org
7116	pjones	petersonjose@example.com
7117	contrerasamy	jonwilliams@example.com
7118	franklinthomas	joshuamiller@example.net
7119	maynardbriana	shawkins@example.net
7120	tiffanyjohnson	bterrell@example.org
7121	stevendonaldson	leonard35@example.org
7122	dwells	brandon45@example.org
7123	dawnking	kevinchen@example.net
7124	kimberly65	nicoleballard@example.net
7125	reneebarber	david68@example.org
7126	kennethpena	yvonne25@example.org
7127	juanclark	dgallagher@example.com
7128	fprice	singhandrea@example.net
7129	kimberlyharris	millerjessica@example.com
7130	sandra24	erica91@example.net
7131	qgriffith	samanthawalsh@example.net
7132	christina13	mobrien@example.org
7133	vegadaniel	justinrojas@example.net
7134	brandon73	jennifer94@example.com
7135	qwong	lhill@example.com
7136	bethcopeland	millerlori@example.com
7137	harrishailey	suegonzales@example.net
7138	isaiahmiller	susan97@example.com
7139	samantha44	justingarrett@example.net
7140	deborah14	brucejeremy@example.org
7141	kcraig	janice84@example.net
7142	wisedale	bradley66@example.com
7143	buckkristie	zrodriguez@example.net
7144	josewinters	cameronday@example.com
7145	tracielowery	nrivera@example.com
7146	andrea13	elizabethmcgee@example.net
7147	scannon	patrickcurry@example.net
7148	kyleadams	kgonzales@example.org
7149	wmiller	gerald27@example.net
7150	williammatthews	kevin78@example.org
7151	lvasquez	nobrien@example.com
7152	baileymelissa	paulsingh@example.com
7153	lindsey84	mstewart@example.org
7154	pricechristine	theodore97@example.com
7155	robertwhite	clewis@example.com
7156	donald97	reneecoffey@example.org
7157	stephaniecook	christopher12@example.net
7158	jfoster	donald95@example.net
7159	hgordon	kelly85@example.net
7160	newtonkaren	ovalentine@example.org
7161	vmurphy	guerreroashley@example.com
7162	curtisleslie	melissa82@example.net
7163	jerry51	justinduncan@example.com
7164	daniel81	vanessa46@example.com
7165	juan89	angelabrooks@example.com
7166	todd01	erik69@example.org
7167	jennifer17	alexisstone@example.net
7168	walterabigail	evelyn43@example.org
7169	briana26	judithfrancis@example.com
7170	smontgomery	amandapage@example.com
7171	valdezamanda	tammyperez@example.org
7172	bolson	travis10@example.net
7173	olivia74	stephanie99@example.com
7174	dmay	michael27@example.net
7175	dennisdawson	rherrera@example.net
7176	byates	antoniowilliams@example.net
7177	huangkevin	boydmisty@example.com
7178	linda84	lemichael@example.org
7179	qmiller	brownmichael@example.org
7180	douglas80	crawfordmatthew@example.com
7181	kimberlywilliams	hudsonellen@example.org
7182	ronnie51	crystalbuckley@example.com
7183	angelafritz	sarmstrong@example.com
7184	jimmychavez	fwilliams@example.com
7185	icarpenter	jeffrey88@example.org
7186	sethsellers	gouldlisa@example.net
7187	teresamitchell	gregorymyers@example.com
7188	deniseroberts	jason58@example.com
7189	hhanson	zharris@example.org
7190	bateschristopher	alexanderjames@example.net
7191	iwoods	robert28@example.com
7192	markjohnson	donnawelch@example.org
7193	benjaminscott	kayla57@example.org
7194	mollyturner	lorrainelee@example.org
7195	joseph12	matthewmathews@example.com
7196	brendafrazier	terriromero@example.org
7197	josephherrera	whitneypotter@example.org
7198	karmstrong	vargasronald@example.com
7199	sarahrivas	sosaolivia@example.org
7200	rebecca35	lisa61@example.net
7201	hunter16	zwilliams@example.net
7202	martinhuff	matthewchoi@example.com
7203	prattcourtney	sandracook@example.org
7204	qjames	petersonkelsey@example.net
7205	tracy68	ashley11@example.com
7206	carolinepittman	amber36@example.com
7207	stacierodriguez	antoniolopez@example.net
7208	jamiegray	vanessa19@example.org
7209	nking	longkevin@example.com
7210	sandrajohnson	frenchshawn@example.net
7211	campbellchristina	graytanya@example.net
7212	muellerelizabeth	whitney23@example.net
7213	aprilmartin	robert11@example.com
7214	willisjames	andrew80@example.com
7215	trogers	patrickstanley@example.net
7216	betty49	randymartinez@example.com
7217	patriciaortega	ublack@example.org
7218	sheakimberly	hammondmaria@example.net
7219	hberry	james60@example.org
7220	mperry	johnmorales@example.com
7221	baxtermonique	smithandrew@example.org
7222	erik26	james72@example.net
7223	christine73	jeffreykline@example.org
7224	candice70	michelle77@example.org
7225	coopermikayla	rosscandice@example.net
7226	cynthia76	ireed@example.net
7227	leenathan	browngrant@example.net
7228	asanchez	deborahprince@example.com
7229	nburton	susanwalters@example.net
7230	coffeyvirginia	nicolerodriguez@example.org
7231	george18	timphelps@example.com
7232	collinseric	alexatorres@example.org
7233	dillonjacqueline	stephanieberry@example.org
7234	marcussalinas	colsen@example.org
7235	mckinneybrooke	daveheath@example.net
7236	andrew72	arnoldnicholas@example.com
7237	caseyleach	frankcurtis@example.com
7238	jhansen	mmccoy@example.net
7239	martingregory	robertbell@example.org
7240	davidsmith	travis01@example.net
7241	dhayden	andreathomas@example.org
7242	juliacarter	emullins@example.org
7243	brittany14	nwilson@example.net
7244	marquezjennifer	jennifer89@example.org
7245	scottchristopher	lisa60@example.org
7246	rhondafox	pwest@example.net
7247	mitchell88	haroldwalter@example.org
7248	turneraudrey	jaimesims@example.net
7249	fchaney	ybell@example.net
7250	ahernandez	rknox@example.org
7251	summer67	nfranco@example.org
7252	nancyglover	garciaanthony@example.net
7253	lopezjeffery	edwardjones@example.net
7254	qpatterson	anna25@example.com
7255	cjennings	myersjoel@example.org
7256	carpenterjames	khorn@example.com
7257	virginiawalker	pamela28@example.com
7258	ofitzgerald	oneillkevin@example.com
7259	andrewsnicholas	reginald68@example.com
7260	charles68	wilcoxcharles@example.com
7261	lmorales	gardnersteven@example.net
7262	allisoncraig	whitedaniel@example.com
7263	johnnylopez	evan77@example.net
7264	sarah51	juan35@example.com
7265	raymond38	williamcarter@example.com
7266	ccannon	shaneconley@example.org
7267	erikalewis	jaysimon@example.net
7268	qstafford	michael68@example.com
7269	jon32	timothystone@example.org
7270	lmontgomery	jasonramirez@example.net
7271	burtoncarly	yolandaesparza@example.net
7272	hernandeznancy	smithashley@example.org
7273	holmeswyatt	icampbell@example.org
7274	michelletyler	noah02@example.net
7275	larry40	jasonlewis@example.org
7276	christopherwatson	perezlydia@example.com
7277	sharon12	thomasanthony@example.com
7278	meghan91	mboyd@example.com
7279	thompsoncharles	james58@example.org
7280	jamessmith	lisamcguire@example.com
7281	freemanpaul	ehebert@example.com
7282	francisco08	qbaker@example.net
7283	christophershields	harveyjaime@example.com
7284	desireemartin	chandlersandra@example.com
7285	lisa61	schroedermichael@example.net
7286	dparsons	thomas92@example.net
7287	brian10	andrew67@example.net
7288	cwells	lhampton@example.org
7289	vmckenzie	palvarado@example.net
7290	vincent66	qanderson@example.org
7291	lindaholt	jonesalec@example.com
7292	angelahart	davidlynn@example.org
7293	pattersonrobert	aguilargloria@example.net
7294	seanmorgan	jeffery53@example.org
7295	nlee	qmiller@example.com
7296	tamara27	craignguyen@example.org
7297	stephen71	martinezdiane@example.com
7298	portermichelle	hendersonjulia@example.net
7299	jcarroll	carterdavid@example.com
7300	johnwang	hernandezkimberly@example.org
7301	rodriguezjerry	briandavis@example.net
7302	ybrown	hardingjamie@example.net
7303	markhodges	teresaburton@example.com
7304	xbarnes	patrick01@example.com
7305	tiffanygraham	alex71@example.com
7306	annacarr	gjones@example.net
7307	howardjeffrey	garciadonald@example.net
7308	rramsey	stanleymelissa@example.com
7309	jackacosta	seanwatkins@example.com
7310	tracyflores	hendricksjose@example.org
7311	juarezlaura	olsonstephanie@example.net
7312	dnavarro	timothy15@example.net
7313	ortizdavid	ashley24@example.org
7314	jenniferperez	jessica65@example.org
7315	bnixon	phoward@example.com
7316	diana61	anne06@example.com
7317	shahmichele	barberaaron@example.net
7318	iluna	williambell@example.org
7319	cruzsteve	trujillogina@example.org
7320	wmoore	daviszachary@example.org
7321	cheyennearroyo	william48@example.net
7322	whitedonald	samueltorres@example.com
7323	ierickson	roy73@example.com
7324	nathan18	tyrone47@example.org
7325	rowlandphillip	kenneth81@example.net
7326	elizabethturner	hubbarddaniel@example.org
7327	karencarey	amanda29@example.net
7328	mitchelldustin	vlopez@example.com
7329	smithshawn	anthony62@example.org
7330	jerry88	sergioblackwell@example.com
7331	timothy62	hornashley@example.org
7332	mariesolomon	briannabrown@example.com
7333	williamsondavid	xfrost@example.com
7334	samantha29	bpotts@example.com
7335	benjamin39	murrayvicki@example.net
7336	jacquelinewilliams	allisonmadden@example.net
7337	robertking	dcarter@example.net
7338	patriciawood	richmichael@example.com
7339	leblancjeremy	smithluis@example.com
7340	larry32	sonyalloyd@example.org
7341	ocervantes	bbarry@example.com
7342	melanie23	farrellmichael@example.org
7343	terrymichael	beckmary@example.com
7344	williamsmith	rcalhoun@example.org
7345	wrighthunter	marisacowan@example.com
7346	hernandezangela	sarah45@example.com
7347	timothybrown	catherinesmith@example.com
7348	bvillanueva	stephanie15@example.com
7349	mbaker	pdavidson@example.net
7350	mpage	joshua46@example.com
7351	john92	patrickstout@example.net
7352	jreyes	obaker@example.com
7353	pierceann	michaelkelley@example.com
7354	jimmyknapp	tammy22@example.org
7355	rodriguezwilliam	tylersmith@example.com
7356	sfrazier	browndillon@example.org
7357	lawsonpaula	vgreen@example.org
7358	troy76	amy19@example.com
7359	bradyates	rhuffman@example.com
7360	adkinsvictoria	rtate@example.net
7361	dkirby	lynnpreston@example.net
7362	hessjim	franksamuel@example.com
7363	kentkimberly	riggsbrooke@example.com
7364	davisjames	njensen@example.net
7365	edward45	ylee@example.org
7366	christinepugh	davisgloria@example.com
7367	djenkins	karenmarquez@example.com
7368	gentryann	sarah03@example.org
7369	wadechristine	bcolon@example.net
7370	corygriffin	tasha85@example.net
7371	yorkdeborah	ashleyroy@example.org
7372	silvajames	amandalarson@example.net
7373	jamesanthony	kathy47@example.com
7374	ortegamichael	williamsdevon@example.org
7375	allentracie	ymyers@example.com
7376	mckinneyjeffrey	scrane@example.com
7377	crystalstewart	ksutton@example.net
7378	charles24	sophiamunoz@example.com
7379	april20	abell@example.org
7380	ubailey	angela24@example.com
7381	aaronmarquez	michael98@example.com
7382	coxtammy	mellis@example.com
7383	tyler09	vgeorge@example.net
7384	simsjoseph	pbell@example.com
7385	nancywallace	shawn15@example.org
7386	chanmary	adammorton@example.net
7387	cparker	jenniferhall@example.com
7388	fharding	kendraphillips@example.net
7389	jason33	danielle83@example.com
7390	fieldshunter	uhoward@example.net
7391	danielmooney	operkins@example.net
7392	kevin65	vgarcia@example.net
7393	richard25	christopherflowers@example.org
7394	brownlori	randycardenas@example.org
7395	bakersara	adriancampbell@example.net
7396	mccoyantonio	osmith@example.org
7397	marc33	brenda05@example.com
7398	ariasjessica	owhite@example.org
7399	lawrence63	shelby36@example.org
7400	benjamin63	samanthakemp@example.com
7401	dmatthews	wstevenson@example.com
7402	uwilson	ewilliams@example.net
7403	scott26	anthony99@example.net
7404	jonathan14	thomasmorris@example.net
7405	tmontoya	nathan91@example.net
7406	kathleenbrown	achandler@example.net
7407	john85	donnanewton@example.net
7408	uhoward	heathersheppard@example.com
7409	creid	fbrady@example.net
7410	douglascrystal	julia48@example.com
7411	agentry	ywang@example.com
7412	hamptonsteven	burnsmelissa@example.org
7413	zross	courtneybraun@example.org
7414	thomasterri	thomasandrew@example.com
7415	gregory82	whitney00@example.org
7416	dawn69	richardrichard@example.org
7417	ccrawford	bowenrachel@example.net
7418	ajames	james87@example.net
7419	kirkmorton	cynthiablack@example.org
7420	stevensonveronica	wmiller@example.org
7421	ann71	jessica31@example.com
7422	brett39	courtneysmith@example.org
7423	fvazquez	paul61@example.net
7424	marshallmichael	jeffersondaniel@example.com
7425	brian82	rodriguezdustin@example.org
7426	elizabeth00	cbarnett@example.com
7427	alicia38	kayla82@example.net
7428	jonathonwilcox	hartmichelle@example.org
7429	hensleyrose	millerrebecca@example.org
7430	lisadixon	guerreroheidi@example.com
7431	nholmes	clarkheather@example.org
7432	nina65	uperez@example.com
7433	joan63	jeffreywilliams@example.net
7434	james89	coryavila@example.com
7435	robin52	nashregina@example.com
7436	usmith	allenandrew@example.org
7437	lisagonzales	parrishmelissa@example.com
7438	dominiquepace	daniel78@example.net
7439	sperry	andrew86@example.net
7440	williamsaustin	lisa41@example.com
7441	williamspatrick	dennis00@example.org
7442	beckercasey	hdavis@example.net
7443	kelly15	amandaarmstrong@example.com
7444	douglas89	alexis15@example.com
7445	sandersandrea	silvamichelle@example.org
7446	mckenziematthew	everettlori@example.net
7447	christinecooley	wagnerkristina@example.com
7448	brooksmelanie	terrence90@example.net
7449	stephanierosales	glenn02@example.com
7450	tarathomas	bellrachael@example.org
7451	melindajohnson	robin52@example.com
7452	jonathanrussell	daymisty@example.org
7453	mary38	vwilson@example.org
7454	travisdurham	colemanregina@example.org
7455	trevinomichael	lesliethomas@example.com
7456	dburton	ljohnson@example.net
7457	harperdavid	rodrigueztyler@example.org
7458	andrew54	gutierrezkevin@example.com
7459	randy90	ythornton@example.org
7460	ratkinson	smithjerry@example.org
7461	kthompson	kristen78@example.net
7462	johnstontracy	jeffrey21@example.com
7463	bobbynelson	talexander@example.org
7464	nichole52	cbennett@example.com
7465	larsoncindy	michaeldaniel@example.net
7466	abigailruiz	rodney55@example.net
7467	meghanbrady	susan25@example.com
7468	johnsonamanda	allen93@example.com
7469	trujillokevin	rebeccasantos@example.org
7470	ihendrix	chase03@example.com
7471	donwoods	johnnycross@example.net
7472	gibsonjoseph	sarahnewton@example.net
7473	valerie01	carrstephanie@example.net
7474	valenciaandre	megan40@example.net
7475	michellejarvis	mmclean@example.net
7476	theresa79	angelalee@example.org
7477	nathanwhite	joseph30@example.org
7478	christopherburton	jenniferfloyd@example.net
7479	connorallen	salazarjacob@example.net
7480	sandyhatfield	jason79@example.com
7481	hunterannette	robert45@example.com
7482	youngjacob	matthew24@example.org
7483	bill25	elizabethriley@example.net
7484	claudia62	nathaniel34@example.org
7485	olsonlisa	gwillis@example.com
7486	valerieroth	ckelly@example.com
7487	mwaters	gregory75@example.net
7488	cabreraray	obutler@example.com
7489	hartdeborah	melindapaul@example.com
7490	evelyn80	maryeaton@example.org
7491	leemegan	morenoapril@example.net
7492	pittmanwayne	peckdakota@example.com
7493	bakerjoshua	annhunt@example.net
7494	clarkealbert	wmiller@example.net
7495	klinedaniel	zwatson@example.org
7496	boonejeffrey	jennifer80@example.net
7497	nedwards	emily34@example.net
7498	miguelmitchell	kristina27@example.org
7499	zacharyrogers	watkinson@example.net
7500	leah08	fsimpson@example.org
7501	jon29	stephanie46@example.net
7502	kenneth27	dennis83@example.net
7503	gpeterson	hherrera@example.org
7504	daniel15	kempjohn@example.net
7505	perryjennifer	lramirez@example.com
7506	rileyaaron	garyewing@example.org
7507	charlesgonzalez	vduffy@example.com
7508	laurencabrera	paul00@example.org
7509	hallcheryl	jordanjamie@example.net
7510	shelbymills	jdawson@example.com
7511	annbarber	melissastewart@example.org
7512	vyoung	robinsonshannon@example.org
7513	carrangela	imiller@example.org
7514	enicholson	lorimckay@example.org
7515	donnahardy	heather38@example.com
7516	johncervantes	ghamilton@example.net
7517	wardkeith	travis23@example.com
7518	qgomez	frederickreed@example.net
7519	nicholerowland	jorge20@example.com
7520	greg82	yjones@example.com
7521	charlesjohnson	charleswhitaker@example.net
7522	josephdecker	brian83@example.org
7523	qroberson	igomez@example.net
7524	chaserobert	ericramirez@example.net
7525	alicejohnson	kevin84@example.net
7526	bryan13	salazaramanda@example.com
7527	marc47	vickie95@example.net
7528	nicholas21	sandra20@example.com
7529	soliskayla	christinesimmons@example.org
7530	lisaturner	shawnanderson@example.com
7531	alexis09	gina32@example.net
7532	davidmccoy	ramirezdana@example.org
7533	theresawest	william93@example.org
7534	johnthompson	murphykevin@example.com
7535	bnelson	derrick48@example.com
7536	garciajohn	rosslouis@example.com
7537	marshallchristopher	bryan77@example.net
7538	cperez	marie52@example.com
7539	bailey89	matthewspatrick@example.org
7540	janice18	harnold@example.org
7541	davidmoore	rileyjoseph@example.com
7542	mitchellralph	amyadams@example.org
7543	vvalentine	adamhudson@example.net
7544	smithpamela	rayjesus@example.org
7545	williamsjason	fruiz@example.com
7546	allenronald	kingstephen@example.com
7547	timothyscott	bmills@example.org
7548	lisagarcia	jennamartin@example.org
7549	fking	rbowman@example.net
7550	millseric	nrojas@example.com
7551	robertbridges	chungemily@example.com
7552	wesley90	vroberts@example.com
7553	xwhite	bobby51@example.net
7554	kennethjones	thomas54@example.org
7555	sara03	lnelson@example.com
7556	pmiller	millscolleen@example.net
7557	rebecca77	zmcbride@example.org
7558	nancyjohnson	todd46@example.net
7559	zweiss	laura56@example.org
7560	matthewsjill	raymondtaylor@example.com
7561	amanda83	turnerrachel@example.net
7562	kaitlin02	marksnatasha@example.net
7563	franksmith	kennetharmstrong@example.org
7564	meyerterri	dsimpson@example.net
7565	barbarabrown	ericajohnston@example.org
7566	hunterjulie	stephaniecarroll@example.org
7567	alexanderdustin	gboone@example.org
7568	ryanmarshall	joshua83@example.net
7569	diazgarrett	jessica39@example.net
7570	melinda02	anthonylester@example.org
7571	melanie96	troy23@example.net
7572	cmorgan	eburch@example.org
7573	cohenvirginia	carrollmichael@example.org
7574	jacquelinehernandez	julie88@example.org
7575	scotthughes	randykemp@example.com
7576	jalexander	gilbertdavid@example.net
7577	shermankarl	rachael74@example.com
7578	schneiderkathleen	lshort@example.org
7579	jharrison	brittanygreen@example.net
7580	gambleluke	anthonycook@example.com
7581	katherineprice	bridget55@example.net
7582	jessicasingleton	pbutler@example.net
7583	cynthia51	sarah87@example.net
7584	john03	qreeves@example.net
7585	shelby28	qbarnett@example.com
7586	uwilcox	ubecker@example.org
7587	patricia65	fletcherbrandon@example.net
7588	terry08	saramoore@example.com
7589	figueroawalter	douglasmartin@example.org
7590	morganelizabeth	lacey35@example.com
7591	jcantrell	jbanks@example.net
7592	ncook	nramos@example.net
7593	tmorris	gary11@example.net
7594	jamesfoley	mccoymeagan@example.com
7595	hernandezjeffrey	ejenkins@example.net
7596	uhodge	stevenjohnston@example.com
7597	chansen	scottbeltran@example.com
7598	hayeskim	npreston@example.com
7599	vegalauren	stephanie04@example.org
7600	madisonsanchez	bethwilson@example.org
7601	callahaneric	pennysmith@example.com
7602	khall	danielwhite@example.org
7603	sarahwilliams	youngjulie@example.org
7604	zblair	timothybaxter@example.com
7605	gloria01	jessica78@example.org
7606	rochakatherine	nrichmond@example.com
7607	smithphillip	matthewwalker@example.net
7608	connie03	benjamin46@example.net
7609	iball	james68@example.com
7610	bobby09	qsullivan@example.org
7611	johnrodgers	wattsmichael@example.org
7612	jenniferharris	dennis65@example.com
7613	randallgriffin	stephanie64@example.net
7614	jonesbrandon	thomasmay@example.com
7615	qrodriguez	dennislamb@example.com
7616	fhinton	oturner@example.org
7617	mariachan	jasoncurry@example.com
7618	vsherman	sanderson@example.net
7619	mayjesse	floresdawn@example.com
7620	danielsmith	edwardspamela@example.com
7621	nelsonmichael	keith99@example.net
7622	shuerta	kathryn45@example.com
7623	amber64	emilybarker@example.net
7624	michaeljenkins	robinsonricky@example.org
7625	jesse96	dcarpenter@example.org
7626	powens	millsgregory@example.net
7627	mlowe	ryanmejia@example.net
7628	pkelly	miguel09@example.com
7629	mary68	georgeray@example.org
7630	nguyencalvin	nelsonkatherine@example.net
7631	iblake	jeffherrera@example.com
7632	jeffrey10	dhooper@example.org
7633	monicareilly	mariah71@example.org
7634	kristidominguez	cathy29@example.com
7635	johnny31	jimmy91@example.com
7636	kyleroberson	joseph24@example.net
7637	michael81	victor28@example.org
7638	weberanthony	weaverdiane@example.org
7639	zgriffin	michaelgarcia@example.com
7640	sharoncontreras	christiancynthia@example.org
7641	phillipharrison	maria25@example.org
7642	josephsmith	briana24@example.com
7643	cynthia13	maddoxdavid@example.org
7644	john35	williamsbrian@example.com
7645	holmespatrick	kimhoover@example.org
7646	chris79	mariasullivan@example.net
7647	andersonchristopher	wardjesse@example.net
7648	lindaclark	winterswillie@example.org
7649	michelle35	brittanyfuentes@example.net
7650	utanner	nathan23@example.net
7651	shill	kellerjoseph@example.org
7652	barnesleslie	robert60@example.org
7653	cassandraingram	lauren85@example.net
7654	gabriella56	ramosandrew@example.org
7655	jamiemiller	megan90@example.org
7656	baileyerin	bnelson@example.org
7657	royholmes	sross@example.org
7658	cheryl22	sethanderson@example.com
7659	mwhite	nancycox@example.net
7660	matthewcombs	stephaniecrawford@example.org
7661	berrykristie	ugarcia@example.org
7662	reedjohnathan	daniel59@example.org
7663	larry17	steven43@example.org
7664	bowmanmark	uparker@example.org
7665	randy49	ehernandez@example.org
7666	matthew38	mary14@example.net
7667	lisa89	christinetucker@example.com
7668	ronaldrodriguez	ledarlene@example.org
7669	morganjohnson	robertmathis@example.org
7670	kenneth37	roy19@example.net
7671	gbowen	phillipboone@example.net
7672	billdavis	thicks@example.com
7673	roberthouston	diamond43@example.com
7674	sullivananna	ibaker@example.org
7675	tracey60	caldwelllisa@example.net
7676	mrodriguez	jonestiffany@example.net
7677	smithbarry	edwardskatherine@example.net
7678	michael13	wlutz@example.org
7679	hudsonashley	michaelcarrillo@example.org
7680	jennifer33	fernandezchristopher@example.org
7681	travisbrady	apitts@example.com
7682	reyesangela	belllarry@example.net
7683	anthonywarren	petersoncourtney@example.org
7684	zacharywarner	gregorynorton@example.org
7685	bsandoval	davidcooper@example.com
7686	chandlermary	lutzcrystal@example.net
7687	robert66	jennifer54@example.com
7688	colleenknox	april69@example.net
7689	crystal19	elizabethgarcia@example.com
7690	robertstrickland	chad58@example.com
7691	lynchmelissa	usmith@example.net
7692	xramirez	sherri59@example.com
7693	isimmons	johnsoncassandra@example.org
7694	fostermatthew	davidmoody@example.org
7695	carrollstephanie	shorttimothy@example.org
7696	stephenswayne	hayeselizabeth@example.net
7697	ecastro	brittany01@example.com
7698	mitchellkathryn	kbuchanan@example.com
7699	grantweaver	justin78@example.org
7700	tiffanyscott	ghill@example.net
7701	jennifer30	kiddkayla@example.com
7702	tortiz	maddoxshari@example.org
7703	mark79	rclark@example.net
7704	erin80	xreynolds@example.com
7705	jeffersonerica	paula74@example.org
7706	thomas99	mcneilterry@example.com
7707	iwhite	scott09@example.net
7708	hurleynicole	william42@example.org
7709	yandersen	jacksonerica@example.com
7710	jacqueline17	amandajones@example.net
7711	smithsean	shannon44@example.org
7712	johnwilliams	scottmiller@example.net
7713	ferrelltimothy	williamsontina@example.net
7714	bryanjuarez	meghan44@example.com
7715	leahsmith	ahill@example.net
7716	ycooper	francomichael@example.net
7717	hgarner	michelle52@example.org
7718	gnguyen	anarollins@example.org
7719	stephenbrooks	dennisgriffin@example.org
7720	clarence66	katrinaharris@example.net
7721	michelle07	kimberlygomez@example.org
7722	boonemichelle	osantana@example.com
7723	ariel28	jennifer47@example.com
7724	valerie59	jonesdawn@example.com
7725	maryjacobs	gardnerdaniel@example.com
7726	jameswatkins	daniellesummers@example.com
7727	yvonne83	butlerdavid@example.net
7728	villanuevakathy	rickylopez@example.net
7729	shahjoseph	dmendoza@example.com
7730	wilsonkenneth	jennifer20@example.org
7731	equinn	moraleskathy@example.org
7732	hannah67	gpacheco@example.org
7733	amyclay	christine76@example.org
7734	yallen	kwalker@example.com
7735	elizabethatkins	amanda31@example.net
7736	raymond44	daniellewis@example.org
7737	vhicks	cooleybarbara@example.net
7738	cantupaul	jessica73@example.com
7739	john33	vburton@example.net
7740	michelle24	jefferyfarley@example.net
7741	benjamincrystal	juanwood@example.com
7742	natasha10	curtischristopher@example.org
7743	judy74	rbanks@example.org
7744	tlogan	schwartzwilliam@example.org
7745	kyle12	sallison@example.net
7746	fknapp	hodgekrystal@example.net
7747	johnny90	garneramy@example.net
7748	fgarcia	debbiepetty@example.com
7749	todd53	yjohns@example.org
7750	uwade	erichall@example.org
7751	jenniferschmidt	stevenpowell@example.org
7752	michele54	tannertanya@example.net
7753	joshua62	michaelsampson@example.org
7754	lawsonderek	victor63@example.com
7755	owenjennifer	bsimmons@example.net
7756	floydamy	castanedatheresa@example.org
7757	tonymorris	princeamy@example.net
7758	michaelguerra	xbooker@example.org
7759	jamiephillips	jenniferrice@example.com
7760	julianthomas	jjones@example.com
7761	angelawatson	emilybarrett@example.net
7762	longtim	bailey15@example.org
7763	lgreen	anewton@example.net
7764	rogerskaren	hdavis@example.org
7765	brianguzman	greenejulie@example.com
7766	merrittjessica	erika98@example.com
7767	miakennedy	olsenryan@example.net
7768	garrettdana	jessica55@example.net
7769	bethwatkins	robinsoncalvin@example.net
7770	virginiaorozco	dawn33@example.com
7771	juanlester	michaelwatts@example.com
7772	nathaniel36	anagibson@example.com
7773	herreravictor	huffjennifer@example.net
7774	alexandriagibson	smithallen@example.org
7775	christine64	jeffrey03@example.net
7776	bellwilliam	mcphersonwilliam@example.net
7777	mcontreras	timothyhansen@example.com
7778	meyerjustin	chavezjessica@example.com
7779	grahammary	gonzalezdylan@example.org
7780	jay07	aspence@example.org
7781	scottsuzanne	paynecole@example.net
7782	brookewaters	kleinamanda@example.com
7783	martin89	lewisnatalie@example.com
7784	swansonkaren	nmay@example.org
7785	yrichards	markprice@example.org
7786	sanchezallison	xturner@example.com
7787	marshallcraig	mmason@example.com
7788	erica38	nicholas72@example.net
7789	alicia70	hendrickspaula@example.net
7790	jenniferpalmer	williamsalexis@example.net
7791	dwarren	nmoore@example.com
7792	christinadrake	jerrypatel@example.com
7793	anthony21	kpage@example.com
7794	ltyler	lindasmith@example.com
7795	jasondominguez	gailvasquez@example.com
7796	brandonhaas	jessicakennedy@example.com
7797	sharris	emoss@example.com
7798	jnichols	faith25@example.com
7799	christine26	rgross@example.net
7800	bonillabridget	jeffery63@example.net
7801	andrew25	brad12@example.com
7802	alejandrogreer	john52@example.org
7803	wilsonbryan	bridgeskenneth@example.net
7804	millerpatricia	donna08@example.org
7805	mariaromero	amber65@example.com
7806	amy56	bperkins@example.org
7807	sarahlivingston	vvasquez@example.com
7808	pricejessica	ecox@example.net
7809	belinda87	cheryl54@example.org
7810	toddmanuel	crystalking@example.com
7811	trangeorge	olane@example.com
7812	gillteresa	jessica68@example.com
7813	copelandpreston	amunoz@example.org
7814	carrolladam	margaretfrancis@example.net
7815	alexander85	lcarroll@example.com
7816	lincynthia	allison28@example.net
7817	charles85	pryan@example.org
7818	storres	turnerangela@example.com
7819	douglasrodriguez	robert92@example.net
7820	adamturner	oroy@example.org
7821	alexandra46	rchen@example.net
7822	kmyers	dean37@example.com
7823	awest	marvinwilson@example.net
7824	pscott	gonzalezolivia@example.com
7825	uquinn	heatherhouston@example.com
7826	kelly94	gomezheather@example.org
7827	fordtyler	rachelsimmons@example.org
7828	reyesheather	fishermelissa@example.net
7829	noblejessica	davidlam@example.net
7830	johnstonchristina	elizabethdavenport@example.com
7831	dmendez	birddonna@example.net
7832	perezrichard	fwilkins@example.com
7833	dianemurray	victoriawilliams@example.net
7834	emilymedina	stricklandcourtney@example.net
7835	osborneblake	carladuffy@example.com
7836	jacobpreston	williammiller@example.com
7837	fbonilla	williamsrichard@example.net
7838	bensonphillip	alexmoore@example.net
7839	uchristensen	hayessamuel@example.net
7840	nicholas41	tschneider@example.com
7841	aanderson	lori80@example.net
7842	jacob64	charlottehicks@example.com
7843	barberashley	wallacescott@example.net
7844	osborneheather	marysmith@example.com
7845	uwood	kathyking@example.com
7846	bsalazar	johnny54@example.net
7847	sharonlong	twilliamson@example.com
7848	silvarobert	jack32@example.org
7849	matthewgordon	mcguireheather@example.org
7850	lucaslee	wchurch@example.com
7851	alexanderbrandon	ubaker@example.org
7852	jeremiah15	hbutler@example.net
7853	jacqueline39	tbass@example.com
7854	sanchezmichael	tommy74@example.org
7855	lisawright	harriswilliam@example.org
7856	yrodriguez	darlenepalmer@example.net
7857	angelabowen	rogersscott@example.org
7858	lisajarvis	kenneth88@example.com
7859	kfrank	aaronwilson@example.net
7860	leviallen	elizabeth53@example.net
7861	williamsstacy	garciamargaret@example.org
7862	owatson	jessica39@example.com
7863	keithboone	medinaaustin@example.com
7864	lesliefarrell	richardlane@example.org
7865	ugray	betty98@example.org
7866	benjaminrivas	ortegakellie@example.net
7867	fosterstacey	lmay@example.org
7868	aliciaclayton	ericamckenzie@example.net
7869	snydertodd	brandiwright@example.org
7870	smithvictoria	andrewwebster@example.com
7871	nelsonkevin	gordonsmith@example.com
7872	richard79	gordonerin@example.net
7873	hstewart	hilltonya@example.net
7874	carrie87	omcneil@example.com
7875	kelleysharon	mdiaz@example.net
7876	aaron98	colemoore@example.com
7877	andrewshaffer	harperkatherine@example.net
7878	ramirezthomas	wilsonmichael@example.org
7879	xbooker	markprice@example.net
7880	madison87	jordan16@example.com
7881	zsheppard	upatrick@example.com
7882	lauraaguilar	tammyfields@example.net
7883	davidsellers	davidsutton@example.com
7884	cmcintyre	brooksmaria@example.com
7885	angelajones	gbell@example.com
7886	cynthia11	harringtonmelissa@example.org
7887	coxkevin	jeremyturner@example.com
7888	simmonsdale	richardsonrichard@example.net
7889	mosesleah	kathrynhernandez@example.net
7890	cheryl38	denise09@example.net
7891	kgriffith	thompsonkelly@example.org
7892	jordanhelen	nbenson@example.com
7893	victoriabrown	cherylanderson@example.com
7894	nataliewood	schmidtjames@example.net
7895	gutierrezthomas	tylerangela@example.org
7896	kayladominguez	megan93@example.org
7897	hensongeorge	lisastone@example.net
7898	jack47	millskatherine@example.net
7899	wjimenez	garzagina@example.org
7900	michael22	barnettmichael@example.com
7901	richard78	hendersonjason@example.org
7902	conniewallace	michael58@example.net
7903	kevingalloway	diazeric@example.org
7904	aliceperez	matthew89@example.net
7905	christopher07	eramos@example.org
7906	martinluis	yvance@example.com
7907	christyboone	yharris@example.org
7908	lloydjames	ericmccormick@example.org
7909	adamtaylor	lynnalexander@example.com
7910	kennethlogan	barberstephanie@example.com
7911	mccormickdaniel	kurt08@example.net
7912	lori89	stonesamuel@example.com
7913	williamjohnson	waynepennington@example.org
7914	christinahanson	richardsharp@example.com
7915	desireefrost	afoster@example.net
7916	chudson	gilbertlisa@example.net
7917	singletonstephanie	mperry@example.net
7918	murillochad	taylor13@example.net
7919	franciscogutierrez	steven31@example.org
7920	callahanjoseph	riveraelizabeth@example.com
7921	dana22	matthew51@example.org
7922	xbowers	jodi78@example.net
7923	debra34	campbellmichael@example.org
7924	leonkatrina	qwilson@example.com
7925	maldonadodiana	klloyd@example.net
7926	cbutler	shannon69@example.net
7927	nguyentami	bethany08@example.com
7928	mitchellmatthew	vgarcia@example.org
7929	jillmills	anthonysanford@example.net
7930	emma13	cristina26@example.org
7931	joshua24	mitchell51@example.com
7932	edwardsjessica	bettyduarte@example.org
7933	yolandaanderson	noahwalls@example.net
7934	tina29	enavarro@example.com
7935	ashley15	drakedavid@example.com
7936	john89	stacy17@example.com
7937	calvindavis	smithandrea@example.org
7938	joshuaadams	alexis14@example.com
7939	otaylor	thomas53@example.net
7940	richard76	ohart@example.net
7941	atkinsonmichael	woodsmichael@example.org
7942	lisameadows	rachael91@example.com
7943	zhill	ricardo26@example.com
7944	brookspatrick	johnsonsuzanne@example.org
7945	linda37	michaelsalinas@example.org
7946	fwaters	anita88@example.com
7947	renee16	antonio73@example.net
7948	ppatterson	guzmankristen@example.net
7949	cherylanderson	pherman@example.net
7950	browntyler	shelby21@example.net
7951	shannonmalone	deborahbridges@example.org
7952	jclark	amanda73@example.net
7953	isherman	jamesblack@example.com
7954	barry96	umendez@example.net
7955	rwood	bzimmerman@example.com
7956	kray	haguilar@example.net
7957	nmorgan	hermansarah@example.net
7958	daniel89	harrisondesiree@example.org
7959	alexa79	hayleypena@example.net
7960	keithdaniel	vwhite@example.net
7961	bfuller	larry57@example.org
7962	bli	jamesangela@example.org
7963	james25	vancecharles@example.net
7964	jfry	tiffany20@example.net
7965	qwalker	cohenjamie@example.net
7966	wscott	traceyroberts@example.com
7967	johnking	brittany49@example.com
7968	robinsonpaula	tthomas@example.net
7969	moorebetty	cruzlauren@example.com
7970	kathyoconnor	kathy18@example.org
7971	toddvargas	robert80@example.net
7972	alyssa37	michaelharvey@example.com
7973	cfuentes	sandovaljonathan@example.org
7974	dustinbanks	ryangardner@example.org
7975	hunter46	maryhendricks@example.com
7976	hallnatasha	zachary67@example.org
7977	rosetanya	zholmes@example.com
7978	awright	tinarice@example.com
7979	robertoliver	beltrandavid@example.org
7980	thomas22	pperkins@example.com
7981	collinslawrence	howard58@example.org
7982	kellycrystal	spencertina@example.org
7983	reynoldssherry	william57@example.com
7984	christinaramirez	herbertnavarro@example.net
7985	wferrell	garciaanthony@example.org
7986	danielleduke	jeremiah92@example.net
7987	alexandriagilmore	goldensherri@example.org
7988	andrewdominguez	kevin18@example.org
7989	sabrinamarshall	shawnrodriguez@example.com
7990	wcook	normanalvarez@example.net
7991	jefferyross	fdelacruz@example.net
7992	zbutler	markanderson@example.org
7993	lindalopez	jenniferturner@example.com
7994	jessicarivera	heather58@example.org
7995	fcastillo	rbarnes@example.net
7996	sarahbell	camposjonathan@example.com
7997	hansenlawrence	jsullivan@example.net
7998	kaylee24	jamesalexander@example.net
7999	derrickmitchell	cummingslance@example.org
8000	shannontaylor	tparks@example.org
8001	davidsonbeth	williambrown@example.com
8002	anna64	yroberts@example.net
8003	gutierrezderek	westbrian@example.org
8004	floyddaniel	glennreynolds@example.com
8005	kramerderrick	harperalicia@example.net
8006	sandrapotts	taylorrobin@example.net
8007	brianamoyer	melinda85@example.org
8008	theresa08	amanda47@example.net
8009	steven37	zachary77@example.com
8010	jackson72	martinezjoseph@example.org
8011	earlcarroll	williamsamanda@example.net
8012	xrussell	joshua81@example.net
8013	lindamontgomery	jennifermclean@example.org
8014	michelle57	shall@example.com
8015	zsampson	lbridges@example.net
8016	julie58	sgay@example.com
8017	jasonrichards	jmoore@example.com
8018	kenneth23	nicolemcdonald@example.org
8019	areed	michael57@example.com
8020	caldwellrandall	carlthompson@example.org
8021	catherinemoss	joshuamendez@example.net
8022	adamgarcia	tinabradley@example.org
8023	adamscraig	sandra80@example.org
8024	reneejones	swilliams@example.net
8025	molly02	dannylopez@example.net
8026	justin24	zhudson@example.net
8027	richardmitchell	emarshall@example.com
8028	edwardblevins	guzmanscott@example.org
8029	dawncooke	kimscott@example.net
8030	bradyjeffrey	richard34@example.com
8031	msilva	charles02@example.org
8032	garyflores	sarahwhite@example.net
8033	ntaylor	ypeterson@example.org
8034	tylerjohn	kimberlyjohnson@example.com
8035	angelahopkins	joseph39@example.net
8036	stevenwilson	briannamann@example.org
8037	jeffrey37	amiller@example.org
8038	randolphjames	zevans@example.org
8039	brittanytran	andrea62@example.org
8040	quinnjustin	xavier33@example.com
8041	frankcollins	swansonamber@example.com
8042	wongangela	annagardner@example.net
8043	johnstewart	jennyvance@example.org
8044	jenniferwilliams	judyjohnson@example.com
8045	lisacampbell	mejiabridget@example.org
8046	joshuafritz	bobby72@example.net
8047	kelsey37	sullivaneric@example.com
8048	timothyvaldez	lgonzalez@example.com
8049	fmays	charles71@example.com
8050	barbara24	brettyoung@example.net
8051	danielsalazar	ljohns@example.org
8052	michaelburch	bennettmary@example.org
8053	fbryant	justinstone@example.net
8054	ofoster	elizabeth40@example.com
8055	lschwartz	greenchris@example.org
8056	victoria12	wbowman@example.net
8057	kennethbrewer	andre39@example.net
8058	nataliefoster	johnsonanna@example.net
8059	griffinzachary	norma81@example.com
8060	nancyprice	awalker@example.org
8061	emilyfoster	harold11@example.org
8062	mcculloughnicole	toni21@example.org
8063	sspears	cory37@example.org
8064	janicetanner	patricia87@example.org
8065	austin17	millerbrandy@example.net
8066	srandolph	davidchristopher@example.com
8067	matthewyoung	xbaldwin@example.org
8068	uwright	jessicarosales@example.org
8069	chris72	areed@example.net
8070	michael09	spencersharon@example.com
8071	rita50	nathandickerson@example.com
8072	navarrosusan	luis46@example.org
8073	urowland	hendersoncynthia@example.net
8074	mary28	watkinslatoya@example.org
8075	ylawrence	wilsonerica@example.com
8076	angela05	larry84@example.org
8077	vaughnadam	brandy30@example.org
8078	jacqueline04	robert10@example.com
8079	amandapadilla	thall@example.org
8080	courtneywest	laura65@example.com
8081	sharpjoan	linda58@example.net
8082	bonniehuffman	melissa21@example.com
8083	mary71	benjamin05@example.com
8084	mariaholder	maysvalerie@example.com
8085	xbailey	dellis@example.org
8086	joshua07	dustincook@example.net
8087	brandonhumphrey	wvazquez@example.com
8088	kathleenbowman	herringbeverly@example.net
8089	sthompson	wangbrian@example.org
8090	salazartimothy	amandaowens@example.org
8091	ryanflores	cassidy62@example.org
8092	stephaniejohnson	dmann@example.org
8093	kathy20	nicole20@example.org
8094	liuwilliam	johnmaxwell@example.com
8095	kevin47	mckinneymary@example.net
8096	jeremy31	carlossutton@example.com
8097	santanadeborah	rfigueroa@example.org
8098	jakeclark	perezjohn@example.org
8099	elizabethblack	christopherlopez@example.com
8100	bryanryan	turnermelanie@example.org
8101	mcmahonbrian	fhaley@example.org
8102	turnerjeremy	esanchez@example.net
8103	julia97	qclark@example.net
8104	brookebarrett	ramoscatherine@example.org
8105	meagan81	bauerbrandon@example.org
8106	carloscannon	turnerkevin@example.net
8107	lisa29	denise01@example.net
8108	steve33	garciatina@example.org
8109	sara31	andrewware@example.org
8110	chobbs	tinaholloway@example.net
8111	tammycohen	harrellstephanie@example.net
8112	aoconnor	christina44@example.net
8113	mberry	nguyenlisa@example.com
8114	scottsmith	gonzalezjulie@example.org
8115	michelle01	melissa54@example.com
8116	lbranch	spencerbrianna@example.org
8117	ewingandrew	valentineelizabeth@example.com
8118	murraymatthew	jamesburton@example.net
8119	whenderson	evansnancy@example.com
8120	zjohnson	raymondbest@example.com
8121	jonesmatthew	luis78@example.net
8122	carrie51	xlopez@example.com
8123	christopher50	briansmith@example.net
8124	robertnewton	shannon80@example.net
8125	kevin19	griffithvincent@example.org
8126	jordanwilliams	timothy07@example.org
8127	dawnrichardson	mary01@example.net
8128	marshcynthia	ann33@example.net
8129	curtis60	sfowler@example.org
8130	carla22	iwalker@example.org
8131	garciaricky	meyersrobert@example.com
8132	barbara91	turnerlisa@example.org
8133	scottcarroll	andrewwest@example.net
8134	keithjohnson	rodriguezdiane@example.org
8135	aolson	charles41@example.com
8136	allisonmyers	qcolon@example.org
8137	michaelcisneros	gonzaleschristopher@example.net
8138	ohill	scottalexander@example.com
8139	nicoleguzman	linda82@example.com
8140	shelleyparks	tyler31@example.com
8141	kristen38	paulameza@example.org
8142	kevin30	katherineross@example.net
8143	timothy09	ambergallegos@example.com
8144	bakerjames	melissa40@example.net
8145	fdavis	ellisonjasmin@example.com
8146	caldwellsusan	mwoodward@example.com
8147	samuellevine	johnsonrhonda@example.net
8148	johnsonjohn	christopher58@example.net
8149	lberry	james26@example.org
8150	stephenhuerta	danielcase@example.net
8151	ylewis	wesley61@example.org
8152	brandidiaz	wbradley@example.com
8153	ggarcia	jason44@example.net
8154	ramirezmelissa	chaneyandrew@example.net
8155	davidgomez	padillajennifer@example.net
8156	alexander80	debra17@example.org
8157	carlosrobinson	allen37@example.com
8158	keithdavid	davidmartinez@example.net
8159	bassjessica	vgarcia@example.com
8160	iclark	joseph32@example.com
8161	tmccoy	patriciaanderson@example.com
8162	lindsay85	meganburns@example.com
8163	carpentermichelle	kglover@example.com
8164	znichols	ethanhester@example.org
8165	dawnbrown	murphyjason@example.net
8166	adam06	jonathan33@example.org
8167	zpineda	vanessa54@example.com
8168	christy84	jamesstevens@example.net
8169	maria75	samanthawoodard@example.com
8170	mario09	thorntonjennifer@example.com
8171	bridget16	joshuazavala@example.org
8172	catherine50	kristina44@example.net
8173	vincent81	alicia22@example.net
8174	nguyensteven	elaine49@example.org
8175	laurenjones	fischerleslie@example.net
8176	johnwagner	blevinsamanda@example.org
8177	burtonkaren	crystalhuang@example.org
8178	lisathompson	perryderrick@example.net
8179	holly97	williamdiaz@example.org
8180	victorlarson	hardingcatherine@example.org
8181	joyceadams	jacqueline11@example.org
8182	katherinelee	haileyyoung@example.com
8183	ashleykeller	hmarks@example.com
8184	westlaura	morganrebecca@example.net
8185	isabellaescobar	ballen@example.org
8186	angela60	samuelsanders@example.com
8187	anthonygonzales	davidharrison@example.com
8188	david55	david61@example.org
8189	courtney75	kevin19@example.org
8190	evang	diazdana@example.net
8191	blanchardadam	rdelgado@example.com
8192	turnerkathleen	johnbeck@example.org
8193	deanjohnson	herreraelizabeth@example.org
8194	lindsey95	shelly10@example.org
8195	ysanders	lisajones@example.net
8196	guzmanlaura	thomasmiles@example.org
8197	marqueztina	bryan51@example.org
8198	rossdaniel	waltercynthia@example.net
8199	freemanmolly	jpierce@example.org
8200	hendersonbeth	millerteresa@example.org
8201	brittanygray	angela82@example.org
8202	hollygoodwin	deanmartin@example.com
8203	careyrhonda	scottmatthew@example.net
8204	isaachaynes	ujackson@example.com
8205	palmeralan	tina76@example.com
8206	nmoses	blakehenderson@example.net
8207	rushjustin	justinmosley@example.org
8208	jacob13	dawnchavez@example.com
8209	jamesjones	zmendoza@example.org
8210	earlwoods	weeksjeffrey@example.net
8211	mark74	hannahbarnes@example.com
8212	cassandra75	rachelmendez@example.org
8213	grantmark	awoods@example.net
8214	christopher34	amandaford@example.net
8215	kellyrusso	louis84@example.com
8216	john14	anthony52@example.com
8217	brogers	monica79@example.org
8218	timothystrickland	thomas43@example.net
8219	bspencer	danielbrown@example.net
8220	austinrandall	andreaalvarado@example.com
8221	natalie21	amy88@example.com
8222	morgansarah	gabriela01@example.com
8223	eross	lisaarnold@example.net
8224	williamscarlos	gatesjames@example.net
8225	douglas10	harrissteven@example.org
8226	freysabrina	lisacollier@example.com
8227	reynoldsheather	smitchell@example.net
8228	lori82	robinsonalexander@example.net
8229	sduran	bperez@example.com
8230	lijulie	jake08@example.net
8231	murraymichael	brittany35@example.net
8232	fboyd	swhite@example.org
8233	moonpaul	jason60@example.org
8234	wperez	brittneyclements@example.net
8235	kristenreynolds	jvaughn@example.com
8236	oliu	browntimothy@example.com
8237	marshallnicholas	brian50@example.com
8238	alexis61	fbeltran@example.com
8239	monica68	anitaramsey@example.net
8240	reynoldstyler	ggonzales@example.org
8241	janet60	jeremyhunt@example.net
8242	rmendoza	bbauer@example.net
8243	craigking	nicole30@example.net
8244	lisalucero	garciaconnie@example.org
8245	jacksonjacob	lbates@example.com
8246	christophertorres	donaldrice@example.org
8247	bmarshall	hollymiller@example.net
8248	uwatkins	valeriemercado@example.org
8249	katherine27	brendan51@example.com
8250	lsalas	michele57@example.com
8251	asnow	vburke@example.net
8252	fieldstimothy	jonespatricia@example.com
8253	levymegan	floresamy@example.net
8254	ramseystephen	erika37@example.net
8255	perry28	douglasortiz@example.org
8256	ellismorgan	adrianwalsh@example.net
8257	taylorkevin	thomas00@example.com
8258	wcox	ashley98@example.org
8259	zmiles	dhill@example.org
8260	rwebb	piercejeffrey@example.com
8261	nelsonlaura	qsmith@example.net
8262	ganderson	lauralee@example.com
8263	guerreroamanda	jomcdonald@example.com
8264	mariahernandez	adamsmikayla@example.org
8265	hmunoz	carolyndillon@example.org
8266	angelbennett	dana38@example.org
8267	douglastaylor	zbutler@example.org
8268	millerchristina	tanner79@example.net
8269	martinezalyssa	vwagner@example.net
8270	williamsstacey	cdaniel@example.net
8271	williamsleah	karla61@example.org
8272	phillipsrichard	bensoncynthia@example.com
8273	russellgonzalez	brandonwelch@example.org
8274	tara07	kristen03@example.net
8275	richardpitts	jessica75@example.org
8276	amanda86	ericfreeman@example.net
8277	qlang	millersharon@example.net
8278	craig61	stephen89@example.net
8279	tevans	benjaminjohn@example.net
8280	timothysanchez	turnertony@example.com
8281	staffordbrandon	dawn29@example.org
8282	friedmanvincent	meltonbruce@example.net
8283	hudsonbrandon	kberger@example.org
8284	robert03	fuentesmichele@example.net
8285	courtneysmith	jennifergreen@example.com
8286	francodavid	fitzpatrickmary@example.net
8287	thomastina	johnlee@example.org
8288	davislucas	davidwilliams@example.org
8289	richrobert	mmartinez@example.net
8290	reededwin	staylor@example.org
8291	dianapham	cookdaniel@example.com
8292	owillis	mary32@example.com
8293	erik46	brad88@example.org
8294	sheadaniel	jimenezmichael@example.org
8295	iguerra	marthavazquez@example.org
8296	kellilewis	quinnalicia@example.org
8297	twalton	johnnysanchez@example.net
8298	carterbethany	qgamble@example.net
8299	stanleykendra	clarkelizabeth@example.net
8300	peter30	bennettkevin@example.net
8301	tmartinez	kelly07@example.com
8302	andrea03	hollowayrobert@example.com
8303	christopherwalker	craigjohn@example.org
8304	schen	carlsonsarah@example.net
8305	hoffmanjesse	ngardner@example.net
8306	burkewilliam	brownnoah@example.org
8307	mbarrett	matthewmeyer@example.org
8308	gracelynch	agross@example.net
8309	jasonbarnes	daniel40@example.org
8310	jessica09	obrown@example.net
8311	brenda17	leah16@example.org
8312	james62	larrynielsen@example.net
8313	molinamaria	omcgee@example.org
8314	xhenry	erivas@example.net
8315	brian59	christophermejia@example.org
8316	sean68	ethan22@example.org
8317	theresa84	llawrence@example.com
8318	wcabrera	iclark@example.com
8319	gmitchell	cannonchristian@example.net
8320	ohunt	odavis@example.com
8321	hendricksvictoria	alexandra04@example.net
8322	upotts	wcarson@example.com
8323	staceygraves	mcneiljeff@example.com
8324	reyesmichelle	heatherwilson@example.org
8325	stephaniehubbard	parkerjessica@example.com
8326	davidclark	bruce41@example.net
8327	phillip21	haileyvance@example.org
8328	duffykyle	nwillis@example.net
8329	carrollerica	matthew52@example.com
8330	billy86	milleralicia@example.net
8331	taraallen	cassandrajackson@example.com
8332	theresaperry	nicole78@example.org
8333	aprilcaldwell	amandawade@example.net
8334	collinsjennifer	fraziertimothy@example.com
8335	jacobalexander	kwallace@example.com
8336	uholmes	efranco@example.net
8337	nathan70	nyoung@example.com
8338	fjohnston	malvarez@example.net
8339	hayesrussell	rhodesmike@example.org
8340	clementsheidi	scotttiffany@example.com
8341	rangelcarlos	penabruce@example.com
8342	nicholas60	katherine64@example.com
8343	grant28	medinaamanda@example.net
8344	robertwalker	larry94@example.org
8345	rcantu	potterryan@example.com
8346	thomasburton	jacobsronnie@example.org
8347	stonemarcus	nross@example.org
8348	wheelerzachary	warroyo@example.com
8349	kramirez	robertcarroll@example.net
8350	riverakimberly	jean54@example.org
8351	raven06	frichardson@example.com
8352	annavasquez	robertmoran@example.com
8353	escobarclayton	mendozagrace@example.org
8354	benjaminsilva	tdiaz@example.net
8355	littlesteven	christopherthompson@example.net
8356	tara76	kelseyanderson@example.net
8357	mossgloria	monicawright@example.net
8358	maciastony	douglasgreen@example.com
8359	ian80	bcook@example.net
8360	jeffreycurtis	glenngarcia@example.net
8361	tonya01	bward@example.org
8362	hoopertonya	sarajohnson@example.org
8363	thomasadrian	taylormichelle@example.com
8364	josephaguirre	wnelson@example.org
8365	thomasjames	parkstephanie@example.org
8366	brooksdonna	vdoyle@example.org
8367	erandall	rward@example.net
8368	curryallen	kwilliams@example.org
8369	cody70	uclements@example.net
8370	tyler51	terrelldwayne@example.net
8371	ashleyevans	nicolehopkins@example.net
8372	lmendez	yvette87@example.net
8373	millersamuel	hahnjasmine@example.com
8374	imartin	christina30@example.org
8375	meganjohnston	williamsjennifer@example.com
8376	laura60	bruce60@example.net
8377	kelly20	walkermargaret@example.com
8378	christopherodonnell	angelamaldonado@example.net
8379	atkinsonkellie	karabrown@example.com
8380	jeffreybaker	hesterdawn@example.com
8381	aarondavila	coxalan@example.org
8382	davidstephens	drios@example.net
8383	roselori	vrodriguez@example.org
8384	kingsusan	stevenstodd@example.com
8385	jcontreras	fschmidt@example.com
8386	madeline87	schneiderdeborah@example.org
8387	colonpriscilla	kathryn73@example.com
8388	ecervantes	michaelwood@example.net
8389	powelljames	ncervantes@example.org
8390	gregory70	jessica44@example.org
8391	jason47	colegary@example.org
8392	pvazquez	nhughes@example.net
8393	lcastaneda	franklincarly@example.org
8394	kelly89	victoriamorris@example.com
8395	omcgee	drogers@example.org
8396	redwards	gina50@example.org
8397	marissa94	charlesestes@example.net
8398	glenn94	grahammichael@example.com
8399	martinezerin	rfranklin@example.net
8400	sherrirobinson	allisonweber@example.com
8401	nolanchristy	fergusonalexandria@example.net
8402	michaelmerritt	sherylmiller@example.net
8403	jennifer51	iwilliams@example.com
8404	frankrussell	michellemoore@example.net
8405	raguilar	smartinez@example.com
8406	ryan96	monicabrown@example.org
8407	christina39	nicole13@example.net
8408	mcconnellangela	mcconnellheather@example.net
8409	ijones	thomasjustin@example.org
8410	olsonandrea	benjamin20@example.net
8411	peter74	michellewallace@example.net
8412	regina03	kayla08@example.org
8413	daniellewis	thomasjames@example.com
8414	lisawatts	tuckerwilliam@example.com
8415	jacqueline89	richard38@example.net
8416	melissasimpson	halljennifer@example.com
8417	laurensmith	abradshaw@example.net
8418	alicia69	ann86@example.net
8419	amandagarcia	cthomas@example.org
8420	fieldskaren	smiller@example.net
8421	gregflores	tiffany70@example.org
8422	bennettrobert	parkercaroline@example.net
8423	seth48	zhernandez@example.org
8424	greensarah	kanetracey@example.com
8425	wbeltran	yhall@example.com
8426	pereznancy	zsmith@example.org
8427	mmyers	khayes@example.net
8428	pavila	bellemily@example.net
8429	hooveranthony	thernandez@example.net
8430	cynthiascott	watsonmartin@example.org
8431	barnesmichael	spearskyle@example.net
8432	ynichols	loridavid@example.net
8433	rossjudith	michaelwarren@example.com
8434	novakbrian	tiffany29@example.com
8435	linda19	fgray@example.org
8436	marshallkaitlyn	kaylagriffin@example.net
8437	orrpaul	thomasevans@example.com
8438	nicholas61	david35@example.org
8439	aliciacurry	chogan@example.com
8440	nthompson	kimberly48@example.net
8441	sbarker	robertsdavid@example.net
8442	emily36	lauren03@example.com
8443	monicanichols	christinejones@example.org
8444	paulawoods	castroemma@example.org
8445	morgan21	mikemccormick@example.net
8446	rwatts	wilsonrebecca@example.org
8447	kevinbutler	daniel29@example.net
8448	leonard15	mmorris@example.com
8449	martinsantos	brandonbutler@example.com
8450	larsenmichelle	monica73@example.com
8451	hectorscott	uorozco@example.net
8452	bradfordlisa	david97@example.org
8453	russellclark	marylowe@example.net
8454	brooksjonathon	tara60@example.org
8455	frostaaron	rvega@example.net
8456	gcollins	paynejennifer@example.org
8457	kthornton	gregory29@example.net
8458	craigdaniel	eric62@example.org
8459	amberosborne	allencharles@example.org
8460	mbender	thomasashley@example.org
8461	carol70	norma86@example.org
8462	gbrady	popeangela@example.org
8463	kelleykimberly	dbaker@example.org
8464	campbelldonald	jasminegonzalez@example.org
8465	sara17	barnesclarence@example.com
8466	nhicks	pamela80@example.com
8467	ashleytaylor	butlersean@example.org
8468	browningjohn	heather70@example.com
8469	bradley26	ralexander@example.com
8470	lindalane	ray73@example.org
8471	vvillanueva	henrycharles@example.org
8472	brad69	darrengoodwin@example.net
8473	rebecca56	meltonalicia@example.org
8474	briana07	samuelarias@example.org
8475	nnelson	linda74@example.com
8476	danielwood	saradaniels@example.com
8477	ballthomas	fergusonsteven@example.com
8478	deborah87	davisnicole@example.com
8479	lewiskaitlyn	wsteele@example.net
8480	ble	wonglori@example.org
8481	larryanderson	prestonmiller@example.org
8482	marycantu	vwalter@example.net
8483	martinthomas	mmoore@example.org
8484	sarah78	nharris@example.com
8485	maryjoseph	williambrown@example.net
8486	maria51	gbrown@example.org
8487	drivers	elizabeth55@example.org
8488	matthewbuckley	pittmantheresa@example.org
8489	lking	henry65@example.net
8490	chavezwilliam	jonesmichelle@example.net
8491	dlara	melissasilva@example.org
8492	josewade	wendyrobinson@example.net
8493	riversbrandy	donald54@example.com
8494	jenniferoneill	daniellecurtis@example.net
8495	lewisalexander	andrewacosta@example.com
8496	bergercarolyn	gregorybrown@example.com
8497	joshua81	gcarroll@example.net
8498	jasmine49	ryanwilliam@example.org
8499	robert93	brandy77@example.org
8500	igarcia	lkramer@example.org
8501	april49	daltonstephanie@example.org
8502	ericcole	royadrian@example.net
8503	gmora	briancastillo@example.org
8504	christinawood	monicaandrews@example.net
8505	charlesblack	carrolljamie@example.org
8506	cchandler	madelineanthony@example.org
8507	nbullock	phillipsjason@example.com
8508	maddenchristopher	donna59@example.com
8509	ericaharrington	jessicacampbell@example.com
8510	andreabass	sarah32@example.org
8511	jsantos	cboone@example.org
8512	jonathonnunez	andrewsmichael@example.com
8513	racheldavis	rtrevino@example.com
8514	btaylor	paul38@example.net
8515	riceallison	alec17@example.net
8516	evansdavid	smiththomas@example.net
8517	jimnixon	william49@example.org
8518	jesusmcconnell	jbell@example.net
8519	abigail51	ewebb@example.net
8520	briandavis	thorntonwilliam@example.org
8521	gomezdavid	mcdonalddavid@example.net
8522	hoodjames	yolanda08@example.com
8523	beckerchristopher	sware@example.com
8524	kristi87	melissa62@example.com
8525	oconnorandrew	jenniferortiz@example.net
8526	fisherdonna	dmelton@example.net
8527	ttownsend	kpeters@example.com
8528	dayvincent	williamsdanielle@example.org
8529	torresgary	lharrison@example.net
8530	rhahn	catherinetaylor@example.org
8531	whitneychristensen	briansmith@example.org
8532	tvega	normankathryn@example.net
8533	baileydavid	martinsarah@example.com
8534	linda99	millsmichael@example.com
8535	glen93	susan37@example.org
8536	qtaylor	harrisjoshua@example.org
8537	tracyhall	barbara76@example.net
8538	christopher96	lisa03@example.net
8539	patrick76	stevenboone@example.com
8540	smithjoseph	bjackson@example.org
8541	amanda47	fernando32@example.net
8542	ngraham	christopheryu@example.org
8543	tranbenjamin	smithlori@example.org
8544	greenmichele	mark07@example.com
8545	rhonda34	moorerandy@example.com
8546	nharris	meganbaldwin@example.com
8547	elliottcarrie	ryan10@example.com
8548	courtneyreyes	melissa41@example.org
8549	asmith	marisaadkins@example.org
8550	rhonda29	cranejonathan@example.com
8551	butlerashley	alan01@example.org
8552	lisawilkins	robyn72@example.org
8553	jonathanschneider	talvarez@example.org
8554	gabriel40	carla05@example.net
8555	latashafleming	padillaisaac@example.com
8556	michaelspears	emily52@example.net
8557	alexander11	evansbenjamin@example.org
8558	heidihall	kathrynlevine@example.com
8559	michaelgonzalez	katherine71@example.net
8560	smithjoshua	cynthialewis@example.com
8561	james22	dawn10@example.org
8562	thompsonashley	jessica10@example.com
8563	xreed	reidjames@example.org
8564	anacruz	ucollins@example.com
8565	patricia54	nancy44@example.net
8566	michellepatton	mfritz@example.net
8567	garciaharold	zhayden@example.net
8568	rodriguezdavid	debra48@example.com
8569	williambailey	linda71@example.net
8570	allenkelly	ritterconnie@example.com
8571	johnsondustin	xcooper@example.org
8572	gregory50	carrie81@example.com
8573	xmalone	kelly00@example.com
8574	pgilbert	sclark@example.org
8575	piercefelicia	shelleygriffith@example.net
8576	robert84	brianescobar@example.org
8577	fibarra	tommy60@example.org
8578	adamhoover	kbrown@example.net
8579	sharon60	jeffreybrown@example.org
8580	michaela55	megan99@example.com
8581	steven11	umcneil@example.com
8582	halljames	jerry25@example.net
8583	jamespayne	shannon33@example.com
8584	natalie85	ywhite@example.net
8585	aliciastephens	brianallen@example.org
8586	phillipsadriana	richard23@example.net
8587	clarklisa	clarkerin@example.org
8588	chernandez	crystalholland@example.org
8589	ywilliams	pmitchell@example.com
8590	elewis	jacoblopez@example.com
8591	brendaespinoza	dave89@example.org
8592	jcalderon	robertlewis@example.com
8593	poolemelissa	thomasfrancis@example.net
8594	klinerita	harperronald@example.net
8595	brookselizabeth	kevin63@example.com
8596	clarkgrant	dmccarthy@example.org
8597	cynthia72	coledavid@example.com
8598	rebeccalynch	scottharris@example.org
8599	rhernandez	mmitchell@example.net
8600	yuangela	ojones@example.net
8601	yucolin	darylgomez@example.org
8602	wcarter	bmorgan@example.org
8603	paulapayne	emily75@example.org
8604	lori15	robert34@example.org
8605	keithwilson	carla34@example.net
8606	gomezjohn	kshelton@example.org
8607	nancymartinez	kennedymandy@example.org
8608	yburns	christopher75@example.org
8609	proberts	hendersonjustin@example.net
8610	popekenneth	chadandrews@example.com
8611	scott75	mcbrideryan@example.org
8612	perkinskara	colemankathryn@example.net
8613	karengreen	prestonyates@example.net
8614	georgekelly	garymiller@example.org
8615	oneilldiana	lindsaydecker@example.com
8616	xbarker	scottjessica@example.net
8617	martinkelly	davidsanchez@example.com
8618	anelson	hansenandrew@example.net
8619	elizabethrios	andrea44@example.net
8620	marksmelinda	alopez@example.org
8621	frank83	danielburton@example.net
8622	denise07	jennifercowan@example.org
8623	garciacory	catherinebrown@example.com
8624	michael91	albertwest@example.org
8625	zacharywatson	stephanie23@example.net
8626	halldiana	jeffreybarnes@example.com
8627	idudley	dudleytheresa@example.net
8628	christianrichard	mmorgan@example.org
8629	jenkinsgeorge	patricia41@example.net
8630	fjames	jenny67@example.net
8631	harrismikayla	wcollins@example.org
8632	michael78	jennaglover@example.net
8633	ellen67	aaron71@example.net
8634	pamela30	bvalentine@example.com
8635	juanchan	jesse78@example.com
8636	dlopez	louisthompson@example.org
8637	nhayes	andersonvalerie@example.com
8638	qfranco	lisa53@example.org
8639	jeffreyjackson	robin12@example.net
8640	xdavid	shawnoconnell@example.net
8641	michael10	millerchelsea@example.com
8642	wilsonbrent	lancewolfe@example.org
8643	ashleygonzalez	caitlin51@example.org
8644	vickie64	juliacollier@example.com
8645	albert36	martinkimberly@example.org
8646	xhancock	hdodson@example.com
8647	nancy47	christine86@example.com
8648	sonya65	lwilliams@example.org
8649	davisann	yvillegas@example.net
8650	alisonwalter	ryan74@example.org
8651	barkerchristina	qmccoy@example.com
8652	fbates	stephaniewalker@example.net
8653	christinesantiago	austinfreeman@example.net
8654	psanders	jvaughan@example.net
8655	lewismeghan	ocruz@example.net
8656	jwallace	wandajohnson@example.org
8657	monicabutler	gbailey@example.org
8658	marquezmatthew	alexanderholly@example.net
8659	andersonmary	ana08@example.com
8660	hjacobs	david50@example.net
8661	victoriamontes	christophermccormick@example.net
8662	stephanie02	lisaroach@example.net
8663	raymondrodriguez	qkelly@example.org
8664	stephen67	christina43@example.net
8665	willisvictoria	fmitchell@example.com
8666	mollymoore	amy84@example.org
8667	lkaufman	shannonkelly@example.org
8668	gregorysmith	kaufmanmichaela@example.com
8669	adkinsjoseph	mcintoshtimothy@example.net
8670	stephen51	stephenmyers@example.org
8671	matthewporter	angelacruz@example.net
8672	benjaminsmith	smarquez@example.net
8673	brenda86	thompsontravis@example.net
8674	dorothy00	nunezthomas@example.org
8675	biancamann	crystal52@example.net
8676	kmendoza	browncatherine@example.com
8677	tcrosby	trevorbrown@example.org
8678	sandovalmelanie	charleskimberly@example.com
8679	krystal38	pvalencia@example.org
8680	fordbarbara	andrew77@example.org
8681	gomezderek	johnlopez@example.org
8682	jonathan38	diane14@example.org
8683	mlester	jchapman@example.com
8684	charlesfarmer	logan33@example.org
8685	christopher52	hwilliams@example.org
8686	owagner	rrichardson@example.com
8687	ppeterson	rachelmoreno@example.org
8688	cynthiamckay	jason66@example.com
8689	huangjacob	littlejeffrey@example.net
8690	oturner	williamsandrea@example.net
8691	mollysmith	sanchezjeffery@example.org
8692	miguel56	sullivancynthia@example.net
8693	rebeccajackson	alejandrasantos@example.org
8694	cynthia61	sandersjessica@example.com
8695	haneyamy	brian32@example.net
8696	madeline79	dmorgan@example.com
8697	alexander30	hillharry@example.org
8698	emunoz	thomas76@example.com
8699	yolandadavidson	xbennett@example.com
8700	jacksonjason	amandawilliams@example.net
8701	marroyo	michael92@example.net
8702	michael69	acole@example.org
8703	josebell	robertskathleen@example.org
8704	wellscorey	tgilbert@example.org
8705	sjordan	andrea85@example.org
8706	fwebster	deborah27@example.com
8707	jerome27	dhampton@example.org
8708	michael01	georgecharles@example.org
8709	julie61	blackrobert@example.org
8710	eduardo25	gpalmer@example.org
8711	hillcrystal	claudiathompson@example.net
8712	rodriguezdana	foxdaniel@example.org
8713	ijackson	qmartinez@example.com
8714	james57	victoriahudson@example.org
8715	angela78	nicolegriffith@example.com
8716	steven93	richardsonashley@example.org
8717	jamesgalloway	fbradley@example.org
8718	troy34	markcole@example.org
8719	lspencer	ncarter@example.org
8720	bradfordcharles	silvalance@example.org
8721	jessicagarcia	parkerseth@example.net
8722	danieldavis	nicholas29@example.net
8723	christopherwarner	markcastaneda@example.org
8724	acostajennifer	christinamiller@example.net
8725	steven90	ellisbryan@example.com
8726	andrea75	andrew40@example.org
8727	markhurst	vaughnjeremy@example.net
8728	thorntonjames	thomas86@example.net
8729	davidcompton	tammycarrillo@example.com
8730	destinybrown	jermaine50@example.com
8731	michellewagner	george66@example.org
8732	aatkins	michelle86@example.org
8733	ycox	emily37@example.org
8734	usavage	mthomas@example.com
8735	kevin94	mary68@example.com
8736	khanashley	hannah19@example.org
8737	fhobbs	okennedy@example.net
8738	michaelrogers	timothy75@example.com
8739	jose87	stanley22@example.org
8740	nhutchinson	yrodriguez@example.com
8741	rharris	rachel94@example.com
8742	gutierrezjoshua	greenjulie@example.net
8743	wilsonjennifer	yadams@example.com
8744	whensley	englishshelly@example.com
8745	jason49	john07@example.com
8746	hannahblair	dpena@example.net
8747	duncanmichael	tylersusan@example.net
8748	derek71	henrynguyen@example.net
8749	suttonamanda	kyliebuchanan@example.com
8750	qgates	nancy82@example.org
8751	robertsdavid	myerssuzanne@example.org
8752	mariah85	xsherman@example.org
8753	megan24	qherrera@example.org
8754	williamkelley	lgross@example.com
8755	dwolf	dgreene@example.net
8756	kingnathan	adamsmelissa@example.org
8757	justinstuart	robbinsgregory@example.com
8758	rangelmadeline	acampbell@example.com
8759	lmonroe	stevenlawrence@example.com
8760	lorihamilton	glennelizabeth@example.org
8761	markperkins	joseph35@example.net
8762	nbrooks	grimescynthia@example.com
8763	barbara75	curtisdennis@example.net
8764	eramirez	fking@example.com
8765	jacktapia	robertbush@example.net
8766	robbinsjoshua	margarethughes@example.net
8767	xmiller	williamdavis@example.com
8768	psolomon	wpena@example.com
8769	christine61	chris35@example.org
8770	montgomeryjermaine	buchananjoe@example.com
8771	shaungreen	ashleyturner@example.org
8772	crystalwinters	george20@example.com
8773	jadams	bowmandarren@example.org
8774	erichill	larsonmary@example.net
8775	perkinssherry	carlosalvarez@example.org
8776	sherrydean	melanie54@example.org
8777	hbarnes	adrian81@example.com
8778	elizabeth39	marcusfigueroa@example.org
8779	stanleychristina	williejensen@example.net
8780	scottmelissa	elizabethcohen@example.com
8781	hollywalton	romerostacey@example.org
8782	alvarezsteve	samantha65@example.com
8783	wangdaniel	jill27@example.com
8784	kathrynsaunders	paul14@example.org
8785	suarezbarry	hernandezeugene@example.net
8786	tinarichard	susan13@example.net
8787	deleonjoel	andrew92@example.org
8788	burkerobert	evan69@example.com
8789	colemanterri	spencerrobinson@example.com
8790	jonesmaria	jacobglass@example.net
8791	lisa43	mariolee@example.com
8792	emilycarter	jill08@example.com
8793	lori88	jarvispaul@example.org
8794	ronald76	carlos05@example.org
8795	cynthia44	rfletcher@example.net
8796	davidgonzales	ucox@example.org
8797	hdurham	roycole@example.org
8798	garciamegan	bmitchell@example.net
8799	mortonrobert	jamesking@example.com
8800	miguelprice	mcgeeteresa@example.net
8801	baileypatricia	janicehughes@example.net
8802	johnsonjames	audrey70@example.com
8803	lfisher	shelly98@example.org
8804	dustin66	rojasmichael@example.org
8805	tiffanypage	hmartinez@example.net
8806	dawnstone	johnsonricky@example.org
8807	mistysalinas	thompsonthomas@example.com
8808	craigmatthew	jameshawkins@example.com
8809	christy87	zmorris@example.org
8810	ptanner	ashley49@example.com
8811	meyerjohnny	hernandezdustin@example.com
8812	kelleraaron	ericacarter@example.net
8813	mcmahonashley	jameshaynes@example.org
8814	kimmanning	nnguyen@example.net
8815	christopherreed	ortizshelley@example.com
8816	larryjohnson	burnskelly@example.net
8817	bailey14	jessica68@example.org
8818	tiffany04	russellkaren@example.org
8819	stephen66	jaredmartin@example.net
8820	katelyngray	michaelhayes@example.net
8821	ryu	srichardson@example.com
8822	lcook	markmcconnell@example.net
8823	lonnie78	bfisher@example.org
8824	wrightangela	jgomez@example.com
8825	vanessayoung	ann00@example.com
8826	christopherknight	smithmatthew@example.com
8827	gbradley	stephanie30@example.net
8828	grantana	brent63@example.net
8829	davismichael	emartinez@example.com
8830	joelbrown	crystalsilva@example.com
8831	qstewart	amanda79@example.net
8832	parkermarie	christine28@example.org
8833	elizabeth89	dudleychristopher@example.net
8834	desiree63	patrick08@example.org
8835	gharvey	chelsea75@example.com
8836	robertpadilla	wallsfrancis@example.com
8837	david65	paul19@example.net
8838	keithmartinez	tamarakennedy@example.net
8839	kathleenball	adam54@example.org
8840	melissagarner	jennifermurray@example.org
8841	kimberly08	jacobsrobyn@example.net
8842	colemanveronica	proberts@example.net
8843	jamesrichardson	adamscraig@example.com
8844	justin85	nicholasking@example.net
8845	mckayrobert	cookdavid@example.org
8846	moorejames	xarellano@example.net
8847	oevans	loripham@example.com
8848	karenfisher	gilbertbrandon@example.org
8849	zsanders	jmoore@example.net
8850	jennifercummings	carolyn35@example.com
8851	katherineflynn	kimberly32@example.net
8852	tgibson	waltersjared@example.net
8853	iwilliams	james74@example.com
8854	waltersdavid	vlane@example.org
8855	daughertyjohn	stephensonjulie@example.net
8856	anneball	peter06@example.com
8857	ryan06	breanna29@example.com
8858	moyerbrandy	iedwards@example.org
8859	connorsandoval	rgood@example.org
8860	taylor54	rodney21@example.org
8861	judithmcintyre	hbailey@example.com
8862	jfernandez	taylor14@example.org
8863	collierjody	kathrynaustin@example.net
8864	earllopez	ajames@example.org
8865	jeremy57	dakota23@example.com
8866	denisepatterson	erika85@example.net
8867	danieldavid	parkermary@example.org
8868	jamesbird	jenniferross@example.net
8869	hebertnichole	ebenitez@example.com
8870	chenmichael	haleyfrey@example.net
8871	lori91	halltammy@example.net
8872	crawfordgabriel	nicole94@example.net
8873	jonathan08	andersonzachary@example.org
8874	anthony16	joshuadavidson@example.net
8875	millerdawn	dustinwang@example.org
8876	catherinebrooks	jennifer54@example.net
8877	dherring	jimenezchristina@example.org
8878	ejackson	ssmith@example.org
8879	melindahernandez	poncejessica@example.org
8880	lcarroll	joelfreeman@example.com
8881	abailey	martinrichard@example.com
8882	rileychristina	anne99@example.com
8883	jamie06	cwhite@example.org
8884	hbell	twebb@example.net
8885	davidpalmer	cody22@example.org
8886	michaelfrench	aprilwilliams@example.com
8887	yyoung	kelsey63@example.org
8888	angelica72	michelle23@example.org
8889	christopherwillis	mollyalvarez@example.org
8890	randyrodriguez	shelbykane@example.org
8891	scottjustin	franksaunders@example.com
8892	oalexander	kristenjohnson@example.com
8893	mcconnellwilliam	gbaker@example.com
8894	christinaduarte	berrymark@example.org
8895	jwilson	nlopez@example.org
8896	nmurphy	marylewis@example.org
8897	wanda96	qgomez@example.com
8898	meyermark	jason01@example.net
8899	powersjames	hmartin@example.com
8900	bishopmichael	brightjoshua@example.org
8901	jjones	joanna51@example.net
8902	glenperry	ryan95@example.org
8903	martinezdouglas	cgarcia@example.org
8904	calebward	kimberly00@example.net
8905	jason03	elizabethswanson@example.org
8906	ryanvega	penningtoncourtney@example.org
8907	jamesfisher	mayjames@example.org
8908	marcusdelacruz	shawn95@example.net
8909	kwilson	amy29@example.org
8910	wesley53	robinsoncatherine@example.org
8911	bowmansarah	mark40@example.com
8912	mirandabrooks	vmcfarland@example.com
8913	eward	reyesjennifer@example.com
8914	susantaylor	brittanypowell@example.com
8915	nguyenkyle	jamesjessica@example.com
8916	ian89	kevin44@example.com
8917	sarah44	billyjohnson@example.net
8918	steven26	williamsregina@example.org
8919	stephanieharris	kelly34@example.net
8920	beth22	annerichardson@example.net
8921	tiffany40	proctornichole@example.org
8922	sue53	fdavis@example.net
8923	melissa85	robertharmon@example.org
8924	ichen	sonyamolina@example.net
8925	susanshields	fwaller@example.com
8926	jessica05	jennifergilbert@example.net
8927	zunigarachel	vnorris@example.com
8928	anna99	david22@example.com
8929	amartinez	combswanda@example.net
8930	williamswilliam	tiffany94@example.com
8931	branchkathy	qprice@example.com
8932	lawrencedonald	cardenassheila@example.org
8933	allenpatricia	jbautista@example.com
8934	ryanmills	wrobinson@example.com
8935	tannerteresa	brendanjones@example.com
8936	laurencummings	kellybailey@example.org
8937	kimnicholas	jacksonmaria@example.com
8938	hawkinssally	derekramos@example.net
8939	larsenrobert	gabriellasmith@example.com
8940	adamsjennifer	kvalencia@example.org
8941	bradybrian	myerssandy@example.org
8942	cherylmckenzie	riley69@example.net
8943	ramirezshelby	dixonwilliam@example.net
8944	christopherdiaz	grivers@example.com
8945	emmaclark	pthompson@example.org
8946	michael34	ctaylor@example.org
8947	victoriajones	alexander56@example.net
8948	mejialisa	stacy64@example.com
8949	brianparker	robinsonmichael@example.com
8950	melissaunderwood	morrismichele@example.net
8951	cooklindsey	taylortina@example.org
8952	gloriascott	treyes@example.net
8953	mandersen	tirwin@example.net
8954	jessica58	moralesnancy@example.com
8955	patriciagutierrez	oconnoralan@example.org
8956	andrew93	brooke55@example.org
8957	philipkennedy	hvasquez@example.org
8958	wlynch	kayleevalencia@example.com
8959	stephenbarr	smithstacy@example.com
8960	peterjennings	duncanamanda@example.org
8961	abigail82	xperry@example.net
8962	alison11	mmills@example.com
8963	taylor95	paul17@example.org
8964	christine67	murrayjason@example.com
8965	jillcook	erinreeves@example.org
8966	jwoodard	gonzalezcody@example.com
8967	dwood	castrojose@example.com
8968	henrymichael	collinsemily@example.com
8969	jasonlee	michaeldavenport@example.net
8970	scottkathryn	freemanjose@example.org
8971	baileyjoshua	valerie90@example.net
8972	walter43	uschwartz@example.org
8973	meyerjanet	mark46@example.net
8974	bgonzalez	rebeccafisher@example.net
8975	williammontgomery	kellyallen@example.org
8976	vramos	ehart@example.com
8977	andre41	terryzachary@example.com
8978	keith68	hughesamanda@example.net
8979	mckenzie86	zgarner@example.com
8980	laura15	jstrickland@example.net
8981	hopkinsgregg	benjamin86@example.org
8982	ronnie21	turneremily@example.com
8983	wwoodard	lbranch@example.net
8984	davidblair	larry81@example.org
8985	tonya65	ataylor@example.com
8986	micheal23	sharon73@example.net
8987	harrisoneric	kyoung@example.net
8988	howellmelissa	hansonpatricia@example.com
8989	reginaburton	sbarnes@example.com
8990	ricardobaker	kennethlong@example.net
8991	mharrison	davidsonmary@example.net
8992	monicachandler	michelle60@example.com
8993	millerkristen	gina82@example.net
8994	rcoleman	jasminemccarthy@example.org
8995	james85	jared41@example.com
8996	lopezjorge	coryholmes@example.org
8997	marymoore	erobinson@example.org
8998	cheryl87	joshualee@example.com
8999	annaguzman	ahoward@example.org
9000	jacob12	icampbell@example.com
9001	ohall	hjames@example.net
9002	dpaul	shellyking@example.org
9003	annamiller	kevindavis@example.com
9004	irussell	katherine80@example.org
9005	ffisher	patrick62@example.com
9006	shellymartin	rebeccachang@example.org
9007	murraydebra	gfletcher@example.com
9008	jacquelineburns	ivanmolina@example.org
9009	vincentellis	joneslaura@example.org
9010	cooperamber	martinezcarolyn@example.net
9011	brittany63	kelly55@example.org
9012	huertacheryl	joshuasantiago@example.net
9013	mwiley	gary68@example.net
9014	taylorzachary	asoto@example.net
9015	kevinfoster	edwin96@example.net
9016	christopher35	tyler78@example.org
9017	pwhite	joseph90@example.com
9018	hallamber	jasminrandolph@example.com
9019	murraywilliam	iferguson@example.com
9020	cynthia01	xellis@example.net
9021	enunez	flogan@example.com
9022	ashley17	beardjaclyn@example.com
9023	fieldsrichard	qcochran@example.com
9024	anthonydiaz	christensensarah@example.net
9025	jenniferweeks	brownandrew@example.net
9026	vevans	josephmartin@example.net
9027	hollysavage	kimberlyharrell@example.com
9028	silvasarah	maria00@example.com
9029	jeffreymiller	michellemcgee@example.net
9030	imiddleton	gware@example.com
9031	ulawson	williamwest@example.net
9032	andrea50	pricesteven@example.org
9033	scott35	ojones@example.org
9034	klewis	qgreen@example.net
9035	cunninghamvirginia	rhodesheidi@example.net
9036	alexissantiago	stevensrobert@example.org
9037	leslie85	schmidtlisa@example.org
9038	kristinconrad	jackgraves@example.net
9039	lindsey77	stephen86@example.net
9040	scottmcmahon	lopezlisa@example.com
9041	tonymoore	rodriguezjames@example.net
9042	xstrickland	moorejason@example.com
9043	glenn98	huntnicholas@example.net
9044	jonathan68	nguyenjamie@example.org
9045	jacqueline63	kimberlyguzman@example.com
9046	leonard30	kathryn85@example.com
9047	genehorton	bridgetcarson@example.com
9048	kfrazier	psmith@example.org
9049	mistygomez	michael19@example.net
9050	rogersmatthew	gdunn@example.net
9051	conleyjustin	cherylsanchez@example.com
9052	tonyafrost	courtneybrown@example.com
9053	nguyenmichael	ymedina@example.net
9054	ucompton	debra91@example.net
9055	michaelmoore	yyork@example.net
9056	carl13	jhanna@example.net
9057	christine51	pamela83@example.net
9058	douglas93	cantucheryl@example.org
9059	marilyn12	andersonsara@example.com
9060	tanyaritter	hamiltondebra@example.net
9061	aperry	david60@example.net
9062	jrojas	kevinkoch@example.net
9063	carl70	gowens@example.com
9064	imurray	sanchezjoel@example.net
9065	whitesarah	cmelendez@example.net
9066	bowenmichele	rachelsmith@example.com
9067	mejiakristina	jonesmiguel@example.net
9068	stephenfernandez	etownsend@example.com
9069	david04	denise96@example.net
9070	christina18	evasquez@example.org
9071	shelley97	hendersonsandra@example.com
9072	todddarren	donaldvaughn@example.com
9073	cmurray	joshuasullivan@example.org
9074	natalienorton	kaylajackson@example.com
9075	cindy08	edwardmckee@example.org
9076	ybutler	staceyrandolph@example.org
9077	kimberly05	wilsonmatthew@example.org
9078	pamela72	alexander85@example.com
9079	joshuahampton	rachel30@example.net
9080	fernandogonzalez	kelly78@example.net
9081	mackgail	dominguezjim@example.org
9082	bblackburn	beckmolly@example.net
9083	brownkaren	stevenbarnett@example.org
9084	mallory83	vrobinson@example.com
9085	parkerjose	harrisaustin@example.net
9086	veronica69	bgeorge@example.org
9087	thomas79	cantujesus@example.com
9088	davisstephanie	dustincooper@example.com
9089	suttonroger	jessica34@example.org
9090	gonzalezemily	hlopez@example.org
9091	qmoore	lauren89@example.org
9092	imueller	simpsondavid@example.com
9093	angienorton	ychavez@example.net
9094	christopher78	thomas87@example.net
9095	toddjohnson	timothy35@example.org
9096	rprice	jessicagarcia@example.net
9097	jessica52	williamsjennifer@example.net
9098	hunterjacob	waynesims@example.com
9099	valeriehernandez	emily21@example.org
9100	karenedwards	jonesmichael@example.net
9101	smithpatricia	abigail72@example.org
9102	richardlevine	nancy61@example.com
9103	molsen	gdavis@example.com
9104	qyork	knightkim@example.net
9105	moniquechapman	danielle96@example.com
9106	marquezabigail	daniel21@example.com
9107	ehansen	elizabeth59@example.com
9108	weeksnathan	hillvickie@example.com
9109	lburke	fkennedy@example.org
9110	bishoptara	erica83@example.org
9111	megan19	darlenemitchell@example.org
9112	john80	bradfordclayton@example.net
9113	cmurphy	rpatel@example.net
9114	bonillamatthew	christopher74@example.net
9115	cartervalerie	carrielewis@example.com
9116	qchristian	mayerbarry@example.net
9117	matthewanderson	bryanfields@example.org
9118	tbullock	timothysmith@example.net
9119	omarjohnson	alexandraduncan@example.com
9120	john87	vanceaustin@example.com
9121	john28	larsonscott@example.com
9122	deborahrichardson	melanie92@example.net
9123	amiddleton	vhaney@example.net
9124	leah04	rtaylor@example.com
9125	dlittle	snyderkyle@example.net
9126	jose85	benjaminbowen@example.org
9127	franklinrobert	bennettsamantha@example.org
9128	andrew61	katiemoore@example.com
9129	brandonsmith	kimberlyaguirre@example.org
9130	greggwhite	rachelrodgers@example.com
9131	psweeney	patrickleblanc@example.net
9132	walkernicole	kathleen92@example.net
9133	erinkline	brandi35@example.org
9134	michelle37	matthew25@example.com
9135	michael15	matthewwalter@example.org
9136	cynthia35	uwalls@example.org
9137	sarahkelly	jowens@example.org
9138	annahaney	hbernard@example.org
9139	murphytony	pam23@example.com
9140	monique69	dmiller@example.com
9141	karen08	kathydavila@example.org
9142	sherry90	arroyodylan@example.com
9143	jonathan83	zyoung@example.com
9144	cuevascraig	bruce81@example.com
9145	benjamin00	bburgess@example.org
9146	mccarthyrebecca	sullivanandrea@example.com
9147	natalie37	scottcharles@example.com
9148	qcompton	xross@example.net
9149	mooretina	christopher95@example.com
9150	markhowell	mcclurecarrie@example.org
9151	brian60	zdavis@example.com
9152	roserussell	kaylabarrett@example.com
9153	kevinherrera	michaelyates@example.com
9154	jennahunter	nicholassilva@example.org
9155	ycook	turneramber@example.org
9156	rquinn	todd40@example.com
9157	velazqueztyler	lisa87@example.org
9158	fthomas	martinezscott@example.com
9159	rebeccaray	xcarter@example.com
9160	chaney	robertbranch@example.org
9161	ballkevin	charlesking@example.com
9162	grahamamy	barnettandre@example.com
9163	sarahmoore	qtaylor@example.com
9164	catherine82	kathleen69@example.org
9165	jennifer97	jessica01@example.org
9166	burkestephen	tanyamitchell@example.org
9167	andrewhensley	snowangela@example.net
9168	hatfieldkendra	rachel31@example.net
9169	hsingleton	philipwalker@example.com
9170	williamluna	briannagarcia@example.com
9171	rachael31	cody53@example.com
9172	moorevictoria	geraldlopez@example.com
9173	ericbarajas	nicolefox@example.com
9174	nicole07	melinda62@example.org
9175	gregory41	walkerbrian@example.com
9176	ihubbard	debrarivera@example.com
9177	donaldfrancis	jwu@example.org
9178	brandyperez	thomasrichard@example.net
9179	amorrison	chad10@example.com
9180	xvance	imoore@example.com
9181	daniellam	adamsrussell@example.com
9182	colemanwendy	reyesshelia@example.org
9183	caitlin23	usmith@example.com
9184	andreasmith	gillespieangela@example.net
9185	arianahartman	dmartinez@example.org
9186	christensensean	lawsonvictoria@example.org
9187	andrew94	jennifer67@example.net
9188	mosesbonnie	tonyabarron@example.com
9189	chelsea80	nicole88@example.com
9190	montesjoseph	gsmith@example.org
9191	kathryn28	jenniferpena@example.net
9192	omadden	taylor93@example.com
9193	kochcynthia	christinamanning@example.org
9194	william75	murphycourtney@example.com
9195	brookssharon	grahamphyllis@example.net
9196	zkelly	lisa87@example.com
9197	saraperez	montgomeryalicia@example.com
9198	abell	danielmarks@example.net
9199	qbaldwin	garciaholly@example.net
9200	lindazuniga	orobinson@example.org
9201	kevin23	whanson@example.net
9202	leemichael	emilygonzalez@example.com
9203	dhernandez	hernandezfrancisco@example.net
9204	vtrujillo	michael88@example.com
9205	millermelissa	cameron25@example.net
9206	vwhitehead	heather66@example.org
9207	buckmiguel	ronaldsmith@example.com
9208	hbauer	oburns@example.net
9209	jasonochoa	amyhoward@example.org
9210	jonathan81	leblancbilly@example.com
9211	meghanjackson	youngjimmy@example.net
9212	mark45	courtneyrivas@example.org
9213	phillipmendez	yshaw@example.com
9214	dgonzalez	patelwilliam@example.org
9215	allisonfox	millerfrederick@example.org
9216	carloshumphrey	lisa30@example.org
9217	xforbes	hunter84@example.org
9218	donwalker	jenna10@example.com
9219	aprilpierce	smithlaurie@example.net
9220	yfrederick	matthewramos@example.net
9221	djames	qbenson@example.com
9222	kim12	thomasamber@example.net
9223	gonzalezbeth	ynoble@example.com
9224	jimenezdiamond	proctoramanda@example.org
9225	david24	smorris@example.net
9226	ewingvalerie	jonmitchell@example.com
9227	romanmark	lidana@example.net
9228	hrichards	james20@example.net
9229	tarawade	nicolegreene@example.org
9230	abutler	amandamoran@example.org
9231	christinafisher	scottmarilyn@example.org
9232	whitelouis	qmullins@example.net
9233	ukennedy	lindasharp@example.net
9234	hamptontamara	ramirezsteven@example.com
9235	steven13	tward@example.org
9236	pmoore	johnmaxwell@example.org
9237	mindy83	elane@example.com
9238	moraleskenneth	lowerygina@example.com
9239	michaelroberts	tarroyo@example.org
9240	griffinjeffrey	sanderselizabeth@example.com
9241	shawnrangel	michelle53@example.org
9242	stephaniedalton	paulnewton@example.org
9243	brettperry	tonydiaz@example.com
9244	jenningsalexis	pottspatrick@example.org
9245	ashleyjones	pcarlson@example.com
9246	lauren77	franklin38@example.net
9247	housecharles	brandon31@example.com
9248	combskimberly	xroberts@example.net
9249	jessicameyers	olynch@example.org
9250	turnerkaren	johnjohnson@example.org
9251	hcarter	hardycassandra@example.org
9252	nataliemadden	tammydunn@example.net
9253	loweelaine	emma95@example.com
9254	aballard	nathanwalsh@example.org
9255	valeriegoodwin	ldennis@example.net
9256	josephnelson	sanchezmichael@example.org
9257	kmendez	hoffmanmary@example.org
9258	blacktanya	josephferguson@example.com
9259	mcgeesteven	danasolomon@example.org
9260	anthonynorton	raymondbeasley@example.org
9261	rogerbartlett	moorekelli@example.com
9262	bonillabrian	seanbuchanan@example.net
9263	xpennington	stevenconley@example.com
9264	edwardscindy	vwade@example.com
9265	cochransandra	martinezgregory@example.org
9266	hcasey	cstout@example.net
9267	jmeyer	pperez@example.net
9268	robertweaver	jimmybrown@example.org
9269	brent97	jbeck@example.org
9270	marykidd	joseph33@example.net
9271	eburns	davidwalker@example.org
9272	parkerlauren	karenmartin@example.org
9273	krausejennifer	fhenry@example.org
9274	alan04	huffdavid@example.org
9275	hayesbrittany	spark@example.org
9276	lisa11	bradshawkathleen@example.org
9277	jamie47	donald01@example.org
9278	jerome68	deborah99@example.org
9279	christopher51	williamrobinson@example.net
9280	john16	davidmurphy@example.com
9281	bwoodward	nicholas40@example.net
9282	kiddhannah	smithcourtney@example.net
9283	mossbarbara	whitealison@example.net
9284	kryan	willisgary@example.org
9285	williamsderek	wolfeemily@example.com
9286	jenkinskimberly	bennettkatherine@example.net
9287	wayneburke	deanjames@example.org
9288	antonio84	zacharyluna@example.net
9289	lawrencecummings	bcollins@example.net
9290	myersjason	osanchez@example.org
9291	cmiles	davissarah@example.com
9292	williamgarcia	mcculloughandrea@example.org
9293	karinasmith	rebeccaphelps@example.net
9294	ryoung	thall@example.com
9295	rhodesdeborah	kelleyrachel@example.org
9296	andrea48	spencerrodriguez@example.net
9297	howardkimberly	lawrence57@example.org
9298	johnblair	danielle26@example.net
9299	kingcaitlin	marioowen@example.org
9300	morganhailey	wattsjean@example.org
9301	michelle27	tammypacheco@example.org
9302	acopeland	cruzbarry@example.com
9303	kkelley	kayla00@example.org
9304	mark09	briankennedy@example.net
9305	janice68	ucohen@example.net
9306	heathstephen	tonyahester@example.net
9307	bradleyroberts	batesmark@example.org
9308	piercejames	cassandra80@example.net
9309	ugiles	abigailtrujillo@example.org
9310	gina58	eric91@example.net
9311	daniel77	ayalatiffany@example.com
9312	emmarobles	carterjohn@example.org
9313	christophercantu	garywood@example.net
9314	vzhang	kathy30@example.com
9315	rileykristen	swoods@example.org
9316	adamwright	shannon45@example.org
9317	johnsanchez	pkelly@example.com
9318	melody92	cknight@example.net
9319	zellis	brennananthony@example.net
9320	thudson	shannonreynolds@example.org
9321	williamscorey	huntjeffrey@example.net
9322	huffheather	scottcannon@example.net
9323	dwade	jose72@example.net
9324	qblevins	williamrojas@example.org
9325	changbrittany	jhernandez@example.net
9326	egarcia	fbutler@example.org
9327	villanuevaaustin	michael07@example.org
9328	josephvega	blackashley@example.org
9329	heidicastro	colemansean@example.org
9330	eduardoaguilar	oalexander@example.net
9331	jwatson	ssantos@example.net
9332	henry25	scunningham@example.net
9333	jennifer66	cameron17@example.org
9334	joneskerry	rhendricks@example.com
9335	boyerkaren	vincentjohn@example.net
9336	hrojas	katherinemiller@example.org
9337	dchambers	allenmatthew@example.com
9338	simpsonscott	andrea96@example.org
9339	aliciathompson	millertroy@example.net
9340	oneillstephanie	wford@example.net
9341	aaron31	katherine80@example.com
9342	kmunoz	blankenshipjerry@example.org
9343	gjordan	troyflores@example.org
9344	paul15	jamestaylor@example.net
9345	rlong	marissacook@example.net
9346	wendy24	downslaura@example.com
9347	bellryan	drobinson@example.net
9348	freemandavid	jillian79@example.com
9349	erichenson	davenportdawn@example.net
9350	david78	conradkenneth@example.net
9351	lstewart	cjimenez@example.org
9352	yjacobs	tonyroberts@example.com
9353	dawnkhan	jonesjacob@example.org
9354	molinasamantha	nmaxwell@example.org
9355	calvin46	katie12@example.com
9356	cherylknapp	robinsonheather@example.org
9357	jasonbruce	brightamanda@example.net
9358	petersjoseph	nhouston@example.net
9359	wallacejocelyn	smithryan@example.net
9360	tdaugherty	aliciajackson@example.net
9361	sean87	smithsusan@example.org
9362	brettwoodard	andres58@example.net
9363	stephensalison	david00@example.com
9364	hutchinsonrebecca	fredhopkins@example.com
9365	jillian01	rchen@example.org
9366	ocannon	hallchristina@example.com
9367	lmichael	newtontina@example.net
9368	steven48	david04@example.net
9369	desireeatkins	barnesjennifer@example.net
9370	murphyelizabeth	joshua91@example.com
9371	wayne43	diana12@example.net
9372	racheldickerson	jeffery37@example.net
9373	asimon	davidstevenson@example.org
9374	stevenmoore	deannarichardson@example.com
9375	jensenbrandon	downspaul@example.org
9376	bullockhayley	lauren70@example.net
9377	mpierce	hamptoncarla@example.org
9378	thomastaylor	andre20@example.net
9379	littlethomas	zscott@example.org
9380	tonymartin	hogannicole@example.org
9381	smithtraci	hudsonmatthew@example.com
9382	riosdenise	qcox@example.net
9383	millercaleb	susanwilson@example.net
9384	patricia14	anthonylee@example.com
9385	ramseyadam	andrea89@example.org
9386	jasonknight	troyford@example.net
9387	hollygordon	carrillomark@example.org
9388	andersonrussell	tgoodman@example.com
9389	alexander58	shannon06@example.com
9390	qsherman	warnercurtis@example.com
9391	jamesrhodes	mary11@example.net
9392	francisnicole	joelwagner@example.org
9393	christophertaylor	montoyaashley@example.com
9394	katherine75	vanessa44@example.com
9395	ericrich	alexander02@example.org
9396	sschmidt	vyates@example.com
9397	lovepaula	chenaudrey@example.org
9398	romerojames	hsmith@example.com
9399	smithemily	anna93@example.com
9400	chad37	megan23@example.com
9401	lisa48	qturner@example.org
9402	kimjoshua	jonathansmall@example.org
9403	romerogloria	christinejones@example.net
9404	jo79	diazkari@example.com
9405	jameswu	raymond75@example.org
9406	sharonadams	walterscott@example.net
9407	jonathan63	michaelkane@example.com
9408	pmartinez	alison45@example.com
9409	qkeller	benjamin10@example.org
9410	qshaffer	twilliams@example.org
9411	vphillips	derrick36@example.com
9412	anthony04	robinsonrhonda@example.net
9413	hbennett	jason32@example.org
9414	scottgonzalez	samuelsmith@example.org
9415	michaelcombs	robbinsbrenda@example.org
9416	briannacobb	antonio56@example.net
9417	haileyrose	morrisonnathan@example.net
9418	rodriguezroger	manthony@example.com
9419	noblechristine	gregorypatterson@example.net
9420	petersonmariah	lorifreeman@example.org
9421	williamssara	kwells@example.net
9422	richard08	owenshelly@example.com
9423	swood	cherylking@example.net
9424	cassandrabrown	sparkstammy@example.com
9425	hectorsutton	ljefferson@example.net
9426	amanda31	kennedyvanessa@example.org
9427	ivan85	dsmith@example.com
9428	joshuamassey	tylermccullough@example.org
9429	znguyen	efranklin@example.org
9430	howekristen	walshvictor@example.net
9431	angela89	joseali@example.net
9432	melissa77	khuber@example.com
9433	petersenfrank	tiffany01@example.org
9434	jmoran	jonesamanda@example.net
9435	martinezstephanie	tmedina@example.com
9436	hernandezdonald	powellchristopher@example.net
9437	victorlittle	katie03@example.org
9438	terri84	cbutler@example.net
9439	derrickevans	hayala@example.net
9440	heather90	chad25@example.net
9441	mendeztimothy	kevinyang@example.com
9442	sharon73	deniseboyd@example.net
9443	barrychurch	kimberlyburton@example.net
9444	karen27	alexanderhancock@example.com
9445	sarahhardy	andersonmichael@example.net
9446	craig87	brandysmith@example.com
9447	brittany44	mathewsjacob@example.org
9448	fosteralyssa	jmanning@example.net
9449	tracey09	dlopez@example.org
9450	browndanielle	dianesimmons@example.com
9451	veronica74	spencerburgess@example.net
9452	hannah98	gibsonmichael@example.com
9453	connorroberts	annanunez@example.net
9454	leonardebony	morgan88@example.com
9455	rharper	tyler27@example.org
9456	echavez	stephen59@example.com
9457	jonesmichelle	greencynthia@example.net
9458	hernandezjohn	farmerjames@example.net
9459	matthew67	joy38@example.org
9460	sabrinaobrien	davidharris@example.org
9461	josephhuff	brittanyvazquez@example.org
9462	valenciakenneth	yramirez@example.net
9463	tonya89	herrerasara@example.com
9464	ejames	karen15@example.com
9465	derrick43	manuelgarcia@example.com
9466	robertstevens	mooretaylor@example.net
9467	patricia75	moorecynthia@example.com
9468	kmartin	wattsjoseph@example.org
9469	susan84	allenchristopher@example.com
9470	marie58	lambertkaren@example.com
9471	ambersutton	makaylacook@example.org
9472	terriross	ibarry@example.org
9473	danielsjames	amandatran@example.org
9474	cgeorge	michellecooper@example.net
9475	zwood	isaiah28@example.com
9476	longgwendolyn	lwilson@example.com
9477	martha91	kthompson@example.com
9478	davidrojas	nancy58@example.com
9479	christopher33	ydouglas@example.org
9480	thomaslee	lmelton@example.com
9481	paula55	griffinangela@example.org
9482	daviswilliam	rhondagutierrez@example.com
9483	chasebennett	bryan71@example.net
9484	zbailey	hendersonlauren@example.com
9485	shawn65	jennycamacho@example.com
9486	kyle72	sheltongina@example.net
9487	pmitchell	randallkathryn@example.org
9488	kshepherd	rebeccamiles@example.com
9489	bethhaynes	whitebrenda@example.net
9490	sarahpadilla	walkerrobert@example.net
9491	ashleythomas	melissa42@example.org
9492	michaelli	matthew43@example.com
9493	cheryl86	danieljonathan@example.com
9494	gerald91	cynthiahancock@example.com
9495	caseycarter	yblackburn@example.com
9496	cheryllane	bjackson@example.net
9497	rcook	yjohnson@example.org
9498	davidburgess	timothy90@example.com
9499	benjamin79	jessica79@example.net
9500	denise58	marylove@example.net
9501	pcox	gabrielle20@example.org
9502	juliajohnson	brandon20@example.net
9503	garciachristopher	onielsen@example.net
9504	coxamy	lindacarrillo@example.com
9505	heidinelson	gonzalezlori@example.net
9506	longrandall	swilkerson@example.net
9507	johnsonkyle	usnyder@example.net
9508	haynesgregory	anthonyhorne@example.com
9509	kristina56	michaeldavis@example.org
9510	wcase	velazquezjudith@example.com
9511	lorettapeterson	amy14@example.org
9512	kendra61	samantha24@example.com
9513	michelewebb	harrisrachel@example.org
9514	knguyen	robinsonkaren@example.org
9515	olsonwilliam	ashleyware@example.org
9516	owolf	farmerdiane@example.net
9517	bsims	vgonzales@example.org
9518	darlenemartin	websterjessica@example.org
9519	novakdavid	kimberlybecker@example.org
9520	lopezdave	kmarks@example.org
9521	jessicamurphy	eddiewalker@example.net
9522	hayesricardo	richardamanda@example.org
9523	chad58	michaelgutierrez@example.com
9524	buchanankari	mcconnellbrenda@example.com
9525	lorigraham	tanya56@example.net
9526	jodistevens	leemichelle@example.org
9527	joseph65	sarah70@example.com
9528	jerrylee	christinagibson@example.org
9529	mooresamantha	meganfranklin@example.net
9530	elijahmaldonado	dtyler@example.org
9531	tiffanyguzman	christophercoffey@example.com
9532	lee06	mindy15@example.com
9533	shawkaren	watsonroberto@example.org
9534	katrinaharmon	rgonzalez@example.net
9535	stanleycannon	kkoch@example.org
9536	foxmitchell	tamara96@example.net
9537	amanda21	nicholasgonzalez@example.com
9538	michelle55	kristopher93@example.org
9539	huntermichael	hollowaykelly@example.com
9540	nathan50	garciaamy@example.org
9541	sean48	oluna@example.com
9542	amysimpson	murphydaniel@example.com
9543	byrddesiree	leeaaron@example.org
9544	mglass	tmiller@example.com
9545	teresasanchez	wilsonkristin@example.com
9546	murraykimberly	wrightgabriel@example.com
9547	fryjessica	andrea20@example.net
9548	cookefrederick	oscarsmith@example.org
9549	tinamartin	igreen@example.net
9550	mullinssusan	beverlyjefferson@example.org
9551	banderson	richardtaylor@example.org
9552	walter09	angela13@example.net
9553	cynthia88	robertcrawford@example.net
9554	juarezvanessa	simsrichard@example.org
9555	amy08	danielle20@example.net
9556	halekathleen	charles17@example.net
9557	ncox	mparker@example.org
9558	lisa46	dominguezjulie@example.com
9559	pevans	asimpson@example.com
9560	julia96	kathryn94@example.net
9561	christine95	lisa00@example.com
9562	fcampos	jonathan04@example.org
9563	pgillespie	david15@example.org
9564	jeffreylamb	jbrown@example.com
9565	rhendrix	brownpeter@example.org
9566	porterkimberly	brendadavid@example.org
9567	ricky99	qperez@example.net
9568	katelynreynolds	patrick93@example.net
9569	frazierfelicia	csmith@example.org
9570	psnyder	russellsims@example.org
9571	rhondaanderson	awright@example.net
9572	olsenmark	asingh@example.org
9573	jonwillis	adamsjean@example.org
9574	wardashley	melissawashington@example.net
9575	erika19	jgriffith@example.com
9576	staceysmith	rodriguezryan@example.com
9577	lnewman	kelly92@example.com
9578	sarataylor	joseph78@example.org
9579	jodimyers	kimberly38@example.org
9580	hhumphrey	laura63@example.com
9581	rodneyfuentes	justinbentley@example.org
9582	sherry98	zandrews@example.net
9583	jtaylor	erobinson@example.net
9584	dtorres	mary58@example.net
9585	jocelyngardner	ecruz@example.com
9586	rivaschristopher	chase71@example.net
9587	shannon22	davisjames@example.org
9588	jacquelineho	gonzaleztimothy@example.com
9589	wadekayla	amaldonado@example.net
9590	jacksonsandy	jessica78@example.com
9591	danielle18	karencooper@example.com
9592	lwilkinson	sheilaphillips@example.net
9593	grantcharles	pwilliams@example.net
9594	susanwoodward	andersonjoshua@example.net
9595	blakegregory	corey57@example.org
9596	perkinscynthia	gmartin@example.com
9597	dsmith	bethrice@example.org
9598	susansalazar	tiffany36@example.net
9599	hilljoseph	christophermccullough@example.net
9600	melvin27	fwang@example.net
9601	gdominguez	barnescarly@example.org
9602	cassandrabrady	david32@example.org
9603	melendezkelly	ntorres@example.com
9604	antoniomclaughlin	blake54@example.net
9605	moniquefrost	castrokaren@example.net
9606	wiseangela	moliver@example.net
9607	danielle85	flittle@example.com
9608	matthew35	adrian75@example.org
9609	ravila	alexanderlopez@example.net
9610	ysimpson	wbenson@example.com
9611	andrewandrews	jesse90@example.org
9612	greenebarbara	stevenhinton@example.net
9613	sandra51	hbrown@example.com
9614	carolinemcmillan	emurray@example.org
9615	murphyjohnny	renee36@example.org
9616	evansdeanna	trodriguez@example.com
9617	robertmitchell	matthewbell@example.net
9618	robin24	bethwilkins@example.com
9619	ronaldmoore	mallorytaylor@example.net
9620	qleon	cbonilla@example.com
9621	ellispaul	boydabigail@example.net
9622	adawson	timothymendez@example.org
9623	imckee	anna56@example.org
9624	benjamin53	brianachavez@example.net
9625	fieldsshawn	ptorres@example.com
9626	gentrydavid	efinley@example.com
9627	cindy93	mdavis@example.net
9628	trodriguez	matthewkane@example.com
9629	edwardperez	stevenlee@example.com
9630	samantha86	belinda33@example.com
9631	hevans	jonathanwatson@example.net
9632	plambert	michael44@example.com
9633	julie56	gilbertian@example.org
9634	timothygarcia	ujackson@example.net
9635	bmoran	zbennett@example.com
9636	williamcole	rebekahmay@example.com
9637	kristen66	xclayton@example.net
9638	tnelson	katherinegonzalez@example.net
9639	teresagrant	ohill@example.net
9640	thomasschmidt	john58@example.org
9641	thomascarlos	sherry82@example.com
9642	jeremymiller	lopezmichael@example.org
9643	kathyjones	justin72@example.net
9644	arnoldgrant	mariarussell@example.org
9645	kim95	rdickson@example.net
9646	andrew31	breanna46@example.org
9647	zbarrera	joshuabryan@example.org
9648	kevin42	deborah14@example.com
9649	dale24	nathanyork@example.net
9650	melinda13	fanderson@example.com
9651	dawsonjacob	brianshort@example.org
9652	jessica78	simmonsjonathan@example.net
9653	elizabeth16	katievasquez@example.net
9654	elizabethfloyd	cohensusan@example.com
9655	fowlersara	lindaguzman@example.net
9656	abbottjennifer	trevor57@example.net
9657	fowlermichael	josejones@example.com
9658	carlymartinez	daniel33@example.com
9659	fskinner	lisa94@example.org
9660	gabriel69	gphillips@example.com
9661	julie33	charleslee@example.com
9662	burtonteresa	upierce@example.org
9663	alawrence	coltongonzalez@example.net
9664	hurstchristina	roger31@example.org
9665	diana67	jamesalexander@example.com
9666	sarahlara	roy81@example.net
9667	rosetimothy	jennifer38@example.net
9668	navarrohannah	sweeneytonya@example.org
9669	yvette42	rebeccaclark@example.com
9670	leejames	santiagochristina@example.org
9671	jeffrey59	emily72@example.org
9672	nicholaspalmer	melanieross@example.com
9673	sara83	kathleen39@example.org
9674	kellybennett	jsmith@example.org
9675	wujessica	victoria02@example.net
9676	jonesalexander	kmacias@example.net
9677	millervictoria	jessica69@example.net
9678	dustin17	ecastillo@example.net
9679	uharris	courtney46@example.com
9680	mathisvalerie	christine26@example.com
9681	hfoster	zmiller@example.com
9682	ryanaustin	williamsnathan@example.org
9683	mooneyjessica	haleysteven@example.net
9684	jfletcher	chasediaz@example.com
9685	olseneileen	tiffany81@example.com
9686	ochristensen	lrogers@example.net
9687	sanchezalice	mconley@example.com
9688	jconrad	rcase@example.org
9689	douglaswelch	calhounshelly@example.net
9690	wardrachel	brian29@example.org
9691	charles48	beckanthony@example.org
9692	rebeccabeasley	tgarrison@example.org
9693	qbrock	shepherdnancy@example.org
9694	payneashley	malonesharon@example.net
9695	johnsonrichard	thomas55@example.net
9696	wlowery	fgibson@example.org
9697	clayton06	torresyvonne@example.org
9698	carrvalerie	james24@example.org
9699	robertsalexis	frederickjohnson@example.net
9700	wagnersteven	amylara@example.com
9701	larsenhaley	wilsonamanda@example.com
9702	jacquelinecarter	garciamercedes@example.net
9703	frederick84	xwilcox@example.net
9704	eharrington	aflores@example.net
9705	gina88	cskinner@example.net
9706	qcantrell	qnguyen@example.org
9707	taylor69	lewissamantha@example.com
9708	kleinrachel	bobby70@example.org
9709	josephjenny	tschultz@example.org
9710	smithdustin	woodcharles@example.com
9711	usanchez	hstone@example.net
9712	xmelendez	garrett83@example.com
9713	fmorales	duffybryan@example.com
9714	nelsonmonica	christensentonya@example.org
9715	castillorichard	cristian70@example.org
9716	gilbertdanielle	williamsashley@example.net
9717	sharonwalker	howardjenna@example.com
9718	mccallcraig	michaelenglish@example.net
9719	pmclean	kpalmer@example.com
9720	nelsonharry	teresagreen@example.com
9721	vickishaffer	areynolds@example.net
9722	alexiscasey	elliottwalter@example.net
9723	lauracox	bowerscassandra@example.net
9724	williambeard	bradfordcaroline@example.net
9725	goconnor	johnsonjeffrey@example.org
9726	snydersheri	christopher84@example.com
9727	morgansamantha	rcarter@example.org
9728	xdavis	lopezdon@example.com
9729	heatherjohns	trevorgillespie@example.net
9730	walkerkyle	ewyatt@example.com
9731	meyerkyle	kellyjohn@example.net
9732	mkim	samantha55@example.net
9733	davidsonjoseph	jeremymann@example.org
9734	yvonnejackson	heathwendy@example.org
9735	paynelynn	romeroruth@example.org
9736	bonnie51	bradleysanchez@example.net
9737	grayjason	apark@example.com
9738	anna75	cwilson@example.org
9739	allisonhull	sampsonalexis@example.com
9740	tracy55	mannsuzanne@example.org
9741	reedwalter	martinblake@example.net
9742	lunamarissa	dillonmaria@example.net
9743	alexanderowens	ycarpenter@example.org
9744	braypatrick	hartaustin@example.net
9745	jimmy05	jesusmurray@example.org
9746	sharon42	rebecca63@example.net
9747	nroberts	tracy46@example.net
9748	kalexander	wilsonpaul@example.com
9749	summerjones	meganschultz@example.com
9750	joshuaclements	ljohnson@example.com
9751	vjones	joel38@example.com
9752	qbecker	robert39@example.net
9753	ramirezteresa	jasmineking@example.net
9754	miguel94	john85@example.com
9755	tina63	wheelerjeremy@example.org
9756	angela22	esparzaphillip@example.org
9757	denise82	troy82@example.com
9758	jonathonwise	caitlin16@example.com
9759	johnrichard	castrojerry@example.com
9760	thorton	ramirezdavid@example.net
9761	xbennett	lallen@example.org
9762	danielbell	william21@example.com
9763	karen99	brogers@example.org
9764	thomasalan	whiteheadkathryn@example.org
9765	gregory77	michaelrichardson@example.com
9766	gonzalezmichele	jhart@example.com
9767	ecarter	raymonddouglas@example.org
9768	scott29	peter96@example.net
9769	lewistony	kweber@example.com
9770	oliviamoore	joseph71@example.com
9771	jocelyntaylor	knightmaurice@example.org
9772	matthewparker	aellis@example.com
9773	mary51	josephvargas@example.com
9774	aburke	torresteresa@example.com
9775	trevormartinez	nathanestes@example.org
9776	boothlinda	callen@example.org
9777	pbarnett	matthewmartin@example.org
9778	cmccormick	kevingentry@example.net
9779	jeremy68	thomas06@example.com
9780	johnsonryan	justinrogers@example.org
9781	zrandolph	abrown@example.org
9782	monroejames	morganvasquez@example.org
9783	bjones	kjimenez@example.net
9784	mindy21	jmacias@example.org
9785	bakererin	jacksonbrett@example.net
9786	mboyd	jonathanwilliams@example.org
9787	yduke	weberjennifer@example.com
9788	jay95	jameswatson@example.net
9789	samueljones	alisha76@example.net
9790	gina69	harrisamber@example.org
9791	robert52	leeharrison@example.com
9792	williamdouglas	david46@example.net
9793	anna56	scline@example.org
9794	karina68	raven41@example.net
9795	mitchell91	michaelvazquez@example.com
9796	fmyers	bedwards@example.com
9797	donnacombs	mcampbell@example.org
9798	huntnancy	burgesskenneth@example.net
9799	jallison	smithvanessa@example.net
9800	morenogregory	ericadaniels@example.com
9801	vsullivan	micheleayala@example.com
9802	qevans	garciakent@example.org
9803	susan08	cmacias@example.net
9804	reginaldbarber	angelajackson@example.org
9805	bakerjason	mirandakenneth@example.net
9806	clarkmatthew	smithdaniel@example.net
9807	allisondiaz	williamslawrence@example.com
9808	kellygrant	stephaniesawyer@example.net
9809	beardevan	watkinsdavid@example.net
9810	silvamichelle	shawn43@example.com
9811	jonathanstevenson	kimbrandy@example.com
9812	nwilliams	stephanie08@example.net
9813	heather00	ethomas@example.com
9814	jason10	hannajames@example.com
9815	browningmatthew	jonesdaniel@example.net
9816	qparker	anthony77@example.net
9817	yhughes	ricegary@example.net
9818	brewerrenee	broberts@example.net
9819	meredith89	brangel@example.com
9820	rossangela	kwilson@example.com
9821	lorikennedy	rcollins@example.com
9822	angel82	tina12@example.com
9823	richardperkins	ferrellcynthia@example.org
9824	patricia86	lkidd@example.org
9825	alexandria00	christopher38@example.com
9826	andrewjohnson	santiagojennifer@example.net
9827	shannon78	sharris@example.com
9828	alicia55	tarakerr@example.net
9829	danapowell	michael34@example.com
9830	wfisher	cynthiabrown@example.org
9831	natalie58	solomonkaren@example.org
9832	michael93	clee@example.org
9833	tinajones	jorgeandrews@example.org
9834	martinezoscar	alexandraperez@example.com
9835	morgansmith	catherineshaw@example.net
9836	harveycandace	hudsonamanda@example.org
9837	edwardmccullough	oscarharmon@example.com
9838	warnerjose	ssmith@example.com
9839	ahanson	dschneider@example.net
9840	theresaevans	jonathanberg@example.net
9841	isaiah37	pbaker@example.com
9842	briannaferguson	downsleslie@example.net
9843	conleyanthony	anthony17@example.net
9844	ronaldchung	wdunn@example.org
9845	jennablack	kimberlyrichards@example.org
9846	jortiz	alvinhall@example.org
9847	eherring	melanie24@example.com
9848	mitchellcox	walkersarah@example.com
9849	garciamelissa	kimberlywarner@example.com
9850	hcarrillo	orussell@example.net
9851	cervanteskim	udean@example.net
9852	youngsamantha	hinescolleen@example.org
9853	lisa13	moorelauren@example.net
9854	tboyle	franklinjesse@example.org
9855	julieclark	tristanjohnson@example.net
9856	holsen	patrickrichards@example.org
9857	christineosborne	hgibson@example.net
9858	johnsoneric	xwilson@example.net
9859	tnewton	keith74@example.org
9860	terri12	norrisjoseph@example.com
9861	taylortammy	xmiller@example.com
9862	aburton	qmontgomery@example.net
9863	andrea84	smithdiane@example.net
9864	traceyward	omorris@example.net
9865	paigejackson	uboyle@example.com
9866	kimberly47	michael65@example.com
9867	cherylcopeland	emmaortiz@example.org
9868	zdelgado	valentinewilliam@example.org
9869	rgomez	richardadams@example.com
9870	charleneluna	georgeowen@example.com
9871	loriwells	stephanieking@example.com
9872	daniel68	smithseth@example.com
9873	benitezheather	owhitney@example.net
9874	courtneygarza	joshua75@example.net
9875	duncanjesse	ygibson@example.org
9876	joshuajimenez	ftorres@example.org
9877	alexis08	xgay@example.net
9878	taylorwilson	anthony23@example.net
9879	hhicks	emilyharmon@example.com
9880	hrodriguez	wlittle@example.org
9881	michelle05	mbeck@example.org
9882	nrussell	dpatterson@example.com
9883	janice63	jaredpalmer@example.org
9884	francischelsea	lauramyers@example.org
9885	eharper	sburns@example.net
9886	jennifer47	kingjesus@example.com
9887	ramseyamber	jasonfrancis@example.org
9888	wanda92	mccartypaula@example.org
9889	fosterheather	tricia91@example.com
9890	bryantcynthia	sandra08@example.com
9891	robertschneider	paul12@example.net
9892	nicholas95	jason86@example.com
9893	amorgan	ykim@example.net
9894	orradam	kiddjustin@example.org
9895	alexandra65	michelekhan@example.net
9896	colonpatricia	wendycox@example.com
9897	austinwalsh	stephaniehunt@example.com
9898	krystalhamilton	richardrivera@example.net
9899	michellebaldwin	leedebra@example.net
9900	matthewklein	susan69@example.org
9901	cheryllewis	fletchertammy@example.org
9902	coxkatelyn	ross21@example.org
9903	walkerchristopher	ledwards@example.org
9904	jacquelinemccoy	montoyatyler@example.com
9905	lyonslori	cfranklin@example.net
9906	michellepaul	kwatson@example.net
9907	billy01	lisaphillips@example.com
9908	vaughnmonique	cescobar@example.net
9909	walkerkatelyn	lrivera@example.org
9910	matthewgriffin	whitejill@example.com
9911	joneskathy	harrisstephanie@example.net
9912	charles51	jaredturner@example.org
9913	xbarrett	tiffany02@example.net
9914	kristenowen	brandyhill@example.net
9915	brandonrandolph	melissa72@example.net
9916	gregory19	bjones@example.net
9917	candice66	maurice17@example.org
9918	rcombs	millermolly@example.net
9919	mullinsmichael	tmcpherson@example.com
9920	benjamin28	nruiz@example.org
9921	gabriellevazquez	nathanevans@example.com
9922	mackenzie54	david23@example.com
9923	nealmichael	deborahjones@example.org
9924	douglascastillo	weaverjames@example.net
9925	justin15	matthew34@example.org
9926	jdiaz	fpatton@example.net
9927	blairlaura	davidchung@example.net
9928	jonathan16	caseybaker@example.net
9929	eriley	charlesjohnson@example.org
9930	lawrence07	emilydavis@example.net
9931	longjerome	johnsonmark@example.org
9932	kimhill	vancejoshua@example.org
9933	gbrown	michaellopez@example.org
9934	wpatterson	tbaker@example.net
9935	aquinn	floreskevin@example.net
9936	michaelproctor	bhayes@example.com
9937	freemancarrie	lauriewallace@example.net
9938	acoleman	christianjill@example.net
9939	evanskim	alicia87@example.com
9940	michelle46	nicholsonvanessa@example.org
9941	oconnordiana	ebooth@example.org
9942	bensonbonnie	andrewdavis@example.org
9943	whoward	zmyers@example.net
9944	stacycurry	cynthia31@example.com
9945	charlesgonzales	jennifer76@example.com
9946	craig31	tdawson@example.com
9947	pughjohn	frank01@example.org
9948	christopher48	kaitlyn42@example.net
9949	mgibson	markkaiser@example.org
9950	imccormick	brendasmith@example.org
9951	vanessa38	courtneybarnett@example.net
9952	jordanpatricia	lvance@example.net
9953	sarah93	aaronmartinez@example.com
9954	jarvisrobert	derekphillips@example.org
9955	tayloramy	joseph16@example.com
9956	woodskristen	laurieduffy@example.org
9957	uhale	amandaross@example.net
9958	cruzcarl	jacksonrobert@example.net
9959	michaelmurray	baileyeric@example.net
9960	troy95	shelley23@example.org
9961	gsanchez	littlewilliam@example.org
9962	woodsloretta	olambert@example.net
9963	srichardson	ronald06@example.org
9964	nicholsbrittany	joshua36@example.net
9965	yoderjoshua	arianarobbins@example.org
9966	danielhiggins	fwilliams@example.net
9967	rhonda99	lisa08@example.net
9968	jocelynpotter	jasmine93@example.net
9969	vicki06	cohenmelissa@example.org
9970	christian67	jenniferestrada@example.com
9971	rdavidson	alexandraorr@example.net
9972	diazlawrence	rrobinson@example.net
9973	kennedykurt	simmonshenry@example.org
9974	robert79	qgill@example.com
9975	carroyo	wendy67@example.net
9976	hannah10	orichardson@example.org
9977	fordmorgan	nshields@example.org
9978	julie65	mckenziemelissa@example.org
9979	briana81	johnsonchristopher@example.net
9980	patriciafigueroa	mitchell00@example.net
9981	lgonzalez	rossrichard@example.com
9982	jamesbradley	katherinemonroe@example.org
9983	iedwards	juliebridges@example.net
9984	jamesacosta	eric34@example.org
9985	brittany17	greenkelly@example.org
9986	donna46	alice82@example.com
9987	courtneyjohnson	darlene35@example.com
9988	david50	katrina51@example.com
9989	theresa76	edwardramos@example.net
9990	hillshannon	hudsonjames@example.com
9991	ethanfletcher	michaelmoody@example.com
9992	rebecca12	markevans@example.net
9993	teresa34	harrisnicole@example.net
9994	dunncharles	watsonmatthew@example.org
9995	jonathanhaynes	xrichards@example.net
9996	eric26	bakerjohn@example.net
9997	psmith	wrightjustin@example.com
9998	jeffrey40	jacquelinelambert@example.com
9999	lewisgregory	grantneal@example.org
10000	kimberlystephens	austinmolina@example.net
