video_id	genre_id
1	203
1	26
1	209
1	291
1	323
1	242
1	225
2	163
2	114
2	113
2	80
2	225
2	5
3	203
3	114
3	198
3	293
3	33
3	242
3	225
3	89
4	203
4	26
4	276
4	102
4	291
4	242
4	225
5	163
5	323
5	242
6	203
6	114
6	198
6	107
6	230
6	86
6	144
6	242
6	5
7	267
7	326
7	276
7	252
7	242
7	225
8	203
8	114
8	198
8	31
8	230
8	209
8	242
8	225
9	264
9	114
9	178
9	198
9	228
9	230
9	323
9	242
9	225
10	203
10	114
10	331
10	146
10	332
10	242
10	225
11	270
11	163
11	276
11	291
11	323
11	242
11	225
11	32
12	163
12	331
12	242
13	270
13	198
13	107
13	230
13	86
13	144
13	242
13	5
14	132
14	245
14	163
14	198
14	225
15	264
15	114
15	342
15	259
15	106
15	87
15	230
15	258
15	242
15	225
15	281
15	324
16	127
16	264
16	342
16	259
16	157
16	198
16	106
16	230
16	258
16	242
16	225
16	281
16	255
16	324
17	203
17	114
17	192
17	106
17	80
17	242
17	225
18	264
18	282
18	116
18	198
18	237
18	213
18	242
18	225
19	81
19	91
19	230
19	148
19	291
19	242
19	225
20	97
20	163
20	113
20	156
20	276
20	209
20	258
20	242
21	26
21	276
21	209
21	102
21	291
21	242
21	225
22	261
22	26
22	230
22	291
22	323
22	242
22	225
23	163
23	114
23	26
23	230
23	291
23	323
23	242
23	225
24	203
24	109
24	230
24	291
24	323
24	242
24	225
25	203
25	106
25	276
25	209
25	291
25	242
25	225
26	26
26	230
26	144
26	21
26	291
26	242
26	225
27	182
27	203
27	293
27	146
27	252
27	242
27	225
28	267
28	178
28	156
28	26
28	230
28	242
28	225
29	277
29	237
29	228
29	291
29	323
29	242
29	225
29	311
30	267
30	259
30	198
30	230
30	242
30	171
31	149
31	114
31	266
31	291
31	242
31	225
31	5
32	267
32	203
32	26
32	106
32	230
32	242
32	225
33	203
33	81
33	107
33	209
33	291
33	242
33	225
34	107
34	230
34	291
34	242
34	225
35	26
35	230
35	144
35	291
35	242
35	225
35	5
36	92
36	167
36	26
36	96
36	242
36	225
36	5
37	114
37	178
37	26
37	230
37	242
37	225
37	255
38	203
38	113
38	156
38	106
38	230
38	242
38	225
39	163
39	264
39	198
39	228
39	230
39	225
40	163
40	264
40	114
40	113
40	198
40	242
40	171
41	163
41	114
41	198
41	87
41	230
41	225
41	328
42	163
42	151
42	114
42	300
42	209
42	242
42	225
42	32
43	264
43	114
43	302
43	213
43	242
44	163
44	264
44	291
44	225
45	163
45	264
45	282
45	114
45	198
45	230
45	225
46	7
46	115
46	195
46	156
46	112
46	242
47	163
47	264
47	114
47	198
47	302
47	225
48	245
48	163
48	72
48	198
48	98
48	12
48	242
48	225
49	114
49	115
49	258
49	102
49	242
49	225
50	114
50	115
50	291
50	242
50	225
50	255
50	5
51	114
51	178
51	106
51	242
51	225
51	255
51	5
52	203
52	114
52	115
52	258
52	144
52	242
52	225
53	203
53	81
53	114
53	115
53	209
53	242
53	225
54	203
54	114
54	178
54	106
54	230
54	242
54	225
55	149
55	270
55	114
55	115
55	302
55	242
55	225
56	245
56	114
56	326
56	106
56	230
56	242
56	225
57	267
57	114
57	258
57	144
57	337
57	291
57	242
57	225
58	114
58	327
58	136
58	205
58	230
58	291
58	242
58	225
59	203
59	114
59	258
59	337
59	291
59	242
59	225
59	289
60	114
60	115
60	198
60	214
60	225
60	171
61	95
61	114
61	106
61	225
62	114
62	198
62	106
62	258
62	144
62	214
62	242
62	225
63	114
63	115
63	198
63	230
63	258
63	144
63	225
64	114
64	198
64	2
64	146
64	258
64	144
64	242
64	225
65	151
65	114
65	198
65	288
65	258
65	144
65	242
65	225
66	246
66	339
66	114
66	198
66	146
66	258
66	242
66	225
67	95
67	114
67	198
67	106
67	2
67	258
67	242
67	225
68	198
68	2
68	146
68	214
68	301
69	203
69	114
69	198
69	106
69	230
69	258
69	242
69	225
70	114
70	178
70	115
70	106
70	291
70	207
70	225
71	114
71	198
71	31
71	302
71	230
71	258
71	242
71	225
72	334
72	81
72	114
72	208
72	198
72	230
72	242
72	225
73	114
73	115
73	258
73	291
73	207
73	225
74	109
74	114
74	198
74	106
74	230
74	258
74	242
74	225
75	245
75	114
75	314
75	198
75	155
75	230
75	242
75	225
76	114
76	198
76	26
76	237
76	230
76	258
76	242
76	225
77	114
77	113
77	198
77	19
77	242
78	114
78	26
78	148
78	216
78	291
78	323
78	242
78	5
79	132
79	26
79	148
79	216
79	291
79	242
80	114
80	230
80	252
80	291
80	242
81	132
81	108
81	26
81	146
81	148
81	140
81	291
81	323
81	242
82	114
82	178
82	327
82	156
82	250
82	323
82	242
83	167
83	114
83	230
83	148
83	252
83	291
83	242
84	132
84	26
84	148
84	291
84	242
85	95
85	114
85	178
85	291
85	323
85	242
86	267
86	114
86	178
86	113
86	323
86	225
87	167
87	203
87	209
87	148
87	291
87	323
87	242
88	114
88	115
88	230
88	291
88	225
89	203
89	114
89	178
89	107
89	276
89	291
89	214
89	225
90	203
90	276
90	142
90	214
90	291
91	270
91	114
91	115
91	323
91	291
92	203
92	230
92	22
92	144
92	291
93	114
93	115
93	230
93	258
93	291
93	225
94	81
94	114
94	26
94	155
94	258
94	225
95	114
95	331
95	198
95	302
95	130
95	242
95	225
96	267
96	114
96	115
96	156
96	291
96	214
96	225
97	81
97	291
97	214
97	225
98	245
98	114
98	156
98	230
98	291
98	225
99	203
99	81
99	114
99	22
99	291
99	225
100	276
100	102
100	291
100	225
100	162
101	270
101	114
101	115
101	276
101	213
101	291
101	225
102	23
102	203
102	114
102	198
102	258
102	214
102	242
102	225
103	245
103	203
103	198
103	230
103	258
103	225
103	171
104	81
104	114
104	198
104	14
104	230
104	258
104	242
104	225
105	114
105	214
105	144
105	291
106	132
106	30
106	198
106	136
106	214
106	207
106	242
106	225
107	114
107	115
107	258
107	291
107	225
108	264
108	114
108	198
108	228
108	214
108	242
108	225
109	198
109	2
109	19
109	207
109	242
110	88
110	203
110	114
110	115
110	258
110	291
110	225
111	163
111	114
111	350
111	230
111	291
111	167
112	230
112	209
112	258
112	291
112	225
113	245
113	149
113	151
113	331
113	230
113	214
113	242
113	225
113	131
114	264
114	114
114	230
114	144
114	242
114	225
115	203
115	114
115	115
115	198
115	209
115	258
115	214
115	242
115	225
116	81
116	114
116	178
116	327
116	230
116	291
116	225
117	203
117	114
117	198
117	209
117	258
117	242
117	225
118	114
118	198
118	237
118	250
118	214
118	242
118	225
119	203
119	114
119	198
119	258
119	22
119	214
119	242
119	225
120	114
120	230
120	22
120	252
120	214
120	242
120	225
121	114
121	250
121	291
121	323
121	242
122	313
122	81
122	114
122	198
122	258
122	214
122	242
122	225
123	114
123	22
123	213
123	291
123	214
123	301
123	225
124	245
124	203
124	114
124	198
124	136
124	22
124	214
124	242
124	225
125	81
125	114
125	198
125	155
125	106
125	230
125	242
125	225
126	245
126	156
126	230
126	291
126	214
126	225
127	203
127	81
127	114
127	106
127	22
127	214
127	291
128	326
128	331
128	230
128	146
128	214
128	207
128	242
128	225
129	339
129	114
129	198
129	22
129	150
129	214
129	207
129	242
129	225
130	109
130	114
130	198
130	230
130	258
130	337
130	214
130	242
130	225
131	163
131	339
131	81
131	276
131	225
132	166
132	168
132	203
132	114
132	230
132	291
132	225
133	92
133	114
133	7
133	115
133	156
133	198
133	214
133	242
133	225
134	276
134	258
134	291
134	214
134	225
135	114
135	157
135	198
135	230
135	258
135	242
135	225
136	270
136	114
136	115
136	230
136	291
136	225
137	81
137	114
137	224
137	198
137	209
137	258
137	214
137	242
137	225
138	81
138	291
138	214
138	225
139	114
139	155
139	230
139	291
139	323
140	270
140	258
140	291
140	207
140	225
140	162
141	26
141	22
141	291
141	214
141	225
141	162
142	81
142	114
142	198
142	146
142	22
142	214
142	242
142	225
143	163
143	264
143	156
143	291
143	225
144	88
144	96
144	291
144	225
145	276
145	209
145	258
145	291
145	225
146	195
146	103
146	323
146	291
147	72
147	116
147	14
148	270
148	114
148	115
148	230
148	258
148	291
148	225
149	270
149	114
149	115
149	230
149	258
149	291
149	225
150	203
150	26
150	22
150	291
150	214
150	225
151	114
151	326
151	198
151	214
151	207
151	242
151	225
152	245
152	88
152	114
152	228
152	291
152	225
153	270
153	114
153	115
153	258
153	291
153	225
153	162
154	127
154	203
154	26
154	291
154	225
155	203
155	114
155	326
155	230
155	214
155	242
155	225
156	81
156	114
156	327
156	198
156	230
156	242
156	225
157	203
157	81
157	276
157	22
157	291
157	225
158	203
158	114
158	115
158	198
158	230
158	258
158	242
158	225
159	203
159	26
159	106
159	22
159	291
159	225
160	203
160	81
160	114
160	198
160	80
160	214
160	207
160	242
160	225
161	88
161	114
161	291
161	214
161	225
162	245
162	163
162	264
162	237
162	291
162	225
163	203
163	114
163	198
163	230
163	258
163	22
163	242
163	225
164	270
164	114
164	115
164	258
164	291
164	207
164	225
165	81
165	327
165	198
165	214
165	207
165	242
165	225
166	261
166	308
166	296
166	7
166	156
166	291
166	323
167	114
167	106
167	291
167	225
168	88
168	114
168	198
168	207
168	242
168	225
169	114
169	198
169	230
169	150
169	214
169	242
169	225
170	203
170	264
170	114
170	116
170	214
170	242
170	225
171	203
171	114
171	198
171	106
171	230
171	258
171	242
171	225
172	26
172	291
172	225
173	203
173	81
173	114
173	198
173	230
173	214
173	242
173	225
174	163
174	339
174	264
174	291
174	225
175	97
175	203
175	114
175	144
175	242
175	225
176	203
176	26
176	106
176	22
176	214
176	323
176	291
177	81
177	109
177	114
177	198
177	214
177	242
177	225
178	88
178	203
178	114
178	115
178	198
178	258
178	242
178	225
179	114
179	26
179	291
179	225
180	26
180	146
180	291
180	214
180	225
181	88
181	114
181	198
181	214
181	207
181	242
181	225
182	81
182	195
182	230
182	291
182	225
183	114
183	230
183	291
183	225
184	270
184	81
184	114
184	115
184	258
184	291
184	225
185	146
185	291
185	214
185	225
186	97
186	203
186	198
186	214
186	207
186	242
186	225
187	73
187	95
187	224
187	291
187	225
188	267
188	81
188	276
188	291
188	225
189	26
189	291
189	214
189	323
189	225
190	245
190	114
190	230
190	214
190	242
190	225
191	203
191	114
191	198
191	106
191	22
191	214
191	207
191	242
191	225
192	270
192	114
192	26
192	291
192	214
192	225
193	245
193	114
193	198
193	2
193	214
193	242
193	225
194	114
194	26
194	144
194	291
194	348
195	114
195	258
195	291
195	242
195	225
196	114
196	26
196	146
196	291
196	225
197	114
197	230
197	291
197	225
198	195
198	26
198	291
198	214
198	225
199	267
199	114
199	115
199	2
199	291
199	242
199	225
200	264
200	114
200	116
200	198
200	242
200	225
201	114
201	26
201	146
201	291
201	225
201	162
202	114
202	178
202	115
202	106
202	291
202	225
203	163
203	264
203	276
203	291
203	214
203	225
204	335
204	151
204	327
204	257
204	224
204	291
204	225
205	88
205	81
205	109
205	291
205	225
206	114
206	198
206	230
206	258
206	225
206	171
207	114
207	326
207	198
207	230
207	288
207	258
207	242
207	225
208	270
208	203
208	114
208	115
208	258
208	291
208	225
209	81
209	26
209	146
209	291
209	225
210	114
210	115
210	258
210	291
210	225
211	114
211	326
211	198
211	230
211	258
211	242
211	225
212	203
212	81
212	144
212	22
212	291
212	225
213	151
213	203
213	331
213	26
213	332
213	242
214	81
214	114
214	26
214	291
214	225
215	127
215	267
215	106
215	291
215	347
216	267
216	114
216	106
216	258
216	291
216	242
216	225
217	23
217	224
217	230
217	146
217	291
217	323
217	225
218	267
218	114
218	230
218	291
218	225
219	114
219	206
219	178
219	106
219	250
220	163
220	264
220	114
220	291
220	225
221	267
221	261
221	7
221	6
221	291
222	149
222	264
222	115
222	198
222	146
222	214
222	242
222	225
223	114
223	319
223	224
223	198
223	250
224	351
224	146
224	144
224	291
224	285
225	267
225	326
225	285
226	203
226	330
226	115
226	156
226	198
226	106
226	214
226	242
226	225
227	339
227	264
227	291
228	109
228	114
228	198
228	230
228	258
228	242
228	225
229	267
229	114
229	106
229	291
230	132
230	245
230	114
230	198
230	146
230	148
231	114
231	258
231	291
232	88
232	291
232	214
232	225
233	151
233	203
233	330
233	115
233	198
233	258
233	214
233	242
233	225
234	267
234	323
234	291
234	285
235	276
235	142
235	214
235	323
235	291
236	203
236	81
236	198
236	146
236	214
237	198
237	175
237	146
237	214
237	291
237	285
237	348
238	168
238	146
238	150
238	214
238	291
238	285
239	198
239	136
239	253
239	146
239	214
239	291
239	348
240	97
240	198
240	214
240	285
240	344
241	81
241	109
241	198
241	214
241	352
242	267
242	327
242	198
242	214
242	348
243	81
243	198
243	21
243	214
243	285
244	195
244	323
244	144
245	198
245	136
245	146
245	150
245	214
245	291
245	348
246	132
246	81
246	198
246	346
246	146
246	214
247	132
247	326
247	198
247	146
247	214
247	348
248	264
248	326
248	198
248	346
248	237
248	214
249	267
249	198
249	185
249	323
249	291
250	110
250	203
250	261
250	6
250	214
251	267
251	198
251	346
251	214
251	144
251	348
252	327
252	198
252	214
252	144
253	198
253	96
253	293
253	214
253	359
254	198
254	214
254	291
255	261
255	195
255	198
255	214
256	310
256	198
256	214
257	198
257	293
257	146
257	214
258	88
258	91
258	198
258	214
258	291
258	285
259	198
259	31
259	214
260	351
260	151
260	198
260	214
261	198
261	146
261	214
261	144
262	327
262	198
262	214
262	347
263	198
263	214
263	144
264	267
264	276
264	209
264	291
265	198
265	293
265	146
265	214
266	198
266	214
266	349
267	190
267	101
267	291
267	348
267	167
268	198
268	150
268	214
269	198
269	214
269	144
270	81
270	198
270	214
271	198
271	214
271	323
272	88
272	214
272	285
273	267
273	198
273	146
273	323
273	291
273	348
274	198
274	146
274	214
275	92
275	198
275	214
276	195
276	198
276	214
276	144
277	132
277	198
277	146
277	214
278	198
278	146
278	214
279	104
279	198
279	214
280	198
280	136
280	214
281	291
281	348
282	264
282	198
282	237
282	214
282	285
283	2
283	291
283	167
284	151
284	91
284	198
284	285
284	344
285	121
285	198
285	214
286	253
286	80
286	291
287	88
287	198
287	150
288	313
288	198
288	293
288	146
288	214
289	102
289	214
289	323
289	144
290	23
290	306
290	198
290	214
291	92
291	198
291	214
292	106
292	291
293	177
293	146
293	320
293	214
294	351
294	92
294	214
294	144
294	285
295	276
295	291
296	314
296	136
296	22
296	150
296	214
297	88
297	106
297	146
297	214
297	144
298	92
298	97
298	263
298	291
299	214
299	291
300	121
300	109
300	150
300	214
301	209
301	146
301	214
302	198
302	209
302	102
302	214
303	127
303	198
303	102
303	214
304	214
304	323
304	291
305	214
305	291
306	258
306	320
306	214
306	144
306	291
307	106
307	214
307	144
308	92
308	261
308	198
308	214
308	367
309	246
309	339
309	106
309	320
309	214
310	339
310	276
310	214
310	144
311	305
311	198
311	102
311	214
312	95
312	81
312	214
313	121
313	214
313	144
313	347
314	198
314	209
314	22
314	214
315	146
315	22
315	214
315	144
315	167
316	88
316	144
316	291
316	285
317	97
317	261
317	106
317	209
317	214
318	102
318	214
318	144
318	291
319	339
319	282
319	214
320	136
320	209
320	6
320	214
321	182
321	106
321	147
321	320
321	214
322	246
322	151
322	198
322	106
322	214
323	106
323	214
323	144
323	291
324	198
324	106
324	150
324	214
325	114
325	320
325	214
326	267
326	114
326	136
326	291
327	198
327	106
327	146
327	214
327	144
328	95
328	314
328	209
328	146
328	214
329	127
329	182
329	92
329	198
329	214
330	306
330	195
330	106
330	146
330	214
331	127
331	320
331	214
332	132
332	195
332	198
332	276
332	214
333	198
333	106
333	209
333	150
333	214
334	92
334	261
334	6
334	144
335	253
335	214
336	168
336	146
336	102
336	214
336	144
337	88
337	261
337	253
337	6
337	144
338	195
338	209
338	320
338	214
339	214
339	349
339	362
340	132
340	127
340	146
340	214
340	144
341	132
341	88
341	144
341	291
341	349
342	88
342	22
342	320
342	214
342	144
344	132
344	331
344	106
344	291
345	132
345	203
345	306
345	209
346	7
346	106
346	6
347	198
347	106
347	214
347	144
348	203
348	195
349	132
349	198
349	106
349	146
349	214
350	132
350	195
350	214
351	121
351	106
351	147
351	214
351	144
352	136
352	146
352	214
352	144
353	106
353	146
353	102
353	214
354	246
354	92
354	264
354	167
355	97
355	209
355	146
355	214
355	144
356	114
356	209
356	146
356	102
356	144
357	114
357	146
357	102
357	214
357	144
358	132
358	331
358	106
358	291
359	326
359	146
359	102
359	214
359	144
360	270
360	114
360	104
361	293
361	146
361	102
361	214
361	144
362	106
362	147
362	144
362	291
363	136
363	293
363	146
363	320
363	214
364	132
364	146
364	214
364	144
365	339
365	146
365	214
365	144
366	132
366	146
366	214
366	144
367	127
367	136
367	291
367	362
368	132
368	96
368	214
369	18
369	298
369	102
369	214
370	198
370	214
370	144
370	349
370	363
371	351
371	88
371	320
371	285
372	306
372	198
372	146
372	320
372	349
373	298
373	198
373	136
373	147
374	132
374	198
374	106
374	320
374	144
375	267
375	106
375	144
376	114
376	136
376	106
376	291
377	198
377	106
377	147
377	320
378	331
378	136
378	147
379	267
379	198
379	106
380	182
380	298
380	195
380	198
380	276
381	190
381	198
381	106
381	147
381	285
382	267
382	109
382	198
382	136
382	106
383	267
383	198
383	144
384	182
384	298
384	106
384	320
384	285
385	100
385	198
385	136
385	320
385	349
386	350
386	198
386	136
386	106
387	267
387	114
387	136
387	291
388	267
388	198
388	106
388	144
388	349
389	198
389	136
389	106
390	310
390	136
390	86
390	144
391	298
391	198
391	136
391	147
391	144
392	182
392	267
392	298
392	198
392	106
393	92
393	198
393	144
394	182
394	267
394	147
394	215
395	270
395	114
395	113
395	291
395	323
395	242
395	225
396	203
396	106
396	230
396	252
396	291
396	242
396	225
397	132
397	148
397	216
397	323
397	242
397	225
398	267
398	203
398	276
398	102
398	252
398	242
398	225
399	203
399	121
399	114
399	178
399	198
399	228
399	230
399	242
399	324
400	203
400	121
400	178
400	230
400	291
400	242
400	225
401	203
401	81
401	22
401	150
401	323
401	269
401	242
401	225
402	267
402	203
402	81
402	276
402	291
402	242
402	225
403	121
403	264
403	198
403	237
403	230
403	225
403	32
404	203
404	113
404	106
404	291
404	225
405	270
405	121
405	198
405	26
405	228
405	146
405	242
405	225
405	317
405	324
406	267
406	203
406	276
406	291
406	323
406	242
406	225
407	203
407	81
407	114
407	209
407	291
407	242
407	225
408	245
408	114
408	230
408	291
408	242
408	225
409	203
409	121
409	264
409	259
409	198
409	230
409	242
409	324
410	203
410	121
410	198
410	31
410	302
410	230
410	242
410	225
411	132
411	148
411	216
411	323
411	242
411	225
412	31
412	302
412	230
412	291
412	323
412	242
412	225
413	113
413	156
413	230
413	291
413	242
413	225
413	255
414	114
414	113
414	230
414	291
414	323
414	242
414	225
415	203
415	121
415	261
415	224
415	198
415	33
415	242
415	225
415	32
415	324
416	198
416	106
416	230
416	276
416	209
416	225
416	255
417	121
417	114
417	178
417	198
417	250
417	242
417	225
417	238
417	317
418	182
418	267
418	276
418	150
418	291
418	225
419	198
419	106
419	230
419	276
419	209
419	242
419	225
419	255
420	198
420	106
420	230
420	276
420	209
420	242
420	225
420	255
421	92
421	261
421	7
421	230
421	252
421	242
421	225
422	203
422	121
422	22
422	291
422	323
422	242
422	225
423	342
423	111
423	136
423	230
423	291
423	323
423	242
423	225
424	182
424	203
424	81
424	276
424	291
424	242
424	225
425	270
425	267
425	230
425	291
425	225
426	114
426	326
426	252
426	291
426	323
426	242
426	225
427	203
427	114
427	259
427	230
427	291
427	323
427	242
427	225
428	267
428	203
428	26
428	276
428	252
428	242
428	225
429	163
429	164
429	203
429	291
429	323
429	242
430	203
430	106
430	230
430	144
430	291
430	242
430	225
431	203
431	114
431	230
431	146
431	323
431	242
431	225
431	171
432	203
432	114
432	230
432	291
432	323
432	242
432	225
433	121
433	109
433	204
433	7
433	230
433	242
433	225
434	156
434	26
434	230
434	291
434	242
434	225
434	255
435	261
435	308
435	330
435	205
435	323
435	242
435	225
436	121
436	26
436	230
436	21
436	291
436	323
436	242
436	225
437	203
437	293
437	146
437	144
437	291
437	242
437	225
438	114
438	206
438	198
438	185
438	19
438	242
439	111
439	136
439	230
439	291
439	323
439	225
439	283
439	241
439	247
440	276
440	80
440	150
440	291
440	225
441	109
441	327
441	230
441	291
441	323
441	242
441	225
441	289
442	203
442	144
442	252
442	291
442	323
442	242
442	225
443	26
443	230
443	288
443	269
443	225
444	121
444	113
444	106
444	230
444	144
444	242
444	225
445	203
445	121
445	113
445	106
445	230
445	242
445	225
446	127
446	203
446	103
446	291
446	242
446	225
447	117
447	203
447	91
447	198
447	230
447	33
447	242
447	225
448	97
448	121
448	230
448	150
448	242
448	225
448	271
449	276
449	209
449	150
449	242
449	225
449	171
450	270
450	267
450	114
450	230
450	291
450	242
450	225
451	97
451	164
451	203
451	291
451	242
451	225
452	267
452	185
452	230
452	291
452	242
452	225
453	267
453	230
453	276
453	102
453	291
453	242
453	225
454	267
454	203
454	81
454	6
454	291
454	242
454	225
455	203
455	121
455	114
455	230
455	276
455	225
455	317
456	81
456	26
456	230
456	291
456	242
456	225
456	5
457	149
457	80
457	146
457	291
457	225
457	5
458	203
458	121
458	230
458	276
458	242
458	225
458	171
459	121
459	326
459	230
459	209
459	252
459	242
459	225
460	203
460	121
460	114
460	113
460	242
460	225
461	121
461	198
461	230
461	242
461	225
461	255
461	34
461	5
462	203
462	114
462	230
462	291
462	323
462	242
462	225
463	121
463	114
463	198
463	106
463	230
463	276
463	242
463	225
464	203
464	230
464	276
464	209
464	144
464	242
464	225
465	121
465	264
465	113
465	156
465	198
465	230
465	242
465	225
466	267
466	203
466	209
466	291
466	242
466	225
466	78
467	245
467	127
467	267
467	237
467	291
467	242
467	225
468	203
468	99
468	119
468	272
468	144
468	323
468	225
469	121
469	264
469	114
469	178
469	198
469	228
469	242
469	225
469	32
469	324
470	203
470	272
470	230
470	276
470	144
470	242
470	225
471	106
471	230
471	144
471	291
471	242
471	225
472	26
472	276
472	11
472	252
472	291
472	242
472	225
473	267
473	114
473	326
473	276
473	252
473	242
473	225
474	121
474	230
474	144
474	252
474	269
474	242
474	225
475	203
475	106
475	209
475	144
475	291
475	242
475	225
476	203
476	121
476	114
476	178
476	198
476	230
476	242
476	324
477	114
477	195
477	276
477	288
477	250
477	242
477	324
478	203
478	114
478	327
478	291
478	323
478	242
478	225
479	121
479	198
479	14
479	107
479	230
479	242
479	225
479	78
480	270
480	114
480	178
480	291
480	323
480	242
480	225
481	121
481	224
481	198
481	119
481	272
481	276
481	242
481	225
482	270
482	114
482	195
482	80
482	242
482	225
482	317
483	276
483	142
483	102
483	252
483	291
483	242
483	225
484	203
484	121
484	116
484	230
484	144
484	242
484	225
485	198
485	250
485	242
485	225
486	267
486	203
486	114
486	276
486	150
486	242
486	225
487	203
487	198
487	26
487	209
487	242
487	225
487	89
487	5
488	270
488	114
488	230
488	291
488	323
488	242
488	225
489	203
489	121
489	233
489	144
489	12
489	242
489	225
490	163
490	264
490	80
490	291
490	323
490	242
491	264
491	178
491	198
491	230
491	323
491	242
491	171
492	114
492	230
492	258
492	337
492	291
492	323
492	242
492	225
493	203
493	230
493	144
493	252
493	291
493	242
493	225
494	203
494	206
494	178
494	7
494	6
494	291
494	242
494	225
495	114
495	276
495	142
495	150
495	242
495	225
495	324
496	163
496	114
496	80
496	291
496	323
496	242
496	225
496	32
497	149
497	264
497	237
497	230
497	225
498	121
498	198
498	230
498	276
498	242
498	225
498	83
498	324
499	121
499	224
499	144
499	320
499	242
499	5
500	203
500	121
500	106
500	230
500	144
500	242
500	225
501	127
501	106
501	146
501	144
501	33
501	291
501	242
501	225
502	267
502	259
502	230
502	291
502	323
502	242
502	225
503	163
503	114
503	178
503	276
503	291
503	242
504	270
504	203
504	230
504	291
504	323
504	242
504	225
505	114
505	178
505	230
505	291
505	323
505	242
506	267
506	72
506	116
506	230
506	242
506	225
506	311
507	203
507	121
507	198
507	22
507	150
507	33
507	242
507	225
508	132
508	108
508	140
508	323
508	242
508	225
509	203
509	113
509	156
509	106
509	230
509	291
509	242
509	225
510	114
510	178
510	326
510	136
510	272
510	242
510	225
511	270
511	23
511	203
511	114
511	258
512	182
512	267
512	114
512	136
512	250
512	323
512	242
512	225
513	203
513	261
513	26
513	106
513	291
513	242
513	225
514	203
514	113
514	156
514	106
514	230
514	291
514	242
514	225
515	203
515	26
515	80
515	86
515	225
515	5
516	203
516	26
516	293
516	252
516	291
516	242
516	225
517	203
517	30
517	6
517	252
517	291
517	242
517	225
518	81
518	113
518	26
518	237
518	230
518	291
518	242
518	225
519	114
519	206
519	198
519	185
519	19
519	242
520	270
520	203
520	106
520	230
520	276
520	225
521	121
521	264
521	282
521	198
521	230
521	293
521	242
521	225
522	203
522	114
522	26
522	106
522	230
522	291
522	242
522	225
523	267
523	203
523	178
523	195
523	276
523	291
523	242
523	225
524	92
524	121
524	261
524	326
524	198
524	242
524	225
524	211
524	324
525	203
525	114
525	26
525	106
525	230
525	291
525	242
525	225
526	195
526	276
526	291
526	323
526	242
526	171
527	203
527	121
527	198
527	26
527	276
527	33
527	242
527	225
528	114
528	106
528	230
528	144
528	225
529	270
529	342
529	104
529	195
529	225
530	203
530	107
530	276
530	209
530	22
530	291
530	242
530	225
531	270
531	198
531	293
531	226
531	146
531	144
531	242
531	225
532	167
532	203
532	114
532	230
532	291
532	323
532	242
532	225
533	203
533	276
533	102
533	291
533	242
533	225
534	270
534	163
534	264
534	198
534	230
534	242
534	225
535	203
535	144
535	252
535	291
535	242
535	225
536	270
536	121
536	250
536	269
536	225
537	203
537	26
537	106
537	230
537	291
537	242
537	225
538	203
538	26
538	106
538	291
538	242
538	225
539	121
539	178
539	259
539	198
539	146
539	337
539	242
540	203
540	81
540	106
540	230
540	252
540	291
540	242
540	225
541	208
541	198
541	119
541	230
541	225
541	171
542	81
542	109
542	198
542	106
542	230
542	242
542	225
542	324
543	198
543	230
543	293
543	146
543	242
543	225
544	203
544	26
544	11
544	144
544	242
544	225
545	267
545	203
545	26
545	107
545	230
545	291
545	242
545	225
546	121
546	113
546	156
546	106
546	230
546	291
546	242
546	225
547	203
547	121
547	178
547	198
547	230
547	242
547	225
547	217
548	81
548	26
548	230
548	10
548	291
548	242
548	225
549	163
549	264
549	114
549	276
549	291
549	242
549	225
550	167
550	121
550	113
550	291
550	323
550	242
550	225
551	121
551	114
551	113
551	230
551	250
551	242
551	225
551	317
552	203
552	121
552	195
552	209
552	291
552	269
552	242
552	225
553	121
553	114
553	175
553	230
553	252
553	242
553	225
554	203
554	121
554	114
554	198
554	230
554	276
554	242
555	203
555	114
555	113
555	106
555	230
555	291
555	242
555	225
556	114
556	195
556	259
556	291
556	323
556	242
556	225
557	267
557	114
557	230
557	291
557	323
557	242
557	225
558	270
558	203
558	114
558	252
558	291
558	323
558	242
558	225
559	203
559	106
559	230
559	33
559	291
559	242
559	225
560	203
560	81
560	114
560	209
560	291
560	242
560	225
560	78
561	224
561	250
561	345
561	242
562	118
562	121
562	264
562	198
562	230
562	142
562	214
562	242
562	225
563	267
563	203
563	26
563	276
563	252
563	291
563	242
563	225
564	245
564	81
564	113
564	26
564	230
564	291
564	214
564	242
564	225
565	121
565	114
565	113
565	144
565	252
565	225
566	270
566	205
566	230
566	276
566	225
567	267
567	107
567	230
567	252
567	291
567	214
567	242
567	225
568	121
568	113
568	198
568	106
568	230
568	276
568	214
568	242
568	225
569	270
569	114
569	219
569	157
569	136
569	230
569	258
569	345
569	242
569	353
570	203
570	113
570	156
570	106
570	230
570	291
570	242
570	225
571	149
571	121
571	208
571	323
571	225
572	121
572	114
572	113
572	156
572	198
572	230
572	242
572	225
572	317
573	97
573	114
573	31
573	230
573	258
573	242
573	225
574	121
574	114
574	113
574	198
574	230
574	276
574	242
575	270
575	178
575	230
575	142
575	86
575	323
575	242
575	225
576	203
576	252
576	33
576	12
576	291
576	242
576	225
577	267
577	114
577	230
577	252
577	291
577	323
577	242
577	225
578	203
578	121
578	198
578	237
578	230
578	276
578	242
578	225
579	203
579	22
579	323
579	242
579	225
580	203
580	121
580	198
580	106
580	230
580	242
580	225
581	167
581	121
581	178
581	101
581	198
581	86
581	225
581	283
581	241
582	121
582	264
582	230
582	291
582	323
582	242
582	225
583	203
583	109
583	114
583	230
583	291
583	323
583	242
583	225
584	203
584	144
584	22
584	291
584	242
584	225
585	203
585	331
585	144
585	332
585	242
585	225
585	171
586	121
586	261
586	7
586	230
586	6
586	242
586	225
587	151
587	178
587	230
587	291
587	323
587	242
588	203
588	26
588	293
588	146
588	252
588	291
588	242
588	225
589	121
589	264
589	198
589	237
589	230
589	144
589	242
589	225
590	198
590	230
590	276
590	142
590	242
590	225
590	83
590	324
591	114
591	178
591	113
591	26
591	230
591	291
591	242
591	225
592	267
592	81
592	114
592	26
592	230
592	291
592	242
592	225
593	203
593	209
593	144
593	252
593	291
593	242
593	225
593	78
594	267
594	203
594	114
594	107
594	230
594	291
594	214
594	242
594	225
595	81
595	26
595	230
595	226
595	146
595	291
595	214
595	242
595	225
596	270
596	114
596	156
596	106
596	242
596	255
597	121
597	198
597	230
597	276
597	86
597	250
597	242
597	225
598	270
598	121
598	198
598	230
598	323
598	242
598	225
598	171
599	80
599	86
599	320
599	323
599	242
599	225
599	211
600	203
600	209
600	144
600	291
600	214
600	242
600	225
600	78
601	203
601	26
601	276
601	11
601	252
601	291
601	242
601	225
602	121
602	198
602	237
602	230
602	226
602	242
602	225
603	203
603	26
603	12
603	291
603	214
603	242
603	225
604	182
604	92
604	267
604	26
604	230
604	291
604	214
604	242
604	225
605	203
605	121
605	114
605	276
605	291
605	242
605	225
606	203
606	81
606	106
606	230
606	252
606	291
606	214
606	242
606	225
607	276
607	142
607	258
607	291
607	323
607	242
607	225
608	156
608	230
608	291
608	323
608	242
608	225
608	255
609	121
609	106
609	276
609	209
609	323
609	242
609	225
610	326
610	26
610	230
610	291
610	242
610	225
611	163
611	264
611	282
611	291
611	323
611	242
611	225
612	132
612	106
612	230
612	276
612	252
612	291
612	242
612	225
613	203
613	106
613	230
613	150
613	252
613	291
613	242
613	225
614	291
614	323
614	345
615	203
615	121
615	113
615	156
615	106
615	214
615	242
615	225
616	203
616	230
616	33
616	291
616	323
616	242
616	225
617	223
617	291
617	323
618	203
618	114
618	276
618	22
618	323
618	242
618	225
619	113
619	156
619	106
619	11
619	323
619	242
619	225
620	251
620	112
620	26
620	237
620	230
620	214
620	242
620	225
621	121
621	114
621	265
621	291
621	323
621	242
621	225
622	203
622	121
622	106
622	230
622	252
622	242
622	225
623	203
623	109
623	106
623	258
623	337
623	291
623	242
623	225
624	203
624	209
624	252
624	291
624	323
624	242
624	225
624	78
625	182
625	167
625	267
625	203
625	230
625	291
625	214
625	242
625	225
626	276
626	102
626	213
626	291
626	323
626	242
626	225
627	267
627	114
627	230
627	291
627	323
627	242
627	225
628	178
628	259
628	198
628	209
628	22
628	150
628	242
628	225
629	121
629	109
629	114
629	230
629	252
629	214
629	242
629	225
630	121
630	114
630	113
630	106
630	230
630	291
630	214
630	242
630	225
631	203
631	195
631	26
631	106
631	230
631	291
631	242
631	225
632	203
632	6
632	252
632	291
632	242
632	225
633	264
633	178
633	198
633	237
633	230
633	10
633	214
633	242
633	225
634	203
634	121
634	114
634	106
634	291
634	242
634	225
635	106
635	276
635	209
635	291
635	323
635	242
635	225
636	270
636	121
636	178
636	259
636	198
636	230
636	242
636	225
637	203
637	121
637	26
637	230
637	242
637	225
637	78
638	267
638	230
638	276
638	102
638	291
638	242
638	225
639	203
639	327
639	185
639	291
639	323
639	242
639	225
640	121
640	198
640	230
640	323
640	242
640	225
640	171
641	267
641	203
641	209
641	291
641	214
641	242
641	225
641	78
642	264
642	106
642	230
642	291
642	242
642	225
643	121
643	114
643	106
643	209
643	291
643	242
643	225
644	203
644	109
644	114
644	26
644	230
644	242
644	225
645	114
645	266
645	259
645	291
645	323
645	242
645	225
646	114
646	230
646	102
646	291
646	323
646	242
646	225
647	264
647	113
647	156
647	198
647	213
647	242
647	225
647	324
648	113
648	156
648	198
648	242
648	225
648	324
649	192
649	106
649	119
649	230
649	276
649	323
649	242
649	225
650	151
650	114
650	230
650	291
650	323
650	242
650	225
651	203
651	106
651	230
651	22
651	252
651	291
651	242
651	225
652	270
652	121
652	259
652	198
652	272
652	242
652	217
652	294
653	270
653	223
653	146
653	291
653	323
654	267
654	276
654	102
654	291
654	323
654	242
654	225
655	203
655	121
655	276
655	209
655	22
655	242
655	225
656	267
656	121
656	114
656	146
656	250
656	225
657	203
657	121
657	192
657	26
657	323
657	269
657	242
657	225
658	203
658	26
658	230
658	144
658	291
658	242
658	225
659	203
659	230
659	209
659	22
659	33
659	291
659	242
659	225
660	203
660	114
660	113
660	230
660	144
660	242
660	225
661	203
661	121
661	114
661	230
661	144
661	242
661	225
662	149
662	267
662	195
662	293
662	146
662	291
662	214
662	242
662	225
663	267
663	203
663	276
663	102
663	22
663	291
663	214
663	323
663	242
663	225
664	203
664	192
664	26
664	230
664	323
664	242
664	225
664	171
665	167
665	203
665	114
665	106
665	230
665	291
665	242
665	225
666	81
666	7
666	205
666	291
666	323
666	242
666	225
667	203
667	106
667	22
667	291
667	323
667	242
667	225
668	121
668	178
668	198
668	31
668	230
668	276
668	242
668	225
669	203
669	230
669	276
669	144
669	252
669	291
669	225
670	264
670	237
670	230
670	291
670	225
671	182
671	167
671	267
671	106
671	291
671	214
671	225
672	121
672	109
672	114
672	230
672	144
672	242
672	225
673	26
673	230
673	293
673	146
673	337
673	291
673	214
673	225
674	109
674	259
674	230
674	291
674	323
674	242
674	225
675	114
675	104
675	230
675	291
675	323
675	242
675	225
676	203
676	81
676	178
676	209
676	22
676	291
676	214
676	225
677	267
677	114
677	156
677	230
677	214
677	225
677	255
678	277
678	264
678	116
678	291
678	323
678	242
678	225
679	203
679	293
679	25
679	22
679	252
679	242
679	225
680	203
680	224
680	230
680	144
680	252
680	214
680	242
680	225
681	108
681	96
681	140
681	323
681	242
681	225
682	203
682	195
682	106
682	230
682	33
682	291
682	214
682	225
683	114
683	300
683	26
683	230
683	291
683	225
684	267
684	203
684	114
684	276
684	252
684	291
684	214
684	225
685	167
685	203
685	121
685	329
685	198
685	242
685	225
686	192
686	119
686	230
686	276
686	144
686	242
686	225
687	270
687	264
687	198
687	230
687	323
687	242
687	171
688	114
688	230
688	258
688	291
688	323
688	242
688	225
689	203
689	121
689	230
689	276
689	144
689	242
689	225
690	203
690	81
690	209
690	22
690	291
690	225
690	78
691	203
691	26
691	276
691	144
691	252
691	291
691	225
692	203
692	198
692	22
692	33
692	242
692	225
693	203
693	121
693	326
693	144
693	242
693	225
693	78
694	267
694	114
694	230
694	291
694	323
694	242
694	225
695	203
695	121
695	230
695	150
695	252
695	242
695	225
696	203
696	276
696	209
696	33
696	291
696	214
696	225
696	78
697	149
697	114
697	148
697	291
697	323
697	242
697	225
698	203
698	276
698	144
698	252
698	291
698	225
699	121
699	114
699	113
699	230
699	250
699	242
699	225
699	317
700	121
700	195
700	198
700	323
700	242
700	225
700	171
701	203
701	121
701	264
701	198
701	237
701	230
701	214
701	242
701	225
702	203
702	121
702	272
702	230
702	33
702	214
702	242
702	225
703	195
703	112
703	230
703	146
703	291
703	214
703	225
704	270
704	114
704	178
704	291
704	323
704	242
704	225
704	32
705	203
705	106
705	230
705	323
705	225
705	171
706	203
706	114
706	113
706	106
706	230
706	291
706	225
707	267
707	114
707	230
707	291
707	323
707	242
707	225
708	203
708	81
708	195
708	209
708	22
708	291
708	225
709	203
709	114
709	14
709	230
709	150
709	225
710	121
710	106
710	119
710	276
710	209
710	225
711	267
711	203
711	195
711	22
711	291
711	214
711	225
712	203
712	276
712	142
712	22
712	291
712	225
713	267
713	81
713	26
713	230
713	291
713	225
714	114
714	157
714	119
714	230
714	144
714	323
714	242
714	225
715	151
715	114
715	230
715	291
715	323
715	242
715	225
716	81
716	121
716	106
716	230
716	276
716	291
716	225
717	203
717	26
717	230
717	252
717	291
717	225
717	78
718	267
718	203
718	107
718	209
718	22
718	291
718	214
718	225
719	132
719	140
719	323
719	242
719	225
719	5
720	182
720	203
720	26
720	276
720	144
720	291
720	225
721	132
721	203
721	26
721	144
721	291
721	225
721	78
722	121
722	114
722	113
722	230
722	242
722	225
722	317
723	163
723	114
723	178
723	291
723	323
723	225
724	203
724	114
724	31
724	302
724	230
724	225
725	203
725	81
725	178
725	230
725	252
725	214
725	242
725	225
726	163
726	264
726	291
726	323
726	242
727	203
727	121
727	106
727	230
727	276
727	214
727	242
727	225
728	203
728	121
728	198
728	107
728	22
728	33
728	242
728	225
728	324
729	132
729	108
729	148
729	291
729	323
729	242
729	225
730	203
730	81
730	209
730	22
730	291
730	225
730	78
731	267
731	203
731	104
731	26
731	323
731	242
731	225
732	127
732	331
732	22
732	332
732	225
732	171
733	127
733	121
733	114
733	198
733	146
733	214
733	242
733	225
734	203
734	81
734	113
734	106
734	230
734	291
734	225
735	203
735	121
735	114
735	237
735	252
735	242
735	225
736	270
736	114
736	178
736	291
736	323
736	242
737	270
737	195
737	230
737	150
737	291
737	225
738	291
738	323
738	242
738	225
739	203
739	106
739	230
739	144
739	291
739	225
740	264
740	237
740	230
740	276
740	144
740	242
740	225
741	203
741	276
741	209
741	22
741	33
741	291
741	214
741	225
742	264
742	237
742	230
742	291
742	323
742	242
742	225
743	132
743	121
743	91
743	198
743	140
743	242
743	225
743	324
744	157
744	106
744	119
744	230
744	144
744	242
745	119
745	230
745	323
745	242
745	225
745	171
746	132
746	149
746	288
746	323
746	242
746	225
747	81
747	230
747	209
747	22
747	291
747	225
748	114
748	178
748	230
748	291
748	323
748	242
749	203
749	276
749	142
749	21
749	291
749	225
749	78
750	132
750	146
750	148
750	323
750	242
750	225
751	264
751	114
751	237
751	250
751	323
751	242
752	198
752	185
752	19
752	242
753	270
753	121
753	178
753	223
753	224
753	198
753	146
753	225
753	345
753	347
754	26
754	230
754	291
754	323
754	225
755	114
755	178
755	265
755	198
755	230
755	225
756	114
756	113
756	230
756	291
756	323
756	242
756	225
757	270
757	114
757	178
757	291
757	323
757	242
758	267
758	209
758	80
758	22
758	225
758	317
759	203
759	121
759	230
759	144
759	242
759	225
759	78
760	203
760	195
760	230
760	10
760	291
760	225
761	121
761	114
761	113
761	198
761	230
761	250
761	242
761	225
761	317
762	267
762	114
762	178
762	291
762	225
763	203
763	81
763	314
763	195
763	198
763	22
763	242
763	225
764	203
764	121
764	109
764	230
764	252
764	214
764	242
764	225
765	203
765	113
765	156
765	106
765	230
765	291
765	214
765	225
766	270
766	104
766	195
766	276
766	291
766	323
766	242
766	225
767	114
767	106
767	31
767	302
767	230
767	291
767	214
767	225
768	230
768	144
768	337
768	291
768	323
768	242
769	203
769	121
769	106
769	230
769	22
769	242
769	225
770	132
770	203
770	106
770	33
770	291
770	225
770	78
771	121
771	265
771	198
771	272
771	33
771	242
771	5
772	106
772	230
772	291
772	323
772	242
772	225
773	264
773	178
773	230
773	291
773	323
773	242
773	225
773	32
774	121
774	114
774	265
774	291
774	323
774	242
774	225
775	97
775	203
775	11
775	252
775	12
775	214
775	242
775	225
776	203
776	230
776	144
776	22
776	291
776	323
776	225
776	289
777	109
777	259
777	230
777	291
777	323
777	242
778	106
778	230
778	144
778	291
778	323
778	242
779	203
779	276
779	142
779	291
779	214
779	225
780	203
780	209
780	293
780	25
780	291
780	214
780	225
781	203
781	195
781	276
781	209
781	33
781	291
781	214
781	225
782	121
782	109
782	114
782	230
782	269
782	242
783	203
783	26
783	119
783	209
783	33
783	323
783	242
783	225
784	270
784	114
784	178
784	291
784	323
784	242
785	203
785	81
785	156
785	198
785	31
785	230
785	242
785	225
786	114
786	111
786	259
786	146
786	258
786	144
786	102
786	291
786	323
786	242
787	203
787	121
787	198
787	276
787	209
787	22
787	242
787	225
788	267
788	72
788	116
788	14
788	228
788	242
788	225
789	92
789	203
789	114
789	252
789	10
789	214
789	242
789	225
789	89
790	203
790	121
790	26
790	230
790	144
790	242
790	225
791	114
791	230
791	252
791	291
791	323
791	242
792	107
792	276
792	337
792	242
792	225
792	317
793	267
793	326
793	230
793	276
793	214
793	242
793	225
794	203
794	121
794	156
794	198
794	106
794	230
794	242
794	225
795	72
795	116
795	291
795	323
795	242
796	163
796	224
796	291
796	323
796	242
796	225
796	32
797	267
797	114
797	230
797	291
797	323
797	242
797	225
798	114
798	326
798	228
798	230
798	242
798	225
799	245
799	149
799	339
799	237
799	230
799	242
799	225
800	203
800	121
800	26
800	230
800	33
800	214
800	242
800	225
801	203
801	276
801	209
801	242
801	225
801	317
802	203
802	264
802	178
802	198
802	230
802	80
802	242
802	225
802	32
803	121
803	230
803	144
803	150
803	252
803	242
804	104
804	276
804	209
804	142
804	21
804	323
804	242
805	195
805	259
805	291
805	323
805	242
805	225
806	267
806	203
806	107
806	209
806	22
806	291
806	225
807	203
807	121
807	26
807	276
807	22
807	291
807	214
807	225
808	203
808	121
808	198
808	230
808	22
808	33
808	242
808	225
808	317
809	203
809	30
809	198
809	140
809	33
809	242
809	225
810	121
810	265
810	259
810	198
810	147
810	242
811	270
811	81
811	114
811	230
811	291
811	214
811	225
812	163
812	178
812	198
812	230
812	276
812	80
812	242
813	169
813	334
813	198
813	228
813	94
813	242
814	203
814	121
814	156
814	198
814	106
814	230
814	214
814	242
814	225
815	203
815	104
815	26
815	291
815	323
815	242
815	225
816	203
816	81
816	178
816	276
816	209
816	242
816	225
816	317
817	203
817	81
817	114
817	230
817	291
817	225
818	132
818	198
818	96
818	242
818	225
819	203
819	81
819	114
819	276
819	252
819	214
819	242
819	225
820	198
820	230
820	21
820	33
820	242
820	225
821	270
821	121
821	302
821	146
821	337
821	242
822	127
822	112
822	146
822	291
822	214
822	225
823	203
823	276
823	209
823	242
823	225
823	317
824	163
824	300
824	230
824	291
824	323
824	242
824	225
825	203
825	198
825	106
825	230
825	276
825	209
825	242
825	225
826	203
826	224
826	198
826	26
826	148
826	144
826	242
827	163
827	109
827	104
827	150
827	291
827	242
828	267
828	178
828	26
828	146
828	291
828	214
828	225
829	203
829	81
829	114
829	230
829	144
829	214
829	242
829	225
830	132
830	169
830	26
830	96
830	291
830	242
831	114
831	178
831	291
831	323
831	242
832	182
832	267
832	156
832	262
832	230
832	214
832	242
832	225
833	203
833	109
833	230
833	276
833	291
833	225
834	264
834	114
834	291
834	323
834	242
835	267
835	178
835	146
835	291
835	214
835	225
836	203
836	121
836	265
836	259
836	198
836	276
836	242
837	270
837	23
837	203
837	209
837	242
837	322
837	312
837	240
838	132
838	209
838	148
838	33
838	291
838	225
839	267
839	178
839	230
839	146
839	214
839	242
839	225
839	328
840	264
840	282
840	114
840	230
840	291
840	242
841	331
841	107
841	332
841	291
841	225
842	114
842	230
842	146
842	291
842	323
842	242
843	203
843	81
843	261
843	308
843	7
843	156
843	323
844	203
844	195
844	209
844	22
844	33
844	214
844	225
845	145
845	149
845	140
845	323
845	242
846	127
846	121
846	114
846	198
846	230
846	10
846	242
846	225
847	203
847	121
847	114
847	113
847	291
847	225
848	163
848	164
848	114
848	314
848	291
848	242
849	203
849	106
849	144
849	252
849	323
849	242
850	267
850	114
850	230
850	291
850	323
850	242
851	245
851	114
851	178
851	230
851	214
851	242
851	225
852	121
852	264
852	198
852	237
852	242
853	203
853	81
853	198
853	209
853	22
853	242
853	225
854	203
854	31
854	276
854	209
854	291
854	225
855	114
855	198
855	237
855	230
855	242
856	113
856	156
856	106
856	337
856	291
856	214
856	225
857	267
857	156
857	293
857	146
857	291
857	225
858	121
858	114
858	230
858	146
858	291
858	225
859	169
859	127
859	121
859	198
859	107
859	320
859	242
860	267
860	114
860	230
860	291
860	214
860	225
861	121
861	306
861	326
861	232
861	198
861	230
861	242
861	225
862	203
862	121
862	114
862	265
862	276
862	291
862	225
863	264
863	259
863	198
863	237
863	230
863	242
864	267
864	31
864	302
864	146
864	291
864	214
864	225
864	105
865	203
865	81
865	223
865	242
865	317
866	264
866	114
866	178
866	198
866	237
866	253
866	214
866	242
866	225
867	127
867	267
867	121
867	291
867	225
868	203
868	195
868	31
868	302
868	252
868	214
868	242
868	225
869	100
869	203
869	121
869	101
869	198
869	230
869	214
869	242
869	225
870	203
870	121
870	114
870	198
870	31
870	230
870	242
870	225
871	203
871	81
871	291
871	225
872	203
872	121
872	114
872	106
872	230
872	291
872	225
873	203
873	121
873	223
873	198
873	106
873	22
873	214
873	242
873	225
874	270
874	104
874	198
874	119
874	230
874	242
875	81
875	224
875	198
875	230
875	32
876	203
876	81
876	121
876	144
876	214
876	242
876	225
877	267
877	276
877	102
877	252
877	291
877	214
877	225
878	88
878	121
878	7
878	195
878	156
878	198
878	242
879	121
879	114
879	265
879	209
879	291
879	225
880	114
880	148
880	291
880	323
880	242
881	26
881	230
881	148
881	291
881	323
881	242
882	121
882	264
882	116
882	198
882	237
882	230
882	242
882	225
883	164
883	109
883	264
883	282
883	198
883	230
883	242
884	132
884	121
884	198
884	26
884	302
884	214
884	242
884	225
885	121
885	114
885	190
885	291
885	242
886	132
886	121
886	91
886	198
886	148
886	242
887	267
887	203
887	326
887	252
887	291
887	225
888	167
888	121
888	114
888	291
888	225
889	203
889	26
889	276
889	209
889	291
889	214
889	225
890	203
890	81
890	109
890	230
890	291
890	225
890	289
891	203
891	121
891	114
891	106
891	230
891	225
892	169
892	334
892	151
892	228
892	291
892	242
893	203
893	264
893	178
893	198
893	230
893	242
894	121
894	326
894	198
894	146
894	86
894	242
895	132
895	245
895	230
895	96
895	291
895	214
895	225
896	267
896	26
896	106
896	230
896	225
897	81
897	114
897	228
897	230
897	242
897	225
898	203
898	121
898	114
898	26
898	291
898	225
899	203
899	121
899	109
899	198
899	106
899	230
899	242
899	225
900	203
900	81
900	121
900	198
900	230
900	276
900	242
900	225
901	235
901	203
901	81
901	230
901	252
901	242
901	225
902	167
902	116
902	130
902	230
902	213
902	214
902	242
902	225
903	270
903	121
903	198
903	107
903	214
903	242
903	225
904	267
904	293
904	146
904	320
904	216
904	291
904	214
904	225
905	121
905	198
905	302
905	276
905	146
905	337
905	214
905	242
905	225
906	26
906	276
906	291
906	214
906	225
907	114
907	232
907	230
907	291
907	323
907	242
908	167
908	267
908	114
908	133
908	307
908	230
908	291
908	225
909	270
909	203
909	156
909	198
909	106
909	209
909	214
909	242
909	225
910	198
910	2
910	19
910	242
911	91
911	298
911	230
911	140
911	291
911	242
912	270
912	121
912	109
912	198
912	230
912	242
913	167
913	267
913	230
913	214
913	242
913	225
914	261
914	291
914	323
914	242
915	270
915	114
915	157
915	230
915	258
915	225
916	203
916	121
916	326
916	198
916	22
916	33
916	214
916	242
916	225
917	270
917	81
917	114
917	106
917	242
918	104
918	316
918	230
918	291
918	323
918	242
919	308
919	7
919	262
919	323
919	291
920	326
920	230
920	288
920	142
920	214
920	242
920	225
921	121
921	114
921	265
921	198
921	323
921	225
921	171
922	267
922	114
922	22
922	150
922	252
922	242
923	203
923	276
923	209
923	22
923	291
923	214
923	225
924	267
924	114
924	326
924	26
924	230
924	291
924	225
925	267
925	81
925	114
925	22
925	291
925	225
926	245
926	163
926	339
926	264
926	114
926	178
926	327
926	116
926	106
926	237
926	228
926	230
926	276
926	258
926	323
926	242
927	316
927	230
927	144
927	291
927	242
928	203
928	115
928	198
928	230
928	258
928	297
928	242
929	121
929	114
929	198
929	106
929	230
929	214
929	242
929	225
930	121
930	265
930	326
930	198
930	106
930	230
930	242
930	225
931	203
931	81
931	114
931	276
931	252
931	214
931	242
931	225
932	270
932	313
932	151
932	81
932	114
932	115
932	156
932	230
932	323
932	242
933	121
933	114
933	265
933	107
933	291
933	225
934	132
934	114
934	146
934	291
934	242
935	169
935	334
935	228
935	194
935	242
936	203
936	121
936	114
936	178
936	198
936	106
936	214
936	242
936	225
937	267
937	114
937	10
937	291
937	214
937	242
938	203
938	121
938	198
938	144
938	323
938	242
938	171
939	114
939	230
939	252
939	291
939	242
940	121
940	265
940	230
940	291
940	242
941	121
941	230
941	291
941	225
942	264
942	282
942	237
942	230
942	10
942	291
942	225
943	121
943	219
943	302
943	230
943	276
943	291
943	323
943	242
944	114
944	106
944	10
944	291
944	214
944	242
945	114
945	146
945	291
945	242
946	114
946	230
946	144
946	291
946	323
946	242
947	169
947	334
947	104
947	228
947	94
947	242
948	169
948	334
948	104
948	228
948	94
948	242
949	149
949	182
949	264
949	291
949	323
949	242
950	121
950	114
950	195
950	198
950	230
950	150
950	242
950	225
951	203
951	121
951	326
951	198
951	230
951	102
951	214
951	242
951	225
952	203
952	121
952	114
952	198
952	136
952	33
952	242
952	225
953	230
953	291
953	323
953	242
954	121
954	232
954	219
954	198
954	302
954	213
954	242
954	225
955	270
955	230
955	291
955	242
956	291
956	323
957	203
957	209
957	293
957	146
957	144
957	214
957	242
957	225
958	267
958	265
958	198
958	230
958	150
958	250
958	242
959	167
959	198
959	106
959	230
959	225
959	283
960	267
960	114
960	10
960	291
960	214
960	242
961	307
961	259
961	230
961	291
961	242
962	121
962	94
962	230
962	22
962	242
963	149
963	80
963	86
963	338
963	291
963	323
963	242
964	111
964	30
964	326
964	104
964	148
964	150
964	214
964	323
964	242
965	169
965	104
965	228
965	242
966	107
966	276
966	209
966	10
966	291
966	214
966	242
967	326
967	104
967	272
967	323
967	242
968	335
968	330
968	291
968	242
969	203
969	121
969	109
969	230
969	144
969	242
970	132
970	245
970	30
970	11
970	148
970	21
970	291
970	323
970	242
971	134
971	326
971	230
971	21
971	213
971	291
971	242
972	203
972	306
972	198
972	230
972	144
972	33
972	242
972	225
973	267
973	106
973	10
973	291
973	214
973	242
974	121
974	198
974	323
974	242
974	171
975	296
975	330
975	242
976	118
976	310
976	121
976	104
976	228
976	252
976	242
977	167
977	121
977	195
977	230
977	33
977	225
977	283
978	23
978	114
978	326
978	230
978	252
978	242
978	225
979	267
979	276
979	10
979	291
979	214
979	225
980	270
980	112
980	230
980	291
980	242
981	327
981	80
981	242
982	132
982	114
982	10
982	291
982	214
982	242
983	267
983	209
983	10
983	291
983	214
983	242
984	203
984	198
984	26
984	96
984	242
985	121
985	264
985	114
985	198
985	228
985	242
985	225
986	132
986	149
986	146
986	86
986	291
986	242
987	100
987	203
987	121
987	230
987	252
987	242
987	225
987	60
988	198
988	107
988	209
988	146
988	147
988	33
988	242
989	270
989	92
989	167
989	203
989	121
989	109
989	114
989	230
989	291
989	242
990	92
990	97
990	114
990	342
990	136
990	291
990	323
990	242
991	203
991	26
991	209
991	291
991	323
991	225
992	267
992	114
992	10
992	291
992	214
992	242
992	225
993	2
993	230
993	144
993	291
993	323
993	242
994	208
994	14
994	230
994	146
994	144
994	242
995	203
995	121
995	288
995	291
995	323
995	242
996	92
996	168
996	121
996	264
996	282
996	114
996	291
996	323
996	242
997	167
997	264
997	114
997	326
997	291
997	323
997	242
998	81
998	121
998	104
998	223
998	119
998	144
998	242
999	121
999	195
999	259
999	198
999	230
999	242
999	317
1000	132
1000	237
1000	228
1000	148
1000	291
1000	323
1000	242
1001	267
1001	106
1001	10
1001	291
1001	214
1001	242
1002	121
1002	198
1002	288
1002	142
1002	291
1002	323
1002	242
1003	121
1003	195
1003	198
1003	205
1003	242
1004	339
1004	310
1004	121
1004	198
1004	237
1004	228
1004	242
1005	88
1005	114
1005	276
1005	291
1005	242
1006	163
1006	121
1006	264
1006	265
1006	198
1006	242
1006	249
1007	267
1007	195
1007	224
1007	106
1007	21
1007	291
1007	323
1007	242
1008	121
1008	259
1008	198
1008	230
1008	213
1008	323
1008	242
1008	171
1009	267
1009	81
1009	121
1009	106
1009	230
1009	291
1009	242
1010	121
1010	264
1010	114
1010	265
1010	259
1010	198
1010	242
1011	121
1011	331
1011	224
1011	332
1011	242
1011	225
1012	267
1012	209
1012	10
1012	291
1012	214
1012	242
1013	163
1013	203
1013	264
1013	198
1013	293
1013	25
1013	242
1014	121
1014	198
1014	148
1014	21
1014	242
1015	264
1015	282
1015	198
1015	237
1015	230
1015	10
1015	242
1015	225
1016	163
1016	121
1016	265
1016	198
1016	26
1016	22
1016	242
1017	276
1017	291
1017	323
1018	114
1018	107
1018	10
1018	291
1018	214
1018	242
1019	132
1019	26
1019	148
1019	144
1019	291
1019	323
1019	242
1020	267
1020	114
1020	10
1020	291
1020	214
1020	242
1021	81
1021	326
1021	104
1021	316
1021	242
1022	327
1022	26
1022	146
1022	320
1022	291
1022	323
1022	242
1023	121
1023	198
1023	26
1023	237
1023	228
1023	230
1023	242
1023	225
1024	245
1024	270
1024	339
1024	198
1024	237
1024	242
1024	225
1025	114
1025	225
1025	171
1026	288
1026	102
1026	291
1026	323
1026	242
1027	121
1027	112
1027	198
1027	293
1027	146
1027	214
1027	225
1027	171
1028	91
1028	298
1028	198
1028	228
1028	230
1028	96
1028	226
1028	144
1028	242
1029	132
1029	121
1029	198
1029	230
1029	226
1029	146
1029	102
1029	242
1030	121
1030	114
1030	219
1030	302
1030	230
1030	291
1030	323
1030	242
1031	270
1031	109
1031	104
1031	106
1031	230
1031	242
1032	203
1032	114
1032	106
1032	291
1032	323
1032	242
1033	92
1033	121
1033	114
1033	230
1033	252
1033	242
1033	225
1034	149
1034	121
1034	319
1034	198
1034	17
1034	230
1034	242
1034	225
1035	267
1035	114
1035	10
1035	291
1035	214
1035	242
1036	339
1036	203
1036	121
1036	264
1036	259
1036	198
1036	31
1036	230
1036	242
1037	167
1037	121
1037	197
1037	101
1037	198
1037	230
1037	214
1037	242
1037	225
1038	267
1038	213
1038	10
1038	214
1038	291
1039	114
1039	178
1039	10
1039	291
1039	214
1039	242
1040	203
1040	121
1040	326
1040	198
1040	230
1040	146
1040	242
1041	270
1041	151
1041	203
1041	114
1041	104
1041	150
1041	252
1041	242
1042	114
1042	326
1042	230
1042	150
1042	252
1042	291
1042	225
1043	110
1043	261
1043	7
1043	156
1043	213
1043	242
1044	167
1044	121
1044	114
1044	326
1044	230
1044	242
1044	225
1045	267
1045	106
1045	10
1045	291
1045	214
1045	242
1046	132
1046	121
1046	326
1046	198
1046	230
1046	242
1046	225
1047	339
1047	198
1047	237
1047	10
1047	242
1047	225
1048	267
1048	178
1048	10
1048	291
1048	214
1048	242
1049	121
1049	264
1049	198
1049	237
1049	228
1049	242
1050	121
1050	195
1050	198
1050	237
1050	214
1050	242
1050	225
1051	270
1051	95
1051	121
1051	265
1051	326
1051	223
1051	230
1051	252
1051	242
1052	121
1052	114
1052	104
1052	198
1052	136
1052	228
1052	209
1052	22
1052	242
1053	203
1053	121
1053	198
1053	94
1053	230
1053	276
1053	242
1054	163
1054	167
1054	264
1054	307
1054	331
1054	291
1054	242
1055	121
1055	265
1055	198
1055	10
1055	214
1055	242
1055	171
1056	121
1056	306
1056	230
1056	150
1056	252
1056	242
1057	330
1057	291
1057	323
1057	242
1058	167
1058	121
1058	198
1058	31
1058	230
1058	146
1058	242
1058	225
1059	267
1059	10
1059	214
1059	291
1059	347
1060	132
1060	121
1060	30
1060	198
1060	146
1060	86
1060	21
1060	242
1061	121
1061	326
1061	224
1061	198
1061	230
1061	214
1061	242
1061	225
1062	121
1062	116
1062	198
1062	14
1062	228
1062	258
1062	242
1063	276
1063	258
1063	102
1063	150
1063	291
1063	242
1064	121
1064	156
1064	259
1064	198
1064	11
1064	337
1064	242
1065	121
1065	261
1065	7
1065	156
1065	198
1065	213
1065	242
1066	121
1066	259
1066	224
1066	198
1066	230
1066	301
1066	242
1066	225
1067	167
1067	121
1067	101
1067	198
1067	230
1067	250
1067	242
1067	225
1068	121
1068	327
1068	104
1068	223
1068	106
1068	242
1069	203
1069	198
1069	209
1069	22
1069	242
1070	121
1070	259
1070	198
1070	242
1070	171
1071	121
1071	198
1071	230
1071	144
1071	242
1072	92
1072	203
1072	121
1072	198
1072	214
1072	242
1072	225
1073	167
1073	121
1073	198
1073	276
1073	21
1073	242
1073	225
1074	26
1074	107
1074	230
1074	146
1074	291
1074	214
1074	225
1075	121
1075	156
1075	198
1075	103
1075	242
1076	97
1076	203
1076	121
1076	198
1076	276
1076	144
1076	242
1077	203
1077	121
1077	114
1077	326
1077	230
1077	291
1077	242
1077	225
1077	47
1078	121
1078	114
1078	326
1078	230
1078	252
1078	242
1078	225
1078	47
1079	121
1079	330
1079	198
1079	230
1079	242
1079	54
1080	267
1080	121
1080	326
1080	230
1080	146
1080	242
1080	225
1081	121
1081	116
1081	326
1081	230
1081	150
1081	252
1081	242
1081	225
1082	72
1082	121
1082	114
1082	198
1082	155
1082	237
1082	242
1082	225
1083	267
1083	106
1083	10
1083	291
1083	214
1083	242
1084	267
1084	121
1084	114
1084	230
1084	146
1084	291
1084	214
1084	225
1085	114
1085	327
1085	7
1085	156
1085	230
1085	291
1085	225
1086	121
1086	157
1086	302
1086	230
1086	146
1086	242
1087	121
1087	219
1087	198
1087	242
1088	245
1088	163
1088	121
1088	264
1088	198
1088	214
1088	242
1088	225
1089	121
1089	178
1089	198
1089	200
1089	242
1089	225
1090	245
1090	109
1090	264
1090	198
1090	237
1090	230
1090	242
1090	225
1091	262
1091	150
1091	242
1092	270
1092	72
1092	121
1092	104
1092	198
1092	144
1092	242
1093	339
1093	121
1093	198
1093	237
1093	214
1093	242
1093	225
1094	203
1094	121
1094	307
1094	94
1094	302
1094	230
1094	242
1095	151
1095	121
1095	307
1095	326
1095	230
1095	242
1095	225
1096	132
1096	121
1096	178
1096	198
1096	10
1096	214
1096	242
1097	121
1097	114
1097	224
1097	157
1097	198
1097	230
1097	242
1097	225
1098	267
1098	114
1098	10
1098	214
1098	291
1099	81
1099	114
1099	198
1099	14
1099	230
1099	258
1099	242
1099	225
1100	121
1100	198
1100	146
1100	242
1100	225
1101	121
1101	114
1101	265
1101	200
1101	230
1101	242
1102	192
1102	104
1102	230
1102	22
1102	242
1103	203
1103	121
1103	198
1103	155
1103	214
1103	242
1103	225
1104	151
1104	104
1104	213
1105	203
1105	121
1105	259
1105	198
1105	209
1105	242
1106	267
1106	114
1106	107
1106	214
1106	291
1107	121
1107	198
1107	230
1107	209
1107	242
1107	225
1108	121
1108	114
1108	198
1108	106
1108	230
1108	22
1108	214
1108	242
1108	225
1109	203
1109	121
1109	114
1109	198
1109	237
1109	230
1109	214
1109	242
1109	225
1110	121
1110	198
1110	228
1110	242
1111	121
1111	261
1111	198
1111	316
1111	17
1111	242
1112	267
1112	306
1112	198
1112	94
1112	209
1112	242
1113	121
1113	114
1113	198
1113	237
1113	230
1113	242
1113	225
1114	121
1114	115
1114	195
1114	198
1114	230
1114	293
1114	242
1114	225
1115	88
1115	203
1115	121
1115	198
1115	155
1115	230
1115	242
1115	225
1116	121
1116	114
1116	302
1116	242
1117	121
1117	296
1117	104
1117	198
1117	230
1117	288
1117	242
1118	121
1118	198
1118	293
1118	146
1118	214
1118	242
1118	225
1119	245
1119	163
1119	264
1119	114
1119	198
1119	237
1119	214
1119	242
1119	225
1120	113
1120	156
1120	291
1120	214
1120	225
1121	121
1121	259
1121	198
1121	230
1121	242
1122	114
1122	326
1122	230
1122	150
1122	252
1122	242
1122	225
1123	121
1123	114
1123	198
1123	94
1123	150
1123	242
1123	225
1124	121
1124	326
1124	198
1124	26
1124	230
1124	146
1124	214
1124	242
1124	225
1125	109
1125	114
1125	26
1125	230
1125	337
1125	291
1125	214
1125	225
1126	178
1126	276
1126	10
1126	291
1126	214
1126	242
1127	167
1127	121
1127	109
1127	198
1127	230
1127	22
1127	214
1127	225
1127	171
1128	245
1128	121
1128	198
1128	237
1128	228
1128	230
1128	242
1128	225
1129	121
1129	114
1129	198
1129	230
1129	22
1129	242
1129	225
1130	237
1130	31
1130	302
1130	242
1131	291
1131	323
1132	121
1132	109
1132	198
1132	230
1132	337
1132	150
1132	242
1132	225
1133	245
1133	152
1133	121
1133	114
1133	198
1133	230
1133	214
1133	242
1133	225
1134	267
1134	106
1134	10
1134	291
1134	214
1134	242
1135	121
1135	223
1135	157
1135	272
1135	230
1135	291
1135	225
1136	118
1136	121
1136	116
1136	198
1136	155
1136	213
1136	242
1136	225
1137	167
1137	267
1137	326
1137	130
1137	230
1137	214
1137	242
1137	225
1137	131
1138	121
1138	326
1138	198
1138	276
1138	242
1139	127
1139	203
1139	107
1139	291
1139	323
1139	242
1140	121
1140	109
1140	259
1140	198
1140	142
1140	242
1141	203
1141	224
1141	242
1141	225
1142	203
1142	121
1142	198
1142	214
1142	242
1142	225
1143	276
1143	291
1143	214
1143	225
1144	121
1144	198
1144	107
1144	230
1144	214
1144	242
1144	225
1145	81
1145	121
1145	114
1145	198
1145	155
1145	230
1145	242
1145	225
1146	88
1146	203
1146	121
1146	113
1146	198
1146	230
1146	214
1146	242
1146	225
1147	267
1147	224
1147	157
1147	230
1148	203
1148	109
1148	198
1148	106
1148	230
1148	22
1148	242
1148	225
1149	121
1149	223
1149	319
1149	198
1149	230
1149	242
1149	225
1150	267
1150	80
1150	10
1150	214
1150	291
1151	203
1151	121
1151	198
1151	106
1151	230
1151	22
1151	242
1151	225
1152	167
1152	203
1152	121
1152	198
1152	26
1152	22
1152	214
1152	242
1152	225
1153	291
1153	323
1154	121
1154	198
1154	31
1154	302
1154	209
1154	214
1154	242
1154	225
1155	203
1155	121
1155	114
1155	198
1155	26
1155	237
1155	242
1155	225
1156	203
1156	121
1156	224
1156	242
1156	225
1157	121
1157	307
1157	326
1157	14
1157	230
1157	242
1157	225
1158	203
1158	81
1158	121
1158	198
1158	230
1158	242
1158	225
1159	121
1159	265
1159	104
1159	26
1159	146
1159	214
1159	242
1159	225
1160	203
1160	121
1160	198
1160	230
1160	146
1160	225
1160	171
1161	121
1161	314
1161	195
1161	198
1161	242
1162	203
1162	121
1162	198
1162	230
1162	22
1162	242
1162	225
1163	203
1163	81
1163	121
1163	198
1163	230
1163	258
1163	242
1163	225
1164	127
1164	121
1164	326
1164	198
1164	106
1164	230
1164	242
1164	225
1165	167
1165	267
1165	101
1165	230
1165	291
1165	225
1166	203
1166	109
1166	259
1166	219
1166	214
1166	242
1166	225
1167	88
1167	121
1167	114
1167	198
1167	258
1167	144
1167	242
1167	225
1168	23
1168	203
1168	121
1168	198
1168	230
1168	242
1168	225
1169	254
1169	121
1169	223
1169	157
1169	198
1169	214
1169	242
1169	225
1170	121
1170	308
1170	156
1170	198
1170	276
1170	242
1171	92
1171	121
1171	198
1171	107
1171	214
1171	242
1171	225
1172	203
1172	121
1172	198
1172	242
1172	225
1173	81
1173	276
1173	291
1173	225
1174	203
1174	291
1174	214
1174	225
1175	151
1175	224
1175	291
1175	225
1176	121
1176	106
1176	288
1176	102
1176	291
1176	242
1177	267
1177	114
1177	326
1177	157
1177	146
1177	214
1178	81
1178	121
1178	178
1178	327
1178	198
1178	230
1178	242
1178	225
1179	121
1179	198
1179	226
1179	144
1179	242
1180	121
1180	114
1180	326
1180	230
1180	349
1181	121
1181	198
1181	230
1181	21
1181	242
1181	225
1182	121
1182	114
1182	198
1182	87
1182	230
1182	242
1182	225
1183	121
1183	198
1183	106
1183	31
1183	230
1183	209
1183	242
1183	225
1184	195
1184	198
1184	230
1184	80
1184	242
1185	92
1185	121
1185	230
1185	150
1185	252
1185	242
1185	225
1186	121
1186	198
1186	230
1186	146
1186	22
1186	242
1186	225
1187	121
1187	306
1187	195
1187	198
1187	230
1187	242
1188	121
1188	156
1188	198
1188	230
1188	288
1188	144
1188	214
1188	242
1188	225
1189	121
1189	265
1189	198
1189	26
1189	106
1189	242
1189	225
1190	121
1190	264
1190	192
1190	198
1190	230
1190	242
1190	225
1191	121
1191	104
1191	156
1191	198
1191	302
1191	288
1191	242
1192	121
1192	109
1192	198
1192	214
1192	242
1192	225
1193	121
1193	198
1193	230
1193	146
1193	301
1193	242
1193	225
1194	203
1194	121
1194	198
1194	155
1194	230
1194	337
1194	214
1194	242
1194	225
1195	236
1195	121
1195	114
1195	198
1195	146
1195	214
1195	242
1195	225
1196	267
1196	114
1196	224
1196	230
1197	267
1197	326
1197	224
1197	230
1197	349
1198	245
1198	167
1198	121
1198	114
1198	198
1198	230
1198	242
1198	225
1199	149
1199	121
1199	190
1199	104
1199	198
1199	146
1199	242
1200	121
1200	198
1200	272
1200	230
1200	144
1200	242
1200	225
1201	264
1201	282
1201	198
1201	237
1201	148
1201	242
1201	225
1202	154
1202	167
1202	230
1202	22
1202	214
1202	242
1202	225
1203	149
1203	264
1203	237
1203	230
1203	214
1203	242
1203	225
1204	121
1204	104
1204	259
1204	198
1204	155
1204	144
1204	242
1205	121
1205	198
1205	191
1205	33
1205	242
1206	121
1206	116
1206	198
1206	214
1206	242
1206	225
1207	163
1207	203
1207	264
1207	114
1207	198
1207	237
1207	214
1207	242
1207	225
1208	121
1208	224
1208	198
1208	242
1208	225
1209	261
1209	7
1209	156
1209	291
1209	214
1209	225
1210	203
1210	121
1210	259
1210	198
1210	107
1210	276
1210	214
1210	242
1210	225
1211	203
1211	81
1211	198
1211	106
1211	230
1211	22
1211	242
1211	225
1212	267
1212	114
1212	178
1212	209
1212	10
1212	214
1212	242
1213	267
1213	114
1213	326
1213	230
1214	267
1214	114
1214	178
1214	198
1214	230
1215	121
1215	326
1215	31
1215	230
1215	252
1215	242
1215	225
1216	121
1216	109
1216	198
1216	26
1216	230
1216	337
1216	214
1216	242
1216	225
1217	267
1217	302
1217	230
1217	146
1218	203
1218	121
1218	156
1218	198
1218	337
1218	214
1218	242
1218	225
1219	203
1219	121
1219	104
1219	224
1219	198
1219	107
1219	272
1219	242
1220	121
1220	198
1220	106
1220	230
1220	209
1220	22
1220	242
1220	225
1221	121
1221	178
1221	198
1221	106
1221	146
1221	10
1221	214
1221	242
1222	203
1222	121
1222	192
1222	198
1222	230
1222	242
1222	225
1223	121
1223	114
1223	326
1223	319
1223	230
1223	242
1223	225
1224	121
1224	156
1224	198
1224	230
1224	242
1224	225
1225	132
1225	245
1225	121
1225	198
1225	230
1225	214
1225	242
1225	225
1226	203
1226	81
1226	116
1226	198
1226	237
1226	230
1226	214
1226	242
1226	225
1227	114
1227	319
1227	226
1227	323
1227	242
1228	236
1228	114
1228	326
1228	230
1228	252
1228	242
1228	225
1229	121
1229	109
1229	326
1229	258
1229	214
1229	242
1229	225
1230	121
1230	114
1230	265
1230	259
1230	198
1230	230
1230	242
1230	225
1231	121
1231	114
1231	156
1231	198
1231	230
1231	242
1231	225
1232	203
1232	81
1232	198
1232	106
1232	230
1232	22
1232	242
1232	225
1233	203
1233	232
1233	157
1233	198
1233	119
1233	230
1233	242
1233	225
1234	121
1234	326
1234	136
1234	2
1234	230
1234	242
1234	225
1235	121
1235	114
1235	198
1235	26
1235	230
1235	22
1235	242
1235	225
1236	245
1236	121
1236	91
1236	190
1236	259
1236	198
1236	214
1236	242
1236	225
1237	121
1237	298
1237	224
1237	198
1237	242
1237	225
1238	88
1238	203
1238	121
1238	111
1238	223
1238	198
1238	214
1238	242
1238	225
1239	121
1239	326
1239	142
1239	146
1239	144
1239	242
1239	225
1239	41
1240	72
1240	114
1240	326
1240	230
1240	252
1240	242
1240	225
1240	41
1241	267
1241	230
1241	146
1241	349
1242	114
1242	326
1242	104
1243	121
1243	114
1243	326
1243	230
1243	252
1243	242
1243	225
1244	267
1244	30
1244	104
1245	203
1245	121
1245	198
1245	230
1245	146
1245	150
1245	214
1245	242
1245	225
1246	313
1246	203
1246	121
1246	198
1246	150
1246	214
1246	242
1246	225
1247	267
1247	306
1247	326
1247	323
1247	291
1247	349
1248	121
1248	114
1248	198
1248	230
1248	146
1248	22
1248	214
1248	242
1248	225
1249	121
1249	157
1249	198
1249	230
1249	209
1249	242
1249	225
1250	121
1250	114
1250	198
1250	106
1250	146
1250	10
1250	214
1250	242
1251	121
1251	264
1251	198
1251	228
1251	242
1251	317
1252	121
1252	232
1252	157
1252	26
1252	214
1252	242
1252	225
1253	167
1253	121
1253	101
1253	198
1253	230
1253	214
1253	242
1253	225
1254	121
1254	190
1254	195
1254	276
1254	103
1254	242
1255	121
1255	101
1255	106
1255	288
1255	102
1255	242
1256	267
1256	104
1256	195
1256	22
1257	167
1257	267
1257	114
1257	259
1257	230
1257	323
1258	121
1258	198
1258	230
1258	214
1258	242
1258	225
1259	267
1259	104
1259	106
1259	144
1260	88
1260	167
1260	114
1260	197
1260	111
1260	323
1261	245
1261	149
1261	121
1261	319
1261	198
1261	230
1261	242
1261	317
1263	270
1263	267
1263	114
1263	302
1263	214
1263	352
1264	97
1264	167
1264	121
1264	326
1264	230
1264	242
1264	225
1265	81
1265	195
1265	276
1265	142
1265	291
1265	323
1265	317
1266	92
1266	104
1266	195
1266	230
1266	242
1267	121
1267	319
1267	198
1267	225
1267	171
1268	121
1268	157
1268	198
1268	230
1269	121
1269	147
1269	320
1269	242
1270	267
1270	190
1270	306
1270	319
1270	323
1271	163
1271	267
1271	114
1271	331
1271	259
1271	323
1272	121
1272	104
1272	319
1272	198
1272	230
1272	242
1272	37
1273	81
1273	121
1273	114
1273	326
1273	230
1273	242
1273	225
1274	121
1274	214
1274	242
1274	225
1275	88
1275	314
1275	230
1275	285
1275	167
1276	245
1276	121
1276	116
1276	230
1276	242
1277	267
1277	81
1277	104
1277	111
1278	178
1278	198
1278	144
1278	242
1279	121
1279	319
1279	230
1279	242
1279	225
1280	121
1280	101
1280	107
1280	142
1280	242
1281	121
1281	306
1281	319
1281	198
1281	230
1281	242
1281	225
1282	267
1282	104
1282	14
1283	326
1283	136
1283	230
1283	214
1284	167
1284	121
1284	326
1284	230
1284	146
1284	242
1284	225
1285	121
1285	156
1285	291
1285	225
1286	167
1286	114
1286	307
1286	111
1286	319
1286	144
1287	203
1287	114
1287	106
1287	291
1287	225
1288	121
1288	114
1288	230
1288	291
1288	225
1289	270
1289	121
1289	306
1289	326
1289	319
1289	242
1290	203
1290	81
1290	326
1290	26
1290	291
1290	225
1291	267
1291	326
1291	144
1291	111
1291	167
1292	121
1292	291
1292	225
1293	267
1293	198
1293	230
1293	276
1294	203
1294	114
1294	22
1294	225
1295	151
1295	195
1295	276
1295	142
1295	242
1296	267
1296	114
1296	232
1296	144
1297	92
1297	203
1297	121
1297	114
1297	144
1297	242
1297	225
1298	121
1298	198
1298	106
1298	102
1298	242
1299	264
1299	104
1299	14
1300	358
1301	288
1301	291
1301	323
1301	242
1302	267
1302	230
1302	150
1302	323
1302	291
1303	121
1303	106
1303	291
1303	225
1304	121
1304	104
1304	144
1304	242
1305	203
1305	81
1305	291
1305	225
1306	121
1306	326
1306	142
1306	242
1307	121
1307	291
1307	323
1307	225
1308	100
1308	167
1308	121
1308	242
1309	267
1309	291
1309	323
1310	121
1310	230
1310	291
1310	323
1310	225
1311	121
1311	326
1311	26
1312	267
1312	203
1312	114
1312	276
1312	142
1313	121
1313	291
1313	323
1313	225
1314	121
1314	114
1314	230
1315	121
1315	136
1315	106
1315	230
1315	317
1316	121
1316	114
1316	104
1317	167
1317	114
1317	111
1317	146
1317	323
1318	253
1318	80
1318	225
1319	121
1319	104
1319	195
1319	276
1319	209
1320	121
1320	144
1320	103
1322	121
1322	291
1322	225
1323	288
1323	102
1323	291
1323	242
1324	168
1324	342
1324	104
1324	214
1325	114
1325	116
1325	302
1325	242
1326	167
1326	114
1326	276
1326	21
1326	317
1327	342
1327	104
1327	214
1327	242
1328	127
1328	121
1328	198
1328	155
1328	17
1328	242
1330	121
1330	114
1330	111
1330	198
1330	258
1330	242
1331	121
1331	178
1331	198
1331	230
1331	258
1331	144
1331	225
1332	104
1332	319
1332	323
1332	225
1333	264
1333	104
1333	14
1334	264
1334	104
1334	14
1334	214
1335	121
1335	195
1335	106
1335	317
1336	121
1336	326
1336	146
1336	242
1336	225
1337	270
1337	121
1337	198
1337	144
1337	250
1339	203
1339	114
1339	198
1339	106
1339	242
1339	225
1340	121
1340	314
1340	195
1340	276
1340	317
1341	151
1341	121
1341	144
1342	121
1342	208
1342	257
1342	198
1342	209
1342	242
1344	168
1344	282
1344	198
1344	209
1344	258
1344	216
1345	182
1345	157
1345	198
1345	106
1345	216
1346	114
1346	157
1346	198
1346	144
1346	216
1347	233
1347	276
1347	11
1347	98
1347	291
1348	26
1348	291
1348	214
1348	225
1349	114
1349	156
1349	258
1349	291
1349	242
1349	225
1350	114
1350	198
1350	250
1351	203
1351	114
1351	198
1351	230
1351	242
1351	225
1352	245
1352	198
1352	148
1352	21
1353	114
1353	115
1353	258
1353	291
1354	114
1354	115
1354	26
1354	291
1354	242
1354	225
1355	81
1355	114
1355	198
1355	155
1355	228
1355	17
1355	242
1356	261
1356	308
1356	296
1356	7
1356	156
1356	198
1357	23
1357	224
1357	198
1357	250
1357	242
1357	225
1358	114
1358	326
1358	115
1358	230
1358	258
1358	242
1358	225
1359	203
1359	114
1359	258
1359	22
1359	242
1359	225
1360	81
1360	114
1360	115
1360	198
1360	302
1360	258
1360	242
1360	225
1361	245
1361	88
1361	109
1361	114
1361	198
1361	242
1361	225
1362	114
1362	115
1362	198
1362	258
1362	22
1362	214
1362	242
1362	225
1363	114
1363	195
1363	258
1363	150
1363	214
1363	242
1363	225
1364	270
1364	114
1364	326
1364	115
1364	258
1364	242
1364	225
1365	267
1365	195
1365	291
1365	323
1365	225
1366	114
1366	26
1366	291
1366	225
1366	162
1367	132
1367	245
1367	264
1367	114
1367	198
1368	97
1368	114
1368	115
1368	198
1368	258
1368	242
1368	225
1369	114
1369	115
1369	198
1369	302
1369	258
1369	242
1369	225
1370	114
1370	198
1370	26
1370	22
1370	214
1370	242
1370	225
1371	230
1371	291
1371	225
1371	162
1372	203
1372	114
1372	326
1372	115
1372	214
1372	242
1372	225
1373	245
1373	149
1373	163
1373	88
1373	114
1373	198
1373	242
1373	225
1374	132
1374	267
1374	86
1374	344
1375	114
1375	115
1375	26
1375	291
1375	207
1375	225
1376	267
1376	114
1376	144
1376	291
1376	348
1377	203
1377	114
1377	26
1377	291
1378	214
1378	323
1378	291
1378	348
1379	114
1379	178
1379	198
1379	258
1379	225
1379	171
1379	162
1380	267
1380	114
1380	178
1380	106
1380	291
1381	102
1381	144
1381	291
1382	270
1382	323
1382	291
1383	326
1383	146
1383	323
1383	291
1384	114
1384	178
1384	115
1384	195
1384	107
1384	291
1384	225
1385	270
1385	114
1385	106
1385	102
1385	291
1386	114
1386	327
1386	106
1386	291
1387	114
1387	198
1387	276
1387	146
1387	258
1387	122
1387	242
1387	225
1388	114
1388	198
1388	258
1388	122
1388	242
1388	225
1389	114
1389	198
1389	146
1389	122
1389	242
1389	225
1390	245
1390	264
1390	114
1390	2
1390	291
1390	225
1391	114
1391	326
1391	198
1391	106
1391	140
1391	122
1391	242
1391	225
1392	203
1392	114
1392	178
1392	291
1392	242
1392	225
1393	114
1393	223
1393	198
1393	136
1393	122
1393	242
1393	225
1394	198
1394	146
1394	102
1394	291
1394	348
1395	245
1395	114
1395	326
1395	291
1395	225
1396	26
1396	323
1396	291
1396	348
1397	109
1397	114
1397	198
1397	258
1397	337
1397	122
1397	242
1397	225
1398	245
1398	92
1398	114
1398	198
1398	122
1398	242
1398	225
1399	114
1399	178
1399	156
1399	291
1399	225
1400	23
1400	203
1400	114
1400	306
1400	198
1400	242
1400	225
1401	267
1401	114
1401	144
1401	291
1402	144
1402	2
1402	291
1402	285
1403	339
1403	114
1403	198
1403	21
1403	242
1403	225
1404	267
1404	102
1404	291
1404	285
1404	344
1405	114
1405	326
1405	228
1405	21
1405	122
1405	242
1405	225
1406	270
1406	106
1406	102
1406	291
1406	225
1407	291
1408	203
1408	114
1408	198
1408	209
1408	242
1408	225
1409	267
1409	323
1409	2
1409	291
1410	203
1410	198
1410	291
1411	132
1411	245
1411	263
1411	114
1411	198
1411	216
1411	122
1411	242
1411	225
1412	114
1412	326
1412	122
1412	242
1412	225
1413	296
1413	198
1413	122
1413	242
1413	225
1414	114
1414	291
1414	122
1414	242
1414	225
1415	114
1415	115
1415	258
1415	291
1416	198
1416	106
1416	103
1416	122
1416	242
1416	225
1417	114
1417	144
1417	291
1417	122
1417	225
1418	88
1418	114
1418	198
1418	258
1418	102
1418	122
1418	242
1418	225
1419	114
1419	106
1419	291
1419	225
1420	132
1420	198
1420	106
1420	144
1420	320
1420	122
1420	242
1420	225
1421	198
1421	276
1421	144
1421	102
1421	337
1421	122
1421	242
1421	225
1422	114
1422	198
1422	146
1422	144
1422	122
1422	242
1422	225
1423	114
1423	198
1423	258
1423	144
1423	215
1423	122
1423	242
1423	225
1424	114
1424	326
1424	230
1424	144
1424	291
1424	242
1424	225
1425	203
1425	114
1425	106
1425	230
1425	22
1425	291
1425	242
1425	225
1426	114
1426	26
1426	107
1426	230
1426	144
1426	242
1426	225
1427	114
1427	178
1427	230
1427	146
1427	291
1427	242
1427	225
1427	255
1428	114
1428	136
1428	106
1428	230
1428	258
1428	291
1428	242
1428	225
1429	267
1429	203
1429	114
1429	115
1429	258
1429	242
1429	225
1430	114
1430	26
1430	106
1430	230
1430	146
1430	291
1430	242
1430	225
1431	245
1431	267
1431	114
1431	26
1431	230
1431	291
1431	242
1431	225
1432	203
1432	114
1432	115
1432	195
1432	209
1432	291
1432	242
1432	225
1433	267
1433	114
1433	230
1433	146
1433	144
1433	291
1433	242
1433	225
1434	270
1434	81
1434	114
1434	276
1434	209
1434	291
1434	242
1434	225
1435	114
1435	106
1435	230
1435	258
1435	291
1435	242
1435	225
1436	114
1436	26
1436	230
1436	146
1436	291
1436	242
1436	225
1437	282
1437	114
1437	230
1437	10
1437	291
1437	242
1437	225
1438	114
1438	237
1438	230
1438	291
1438	242
1438	225
1439	203
1439	114
1439	26
1439	106
1439	230
1439	291
1439	242
1439	225
1440	267
1440	81
1440	114
1440	26
1440	291
1440	242
1440	225
1441	81
1441	114
1441	195
1441	258
1441	291
1441	242
1441	225
1442	203
1442	81
1442	114
1442	258
1442	291
1442	242
1442	225
1443	203
1443	114
1443	26
1443	106
1443	230
1443	291
1443	242
1443	225
1444	114
1444	326
1444	198
1444	230
1444	80
1444	258
1444	242
1444	225
1445	251
1445	203
1445	114
1445	26
1445	230
1445	242
1445	225
1446	203
1446	114
1446	198
1446	272
1446	230
1446	258
1446	242
1446	225
1447	203
1447	114
1447	198
1447	258
1447	242
1447	225
1447	289
1448	267
1448	203
1448	114
1448	195
1448	258
1448	225
1449	203
1449	114
1449	209
1449	22
1449	225
1449	78
1450	92
1450	114
1450	198
1450	26
1450	230
1450	258
1450	242
1450	225
1451	203
1451	114
1451	198
1451	31
1451	230
1451	258
1451	242
1451	225
1452	114
1452	26
1452	230
1452	144
1452	291
1452	225
1452	255
1453	203
1453	114
1453	198
1453	237
1453	230
1453	10
1453	242
1453	225
1454	114
1454	198
1454	106
1454	230
1454	258
1454	242
1454	225
1455	203
1455	114
1455	230
1455	337
1455	291
1455	225
1455	289
1456	203
1456	114
1456	209
1456	258
1456	291
1456	225
1456	78
1457	264
1457	114
1457	198
1457	230
1457	258
1457	10
1457	242
1457	225
1458	267
1458	203
1458	114
1458	276
1458	258
1458	291
1458	225
1459	203
1459	114
1459	115
1459	106
1459	230
1459	291
1459	225
1460	203
1460	114
1460	198
1460	106
1460	230
1460	258
1460	242
1460	225
1461	203
1461	81
1461	114
1461	230
1461	258
1461	291
1461	225
1462	282
1462	114
1462	198
1462	230
1462	258
1462	250
1462	242
1462	225
1463	198
1463	230
1463	258
1463	250
1463	207
1463	242
1463	225
1463	85
1464	203
1464	114
1464	288
1464	258
1464	225
1465	203
1465	114
1465	198
1465	258
1465	242
1465	225
1466	81
1466	114
1466	115
1466	258
1466	291
1466	225
1467	203
1467	114
1467	198
1467	26
1467	230
1467	207
1467	242
1467	225
1468	95
1468	203
1468	114
1468	198
1468	230
1468	258
1468	242
1468	225
1469	264
1469	114
1469	26
1469	230
1469	144
1469	291
1469	225
1470	81
1470	114
1470	198
1470	237
1470	230
1470	258
1470	242
1470	225
1471	114
1471	115
1471	198
1471	230
1471	242
1471	225
1472	203
1472	114
1472	198
1472	175
1472	230
1472	10
1472	242
1472	225
1473	203
1473	114
1473	106
1473	237
1473	291
1473	323
1473	225
1474	88
1474	114
1474	198
1474	237
1474	230
1474	242
1474	225
1475	203
1475	114
1475	198
1475	106
1475	230
1475	258
1475	242
1475	225
1475	89
1476	114
1476	198
1476	26
1476	230
1476	226
1476	207
1476	242
1476	225
1477	203
1477	114
1477	115
1477	209
1477	33
1477	291
1477	225
1478	203
1478	114
1478	198
1478	237
1478	228
1478	258
1478	242
1478	225
1479	109
1479	114
1479	198
1479	276
1479	258
1479	242
1479	225
1480	203
1480	115
1480	198
1480	230
1480	258
1480	207
1480	242
1480	225
1480	89
1481	114
1481	198
1481	146
1481	258
1481	148
1481	250
1481	242
1481	225
1482	203
1482	114
1482	115
1482	230
1482	291
1482	225
1483	203
1483	114
1483	327
1483	198
1483	230
1483	258
1483	242
1483	225
1484	88
1484	114
1484	198
1484	17
1484	230
1484	242
1484	225
1485	95
1485	114
1485	198
1485	209
1485	258
1485	150
1485	242
1485	225
1486	203
1486	264
1486	114
1486	198
1486	230
1486	22
1486	242
1486	225
1487	270
1487	114
1487	115
1487	230
1487	291
1487	225
1488	203
1488	114
1488	230
1488	258
1488	291
1488	225
1489	203
1489	114
1489	115
1489	198
1489	258
1489	33
1489	242
1489	225
1490	114
1490	26
1490	230
1490	207
1490	225
1491	203
1491	114
1491	116
1491	198
1491	26
1491	230
1491	242
1491	225
1492	264
1492	114
1492	198
1492	237
1492	130
1492	230
1492	242
1492	225
1493	203
1493	114
1493	198
1493	230
1493	22
1493	242
1493	225
1494	114
1494	198
1494	302
1494	230
1494	258
1494	242
1494	225
1495	114
1495	198
1495	276
1495	258
1495	21
1495	207
1495	242
1495	225
1496	109
1496	264
1496	114
1496	198
1496	230
1496	337
1496	242
1496	225
1497	313
1497	114
1497	319
1497	198
1497	230
1497	258
1497	242
1497	225
1498	203
1498	114
1498	115
1498	198
1498	230
1498	258
1498	242
1498	225
1499	114
1499	178
1499	115
1499	198
1499	258
1499	207
1499	242
1499	225
1500	92
1500	114
1500	198
1500	228
1500	230
1500	258
1500	242
1500	225
1501	245
1501	114
1501	198
1501	230
1501	258
1501	242
1501	225
1502	203
1502	114
1502	326
1502	198
1502	230
1502	258
1502	242
1502	225
1503	114
1503	115
1503	198
1503	258
1503	242
1503	225
1504	114
1504	198
1504	136
1504	230
1504	207
1504	242
1504	225
1505	118
1505	114
1505	198
1505	237
1505	230
1505	242
1505	225
1506	88
1506	203
1506	114
1506	115
1506	198
1506	258
1506	242
1506	225
1507	114
1507	115
1507	198
1507	258
1507	21
1507	242
1507	225
1508	203
1508	114
1508	198
1508	230
1508	258
1508	22
1508	242
1508	225
1509	109
1509	114
1509	198
1509	230
1509	258
1509	337
1509	242
1509	225
1510	203
1510	114
1510	115
1510	198
1510	258
1510	22
1510	242
1510	225
1511	132
1511	264
1511	114
1511	198
1511	237
1511	242
1511	225
1512	264
1512	282
1512	114
1512	198
1512	237
1512	230
1512	242
1512	225
1513	114
1513	178
1513	115
1513	198
1513	230
1513	258
1513	242
1513	225
1514	115
1514	198
1514	230
1514	293
1514	258
1514	207
1514	242
1514	225
1515	198
1515	106
1515	230
1515	209
1515	258
1515	207
1515	242
1515	225
1516	114
1516	115
1516	198
1516	258
1516	242
1516	225
1517	114
1517	115
1517	198
1517	31
1517	230
1517	258
1517	242
1517	225
1518	116
1518	198
1518	237
1518	230
1518	258
1518	207
1518	242
1518	225
1519	166
1519	114
1519	198
1519	230
1519	242
1519	225
1520	114
1520	115
1520	198
1520	103
1520	207
1520	242
1520	225
1521	326
1521	115
1521	198
1521	258
1521	337
1521	207
1521	242
1521	225
1522	203
1522	114
1522	198
1522	237
1522	230
1522	258
1522	242
1522	225
1523	114
1523	198
1523	106
1523	258
1523	207
1523	242
1523	225
1524	203
1524	115
1524	198
1524	146
1524	258
1524	207
1524	242
1524	225
1525	282
1525	114
1525	198
1525	107
1525	230
1525	258
1525	242
1525	225
1526	114
1526	198
1526	155
1526	258
1526	207
1526	242
1526	225
1527	198
1527	230
1527	258
1527	22
1527	150
1527	207
1527	242
1527	225
1528	245
1528	114
1528	91
1528	198
1528	230
1528	242
1528	225
1529	114
1529	115
1529	198
1529	230
1529	258
1529	207
1529	242
1529	225
1530	72
1530	114
1530	116
1530	115
1530	198
1530	242
1530	225
1531	114
1531	115
1531	219
1531	198
1531	302
1531	214
1531	242
1531	225
1532	245
1532	125
1532	115
1532	198
1532	214
1532	207
1532	242
1532	225
1533	81
1533	114
1533	198
1533	14
1533	230
1533	258
1533	242
1533	225
1534	109
1534	115
1534	198
1534	22
1534	214
1534	207
1534	242
1534	225
1535	264
1535	113
1535	237
1535	148
1535	225
1536	339
1536	114
1536	198
1536	237
1536	148
1536	214
1536	242
1536	225
1537	114
1537	198
1537	272
1537	230
1537	258
1537	207
1537	242
1537	225
1538	114
1538	198
1538	258
1538	207
1538	225
1538	171
1539	115
1539	198
1539	22
1539	150
1539	214
1539	207
1539	242
1539	225
1540	163
1540	264
1540	114
1540	291
1540	225
1541	198
1541	146
1541	22
1541	214
1541	207
1541	242
1541	225
1542	245
1542	264
1542	237
1542	230
1542	291
1542	225
1543	114
1543	326
1543	115
1543	198
1543	144
1543	214
1543	207
1543	242
1543	225
1544	163
1544	339
1544	264
1544	114
1544	291
1544	225
1545	245
1545	149
1545	114
1545	198
1545	214
1545	207
1545	242
1545	225
1546	114
1546	198
1546	2
1546	207
1546	242
1546	225
1547	88
1547	114
1547	291
1547	225
1548	270
1548	114
1548	115
1548	230
1548	258
1548	291
1548	225
1549	264
1549	114
1549	198
1549	237
1549	148
1549	242
1549	225
1550	339
1550	264
1550	198
1550	207
1550	242
1550	225
1551	203
1551	81
1551	7
1551	156
1551	291
1551	214
1551	225
1552	203
1552	26
1552	146
1552	291
1552	225
1553	92
1553	198
1553	207
1553	242
1553	225
1554	163
1554	339
1554	114
1554	237
1554	291
1554	225
1555	203
1555	109
1555	114
1555	291
1555	214
1555	225
1556	116
1556	26
1556	237
1556	228
1556	291
1556	225
1556	162
1557	245
1557	310
1557	115
1557	198
1557	207
1557	242
1557	225
1558	264
1558	139
1558	114
1558	342
1558	198
1558	230
1558	207
1558	242
1558	225
1559	114
1559	115
1559	198
1559	230
1559	258
1559	207
1559	242
1559	225
1560	339
1560	198
1560	237
1560	207
1560	242
1560	225
1561	288
1561	291
1561	214
1561	225
1562	72
1562	264
1562	296
1562	198
1562	207
1562	242
1562	225
1563	203
1563	195
1563	106
1563	291
1563	214
1563	225
1564	88
1564	114
1564	198
1564	242
1564	225
1565	149
1565	198
1565	258
1565	207
1565	242
1565	225
1566	267
1566	114
1566	230
1566	291
1566	214
1566	225
1566	162
1567	245
1567	118
1567	264
1567	114
1567	198
1567	242
1567	225
1568	88
1568	114
1568	115
1568	198
1568	242
1568	225
1569	114
1569	156
1569	26
1569	106
1569	291
1569	225
1570	163
1570	339
1570	264
1570	114
1570	291
1570	214
1570	225
1571	163
1571	203
1571	114
1571	327
1571	291
1571	214
1571	225
1572	203
1572	114
1572	198
1572	106
1572	22
1572	214
1572	242
1572	225
1573	132
1573	245
1573	149
1573	148
1573	291
1573	214
1573	225
1574	73
1574	203
1574	114
1574	115
1574	198
1574	258
1574	214
1574	242
1574	225
1575	115
1575	198
1575	26
1575	106
1575	207
1575	242
1575	225
1575	138
1576	230
1576	242
1576	225
1576	162
1577	339
1577	264
1577	114
1577	115
1577	198
1577	258
1577	242
1577	225
1578	245
1578	152
1578	151
1578	291
1578	225
1579	245
1579	263
1579	114
1579	198
1579	214
1579	242
1579	225
1580	163
1580	264
1580	156
1580	106
1580	291
1580	214
1580	225
1581	114
1581	115
1581	258
1581	291
1581	214
1581	225
1582	276
1582	21
1582	291
1582	225
1583	245
1583	149
1583	319
1583	291
1583	225
1583	162
1584	114
1584	198
1584	316
1584	258
1584	150
1584	242
1584	225
1585	270
1585	230
1585	291
1585	225
1585	162
1586	109
1586	114
1586	115
1586	198
1586	258
1586	214
1586	242
1586	225
1587	26
1587	291
1587	214
1587	225
1588	114
1588	198
1588	31
1588	302
1588	209
1588	214
1588	242
1588	225
1589	106
1589	291
1589	214
1589	225
1590	149
1590	114
1590	115
1590	156
1590	291
1590	214
1590	225
1591	81
1591	114
1591	115
1591	198
1591	258
1591	225
1591	171
1591	162
1592	106
1592	291
1592	214
1592	225
1593	114
1593	198
1593	258
1593	337
1593	214
1593	242
1593	225
1594	270
1594	306
1594	115
1594	258
1594	291
1594	214
1594	225
1595	26
1595	291
1595	214
1595	225
1596	203
1596	114
1596	115
1596	198
1596	136
1596	258
1596	214
1596	242
1596	225
1597	114
1597	306
1597	156
1597	144
1597	291
1597	214
1597	323
1597	225
1598	88
1598	114
1598	195
1598	198
1598	258
1598	214
1598	242
1598	225
1599	114
1599	296
1599	195
1599	136
1599	291
1599	214
1599	225
1600	114
1600	306
1600	330
1600	156
1600	291
1600	214
1600	225
1601	203
1601	114
1601	319
1601	198
1601	214
1601	242
1601	225
1602	114
1602	115
1602	198
1602	258
1602	214
1602	225
1602	171
1603	151
1603	114
1603	306
1603	258
1603	291
1603	214
1603	323
1603	225
1604	203
1604	114
1604	115
1604	198
1604	258
1604	22
1604	214
1604	242
1604	225
1605	245
1605	21
1605	291
1605	214
1605	225
1606	115
1606	195
1606	258
1606	291
1606	214
1606	225
1607	26
1607	106
1607	291
1607	214
1607	225
1608	203
1608	114
1608	198
1608	258
1608	214
1608	242
1608	225
1609	203
1609	114
1609	115
1609	258
1609	337
1609	214
1609	242
1609	225
1610	109
1610	114
1610	331
1610	198
1610	337
1610	214
1610	242
1610	225
1611	114
1611	115
1611	195
1611	291
1611	214
1611	225
1612	23
1612	114
1612	198
1612	136
1612	258
1612	214
1612	242
1612	225
1613	92
1613	114
1613	314
1613	198
1613	228
1613	214
1613	242
1613	225
1614	114
1614	115
1614	198
1614	258
1614	214
1614	242
1614	225
1615	114
1615	115
1615	319
1615	198
1615	26
1615	258
1615	242
1615	225
1616	92
1616	88
1616	151
1616	203
1616	291
1616	214
1616	225
1617	203
1617	81
1617	114
1617	115
1617	198
1617	136
1617	258
1617	242
1617	225
1618	152
1618	264
1618	114
1618	198
1618	242
1618	225
1619	163
1619	114
1619	144
1619	291
1619	214
1619	225
1620	203
1620	264
1620	114
1620	115
1620	198
1620	258
1620	242
1620	225
1621	114
1621	230
1621	291
1621	214
1621	225
1622	245
1622	230
1622	291
1622	225
1623	203
1623	81
1623	114
1623	115
1623	198
1623	230
1623	258
1623	242
1623	225
1624	300
1624	115
1624	195
1624	258
1624	291
1624	214
1624	225
1625	245
1625	149
1625	114
1625	219
1625	198
1625	214
1625	242
1625	225
1626	163
1626	264
1626	114
1626	198
1626	258
1626	214
1626	242
1626	225
1627	245
1627	114
1627	198
1627	258
1627	150
1627	214
1627	242
1627	225
1628	88
1628	114
1628	223
1628	198
1628	230
1628	242
1628	225
1629	132
1629	114
1629	115
1629	319
1629	198
1629	144
1629	242
1629	225
1630	114
1630	115
1630	198
1630	106
1630	258
1630	242
1630	225
1631	114
1631	115
1631	198
1631	230
1631	258
1631	242
1631	225
1632	291
1632	225
1633	114
1633	115
1633	230
1633	291
1633	225
1634	114
1634	115
1634	198
1634	106
1634	258
1634	214
1634	242
1634	225
1635	92
1635	264
1635	31
1635	146
1635	291
1636	114
1636	291
1636	225
1637	276
1637	291
1637	225
1638	114
1638	198
1638	136
1638	258
1638	337
1638	214
1638	242
1638	225
1639	270
1639	114
1639	291
1639	225
1640	203
1640	291
1640	225
1641	114
1641	198
1641	230
1641	142
1641	258
1641	102
1641	242
1641	225
1642	114
1642	115
1642	195
1642	258
1642	242
1642	225
1643	97
1643	114
1643	115
1643	291
1643	225
1644	114
1644	291
1644	214
1644	225
1645	291
1645	214
1645	225
1646	291
1646	225
1647	114
1647	198
1647	230
1647	288
1647	102
1647	242
1647	225
1648	146
1648	291
1648	225
1649	114
1649	115
1649	198
1649	258
1649	242
1649	225
1650	97
1650	114
1650	115
1650	198
1650	230
1650	258
1650	242
1650	225
1651	114
1651	115
1651	198
1651	214
1651	225
1651	171
1652	114
1652	115
1652	198
1652	258
1652	144
1652	242
1652	225
1653	291
1653	225
1653	162
1654	291
1654	225
1655	259
1655	198
1655	2
1655	230
1655	288
1655	21
1655	214
1655	242
1655	225
1656	276
1656	291
1656	225
1657	319
1657	291
1658	132
1658	114
1658	198
1658	2
1658	144
1658	214
1658	242
1658	225
1659	132
1659	114
1659	198
1659	288
1659	146
1659	214
1659	242
1659	225
1660	114
1660	198
1660	2
1660	230
1660	144
1660	214
1660	242
1660	225
1661	114
1661	106
1661	291
1661	214
1661	225
1662	182
1662	293
1662	146
1662	291
1663	88
1663	114
1663	198
1663	2
1663	258
1663	214
1663	242
1663	225
1664	114
1664	198
1664	258
1664	144
1664	102
1664	320
1664	242
1664	225
1665	114
1665	198
1665	2
1665	258
1665	144
1665	214
1666	104
1666	291
1667	319
1667	198
1667	2
1668	114
1668	115
1668	258
1668	144
1668	291
1669	114
1669	115
1669	198
1669	2
1669	230
1669	214
1670	109
1670	114
1670	198
1670	2
1670	258
1670	214
1671	198
1671	2
1671	144
1671	214
1672	114
1672	259
1672	319
1672	198
1672	2
1672	214
1673	178
1673	198
1673	258
1673	250
1673	207
1673	242
1673	225
1673	217
1674	267
1674	114
1674	178
1674	195
1674	242
1674	225
1674	255
1675	198
1675	258
1675	150
1675	207
1675	242
1675	225
1675	171
1675	79
1676	198
1676	26
1676	146
1676	337
1676	207
1676	242
1676	225
1676	5
1677	245
1677	326
1677	115
1677	198
1677	26
1677	242
1677	225
1677	5
1677	324
1678	203
1678	115
1678	198
1678	237
1678	258
1678	207
1678	242
1678	225
1678	324
1679	109
1679	198
1679	302
1679	258
1679	337
1679	207
1679	242
1679	225
1679	324
1680	114
1680	198
1680	205
1680	258
1680	144
1680	207
1680	242
1680	225
1680	324
1681	92
1681	114
1681	115
1681	198
1681	205
1681	258
1681	242
1681	225
1681	324
1682	245
1682	318
1682	115
1682	198
1682	26
1682	207
1682	242
1682	225
1682	324
1683	114
1683	26
1683	291
1683	242
1683	225
1683	255
1683	5
1684	114
1684	115
1684	198
1684	228
1684	258
1684	207
1684	242
1684	225
1685	115
1685	198
1685	106
1685	258
1685	150
1685	242
1685	225
1685	79
1685	324
1686	267
1686	114
1686	258
1686	291
1686	207
1686	242
1686	225
1687	245
1687	264
1687	115
1687	198
1687	258
1687	242
1687	225
1687	5
1687	324
1688	115
1688	198
1688	107
1688	237
1688	258
1688	242
1688	225
1688	89
1688	324
1689	115
1689	198
1689	26
1689	302
1689	258
1689	242
1689	225
1689	5
1689	324
1690	115
1690	198
1690	26
1690	237
1690	207
1690	242
1690	225
1690	5
1690	324
1691	115
1691	198
1691	258
1691	207
1691	242
1691	225
1691	171
1692	114
1692	326
1692	198
1692	26
1692	272
1692	258
1692	242
1692	225
1692	324
1693	114
1693	178
1693	115
1693	291
1693	242
1693	225
1694	203
1694	114
1694	198
1694	107
1694	228
1694	258
1694	242
1694	225
1694	324
1695	313
1695	114
1695	198
1695	26
1695	228
1695	258
1695	242
1695	225
1695	324
1696	132
1696	149
1696	114
1696	198
1696	258
1696	148
1696	242
1696	225
1696	324
1697	114
1697	198
1697	258
1697	242
1697	225
1697	324
1698	203
1698	114
1698	258
1698	144
1698	252
1698	242
1698	225
1698	324
1699	109
1699	114
1699	198
1699	258
1699	337
1699	242
1699	225
1699	324
1700	88
1700	114
1700	198
1700	237
1700	258
1700	242
1700	225
1700	324
1701	109
1701	114
1701	198
1701	106
1701	258
1701	122
1701	242
1701	225
1701	324
1702	114
1702	198
1702	26
1702	144
1702	122
1702	242
1702	225
1702	5
1702	324
1703	92
1703	203
1703	114
1703	198
1703	258
1703	122
1703	242
1703	225
1703	324
1704	115
1704	198
1704	146
1704	258
1704	122
1704	207
1704	242
1704	225
1704	324
1705	115
1705	198
1705	258
1705	150
1705	122
1705	207
1705	242
1705	225
1705	324
1706	114
1706	115
1706	198
1706	205
1706	258
1706	122
1706	242
1706	225
1706	324
1707	230
1707	276
1707	258
1707	252
1707	291
1707	242
1707	225
1708	245
1708	318
1708	114
1708	198
1708	228
1708	230
1708	242
1708	225
1709	264
1709	114
1709	198
1709	107
1709	230
1709	258
1709	242
1709	225
1710	264
1710	114
1710	198
1710	237
1710	228
1710	242
1710	225
1711	282
1711	114
1711	230
1711	144
1711	242
1711	225
1711	78
1712	264
1712	282
1712	114
1712	342
1712	230
1712	323
1712	242
1713	81
1713	114
1713	198
1713	272
1713	230
1713	258
1713	242
1713	225
1714	203
1714	114
1714	115
1714	198
1714	26
1714	258
1714	242
1714	225
1714	324
1715	267
1715	26
1715	230
1715	146
1715	291
1715	323
1715	242
1716	114
1716	115
1716	258
1716	291
1716	214
1716	207
1716	242
1716	225
1717	114
1717	113
1717	230
1717	323
1717	242
1717	5
1718	267
1718	81
1718	102
1718	21
1718	323
1718	242
1719	113
1719	26
1719	230
1719	291
1719	323
1719	242
1720	267
1720	114
1720	107
1720	230
1720	323
1720	242
1721	264
1721	114
1721	87
1721	323
1721	242
1722	203
1722	114
1722	276
1722	258
1722	22
1722	323
1722	242
1723	270
1723	114
1723	115
1723	291
1723	225
1724	267
1724	114
1724	258
1724	291
1724	225
1725	114
1725	115
1725	224
1725	198
1725	106
1725	258
1725	242
1726	264
1726	114
1726	195
1726	106
1726	323
1726	242
1727	270
1727	267
1727	114
1727	323
1727	242
1728	163
1728	264
1728	282
1728	114
1728	116
1728	259
1728	230
1728	144
1728	291
1728	323
1728	242
1729	81
1729	114
1729	198
1729	146
1729	258
1729	216
1729	242
1730	264
1730	114
1730	106
1730	146
1730	323
1730	242
1731	109
1731	264
1731	114
1731	276
1731	323
1731	242
1732	114
1732	288
1732	258
1732	291
1732	323
1732	242
1733	270
1733	114
1733	291
1733	323
1733	207
1733	242
1734	203
1734	276
1734	142
1734	21
1734	291
1734	214
1734	225
1735	245
1735	163
1735	264
1735	114
1735	237
1735	228
1735	230
1735	291
1735	323
1735	242
1736	264
1736	282
1736	87
1736	230
1736	291
1736	323
1736	242
1737	163
1737	109
1737	106
1737	230
1737	291
1737	323
1737	242
1738	270
1738	114
1738	115
1738	258
1738	323
1738	242
1739	163
1739	203
1739	264
1739	282
1739	114
1739	115
1739	230
1739	146
1739	297
1739	291
1739	323
1739	242
1740	92
1740	313
1740	267
1740	109
1740	264
1740	114
1740	111
1740	259
1740	230
1740	11
1740	291
1740	323
1740	242
1741	163
1741	264
1741	114
1741	116
1741	155
1741	291
1741	323
1741	242
1742	163
1742	264
1742	114
1742	198
1742	230
1742	242
1743	151
1743	203
1743	114
1743	198
1743	142
1743	150
1743	214
1743	242
1743	225
1744	114
1744	26
1744	291
1745	203
1745	115
1745	198
1745	31
1745	258
1745	22
1745	214
1745	242
1745	225
1746	313
1746	314
1746	276
1746	150
1746	21
1746	291
1746	225
1747	114
1747	155
1747	17
1747	291
1747	323
1747	242
1748	132
1748	245
1748	114
1748	253
1748	144
1748	291
1748	242
1749	97
1749	26
1749	291
1749	323
1750	203
1750	81
1750	114
1750	258
1750	291
1750	225
1751	203
1751	114
1751	115
1751	258
1751	291
1751	242
1752	203
1752	81
1752	106
1752	230
1752	291
1752	225
1753	203
1753	81
1753	114
1753	198
1753	258
1753	225
1753	171
1754	203
1754	81
1754	114
1754	209
1754	144
1754	242
1754	225
1755	114
1755	326
1755	146
1755	258
1755	144
1755	214
1755	242
1755	225
1756	203
1756	264
1756	114
1756	115
1756	198
1756	258
1756	242
1756	225
1757	114
1757	296
1757	330
1757	195
1757	198
1757	242
1758	114
1758	261
1758	327
1758	195
1758	198
1758	242
1759	88
1759	114
1759	198
1759	230
1759	258
1759	250
1759	242
1759	225
1760	319
1760	250
1760	291
1760	323
1760	242
1761	163
1761	264
1761	230
1761	291
1761	323
1762	114
1762	326
1762	230
1762	242
1762	41
1763	114
1763	326
1763	230
1763	288
1763	102
1763	242
1763	225
1763	41
1764	114
1764	104
1764	198
1764	228
1764	230
1764	242
1765	339
1765	264
1765	114
1765	198
1765	237
1765	228
1765	242
1765	225
1766	203
1766	115
1766	198
1766	230
1766	22
1766	150
1766	214
1766	242
1766	225
1767	81
1767	114
1767	198
1767	14
1767	230
1767	258
1767	242
1767	225
1768	163
1768	264
1768	116
1768	198
1768	230
1768	291
1768	323
1769	149
1769	264
1769	114
1769	291
1770	114
1770	113
1770	224
1770	198
1770	250
1770	242
1771	267
1771	114
1771	115
1771	258
1771	150
1771	214
1771	291
1772	114
1772	116
1772	104
1772	144
1772	242
1773	245
1773	263
1773	114
1773	104
1773	198
1773	230
1773	242
1774	163
1774	264
1774	114
1774	198
1774	323
1774	171
1775	114
1775	195
1775	198
1775	242
1776	203
1776	114
1776	298
1776	198
1776	106
1776	22
1776	214
1776	242
1776	225
1777	88
1777	114
1777	198
1777	26
1777	228
1777	230
1777	214
1777	242
1777	225
1778	127
1778	114
1778	104
1778	106
1778	276
1779	203
1779	114
1779	115
1779	198
1779	22
1779	242
1779	225
1780	163
1780	167
1780	168
1780	267
1780	114
1780	323
1781	163
1781	264
1781	198
1781	242
1782	163
1782	264
1782	323
1782	291
1783	163
1783	264
1783	116
1783	198
1783	242
1784	163
1784	167
1784	95
1784	109
1784	264
1784	111
1784	144
1784	323
1785	26
1785	144
1785	291
1785	225
1786	163
1786	264
1786	116
1786	323
1786	291
1787	163
1787	114
1787	291
1787	225
1787	162
1788	114
1788	342
1788	291
1788	225
1788	162
1789	121
1789	109
1789	114
1789	230
1789	258
1789	242
1789	225
1790	203
1790	115
1790	198
1790	258
1790	22
1790	150
1790	214
1790	242
1790	225
1791	114
1791	291
1791	323
1791	225
1792	149
1792	237
1792	285
1793	81
1793	114
1793	198
1793	26
1793	258
1793	242
1794	114
1794	104
1794	195
1794	144
1794	242
1795	114
1795	106
1795	230
1795	291
1795	225
1796	114
1796	342
1796	291
1796	225
1797	114
1797	291
1797	225
1798	264
1798	282
1798	342
1798	230
1798	291
1798	242
1799	97
1799	291
1799	323
1800	163
1800	264
1800	116
1800	323
1800	291
1801	118
1801	163
1801	114
1801	198
1801	242
1802	203
1802	114
1802	209
1802	242
1803	168
1803	151
1803	203
1803	326
1803	146
1803	242
1803	36
1804	163
1804	167
1804	264
1804	291
1804	323
1805	163
1805	264
1805	323
1805	291
1806	114
1806	326
1806	224
1806	230
1806	242
1806	225
1807	26
1807	80
1807	146
1807	216
1807	291
1807	225
1808	104
1808	107
1808	17
1808	338
1808	216
1808	242
1809	245
1809	114
1809	298
1809	198
1809	106
1809	242
1810	81
1810	114
1810	326
1810	230
1810	150
1810	242
1810	225
1811	163
1811	264
1811	282
1811	114
1811	237
1811	214
1811	242
1811	225
1812	109
1812	114
1812	195
1812	106
1812	230
1812	242
1813	163
1813	264
1813	198
1814	116
1814	198
1814	253
1814	216
1814	242
1815	114
1815	115
1815	198
1815	258
1815	242
1816	72
1816	116
1816	356
1817	267
1817	114
1817	91
1817	326
1817	228
1817	291
1817	225
1817	162
1818	121
1818	114
1818	198
1818	200
1818	230
1818	337
1818	242
1818	225
1819	270
1819	106
1819	276
1819	150
1819	323
1820	163
1820	264
1820	114
1820	198
1821	203
1821	114
1821	115
1821	223
1821	198
1821	258
1821	214
1821	242
1821	225
1822	114
1822	198
1822	302
1822	242
1823	81
1823	114
1823	198
1823	155
1823	242
1824	264
1824	282
1824	114
1824	198
1824	230
1824	242
1825	114
1825	342
1825	198
1825	258
1825	144
1825	214
1825	242
1825	225
1826	100
1826	88
1826	203
1826	114
1826	326
1826	242
1826	225
1827	203
1827	114
1827	258
1827	144
1827	214
1827	242
1827	225
1828	267
1828	121
1828	185
1828	258
1828	291
1829	151
1829	203
1829	261
1829	7
1829	156
1829	214
1829	242
1829	225
1830	245
1830	163
1830	264
1830	114
1830	198
1830	214
1830	242
1830	225
1831	121
1831	144
1831	291
1831	225
1832	121
1832	114
1832	198
1832	288
1832	102
1832	242
1833	245
1833	90
1833	114
1833	198
1833	214
1833	242
1833	225
1834	245
1834	163
1834	310
1834	114
1834	198
1834	228
1834	214
1834	242
1834	225
1835	245
1835	148
1835	242
1835	225
1836	163
1836	72
1836	264
1836	116
1836	198
1837	81
1837	114
1837	198
1837	26
1837	214
1837	242
1837	225
1838	203
1838	114
1838	91
1838	326
1838	106
1838	242
1838	225
1839	149
1839	339
1839	114
1839	198
1839	237
1839	242
1839	225
1840	245
1840	149
1840	88
1840	114
1840	291
1840	225
1841	132
1841	245
1841	114
1841	91
1841	198
1841	102
1841	242
1841	225
1842	100
1842	88
1842	115
1842	156
1842	198
1842	214
1842	242
1842	225
1843	132
1843	114
1843	104
1843	198
1843	242
1843	225
1844	163
1844	339
1844	72
1844	264
1844	291
1844	214
1844	225
1845	203
1845	26
1845	119
1845	144
1845	22
1845	291
1845	225
1846	163
1846	264
1846	114
1846	116
1846	198
1846	150
1847	182
1847	92
1847	261
1847	157
1847	323
1848	237
1848	291
1848	214
1848	225
1849	203
1849	114
1849	30
1849	136
1849	323
1850	245
1850	163
1850	264
1850	114
1850	198
1850	258
1851	276
1851	291
1851	285
1851	344
1852	163
1852	264
1852	114
1852	198
1852	237
1852	214
1852	242
1852	225
1853	267
1853	114
1853	102
1853	291
1853	348
1854	195
1854	337
1854	323
1855	270
1855	114
1855	115
1855	198
1855	258
1855	337
1855	242
1855	225
1856	203
1856	121
1856	114
1856	198
1856	107
1856	258
1856	242
1856	225
1857	114
1857	26
1857	146
1857	291
1857	323
1857	242
1857	225
1858	163
1858	264
1858	114
1858	116
1858	198
1858	258
1859	114
1859	115
1859	224
1859	157
1859	198
1859	258
1859	214
1859	242
1859	225
1860	203
1860	81
1860	306
1860	115
1860	198
1860	258
1860	214
1860	242
1860	225
1861	267
1861	114
1861	106
1861	291
1862	114
1862	112
1862	258
1863	97
1863	114
1863	209
1863	291
1863	323
1864	114
1864	195
1864	26
1864	107
1864	291
1864	323
1864	242
1864	225
1865	114
1865	326
1865	26
1865	291
1865	242
1865	225
1866	267
1866	114
1866	146
1866	102
1866	291
1867	203
1867	114
1867	198
1867	258
1868	339
1868	264
1868	114
1868	115
1868	198
1868	258
1868	242
1868	225
1869	114
1869	115
1869	198
1869	258
1869	22
1869	214
1869	242
1869	225
1870	109
1870	114
1870	198
1870	230
1870	258
1870	242
1871	97
1871	114
1871	115
1871	198
1871	136
1871	258
1871	242
1871	225
1872	245
1872	118
1872	163
1872	339
1872	114
1872	198
1872	242
1872	225
1873	203
1873	114
1873	178
1873	106
1873	291
1873	225
1874	114
1874	115
1874	198
1874	258
1874	242
1874	225
1875	203
1875	114
1875	319
1875	198
1875	22
1875	242
1875	225
1876	114
1876	26
1876	323
1876	291
1877	245
1877	88
1877	264
1877	114
1877	198
1877	242
1877	225
1878	114
1878	178
1878	156
1878	106
1878	291
1878	323
1878	225
1879	114
1879	116
1879	104
1879	198
1879	14
1879	258
1879	242
1880	97
1880	203
1880	114
1880	198
1880	258
1881	151
1881	102
1881	291
1882	114
1882	326
1882	198
1882	106
1882	242
1882	225
1883	114
1883	178
1883	115
1883	198
1883	146
1883	144
1883	122
1883	242
1883	225
1884	151
1884	114
1884	198
1884	136
1884	258
1884	122
1884	242
1884	225
1885	114
1885	192
1885	198
1885	146
1885	258
1885	122
1885	242
1885	225
1886	132
1886	114
1886	198
1886	146
1886	216
1886	122
1886	242
1886	225
1887	223
1887	157
1887	291
1887	225
1888	114
1888	319
1888	198
1888	276
1888	122
1888	242
1888	225
1889	114
1889	115
1889	198
1889	242
1889	225
1890	114
1890	326
1890	198
1890	293
1890	242
1890	225
1891	114
1891	223
1891	198
1891	258
1891	242
1891	225
1892	151
1892	192
1892	253
1892	291
1892	111
1893	114
1893	198
1893	102
1893	337
1893	122
1893	242
1893	225
1894	270
1894	306
1894	296
1894	291
1894	225
1895	114
1895	198
1895	258
1895	122
1895	242
1895	225
1896	121
1896	195
1896	146
1896	291
1897	114
1897	291
1897	242
1897	225
1898	151
1898	203
1898	22
1898	291
1898	225
1899	114
1899	198
1899	106
1899	122
1899	242
1899	225
1900	109
1900	258
1900	291
1900	225
1901	23
1901	114
1901	198
1901	258
1901	122
1901	242
1901	225
1902	245
1902	114
1902	198
1902	144
1902	102
1902	122
1902	242
1902	225
1903	114
1903	291
1903	225
1904	177
1904	114
1904	198
1904	258
1904	320
1904	122
1904	242
1904	225
1905	203
1905	291
1906	114
1906	291
1906	225
1907	114
1907	291
1908	109
1908	114
1908	115
1908	198
1908	337
1908	122
1908	242
1908	225
1909	114
1909	291
1909	225
1910	114
1910	291
1910	225
1911	114
1911	291
1911	225
1912	88
1912	114
1912	198
1912	144
1912	102
1912	122
1912	242
1912	225
1913	291
1913	225
1914	114
1914	178
1914	225
1914	162
1915	7
1915	291
1915	225
1916	22
1916	291
1916	225
1917	114
1917	198
1917	258
1917	144
1917	122
1917	242
1917	225
1918	203
1918	107
1918	291
1918	225
1919	114
1919	291
1919	225
1920	291
1920	225
1921	146
1921	320
1921	291
1921	225
1922	114
1922	198
1922	146
1922	258
1922	144
1922	122
1922	242
1922	225
1923	209
1923	291
1923	225
1924	203
1924	291
1924	225
1925	114
1925	291
1925	242
1925	225
1926	114
1926	291
1926	225
1927	114
1927	198
1927	258
1927	144
1927	337
1927	122
1927	242
1927	225
1928	114
1928	291
1928	225
1929	114
1929	198
1929	258
1929	144
1929	122
1929	242
1929	225
1930	114
1930	198
1930	258
1930	144
1930	122
1930	242
1930	225
1931	114
1931	115
1931	198
1931	258
1931	215
1931	122
1931	242
1931	225
1932	267
1932	276
1932	288
1932	102
1932	291
1932	242
1932	225
1933	267
1933	209
1933	150
1933	33
1933	291
1933	242
1933	225
1934	114
1934	2
1934	258
1934	242
1934	225
1934	171
1935	114
1935	276
1935	258
1935	291
1935	242
1935	225
1936	114
1936	224
1936	198
1936	2
1936	250
1936	242
1936	225
1936	324
1937	114
1937	326
1937	224
1937	272
1937	252
1937	323
1937	122
1937	242
1937	225
1937	324
1938	114
1938	198
1938	26
1938	2
1938	146
1938	242
1938	225
1938	324
1939	203
1939	81
1939	114
1939	198
1939	107
1939	214
1939	242
1939	225
1939	324
1940	198
1940	107
1940	2
1940	258
1940	150
1940	242
1940	225
1940	324
1941	114
1941	224
1941	198
1941	2
1941	250
1941	122
1941	242
1941	225
1942	114
1942	224
1942	198
1942	2
1942	272
1942	144
1942	214
1942	242
1942	225
1942	324
1943	270
1943	114
1943	198
1943	2
1943	258
1943	122
1943	242
1943	225
1943	324
1944	270
1944	203
1944	326
1944	2
1944	252
1944	122
1944	242
1944	225
1944	324
1945	114
1945	224
1945	198
1945	2
1945	102
1945	122
1945	242
1945	225
1945	324
1946	114
1946	198
1946	2
1946	258
1946	337
1946	122
1946	242
1946	225
1946	324
1947	114
1947	224
1947	198
1947	2
1947	250
1947	122
1947	242
1947	225
1948	97
1948	114
1948	198
1948	237
1948	2
1948	122
1948	242
1948	225
1948	324
1949	114
1949	198
1949	2
1949	146
1949	10
1949	122
1949	242
1949	225
1949	324
1950	114
1950	115
1950	258
1950	291
1950	242
1950	225
1951	114
1951	198
1951	2
1951	258
1951	122
1951	242
1951	225
1951	79
1951	324
1952	114
1952	198
1952	107
1952	228
1952	2
1952	122
1952	242
1952	225
1952	324
1953	223
1953	224
1953	198
1953	2
1953	122
1953	242
1953	225
1953	324
1954	198
1954	2
1954	31
1954	337
1954	122
1954	242
1954	225
1954	324
1955	114
1955	192
1955	198
1955	276
1955	122
1955	242
1955	225
1956	282
1956	198
1956	237
1956	228
1956	122
1956	242
1956	225
1956	324
1957	270
1957	267
1957	26
1957	291
1957	323
1957	242
1957	225
1958	114
1958	198
1958	2
1958	258
1958	337
1958	122
1958	242
1958	225
1958	324
1959	267
1959	26
1959	107
1959	291
1959	323
1959	242
1959	225
1960	203
1960	209
1960	291
1960	323
1960	242
1960	225
1961	114
1961	198
1961	26
1961	2
1961	146
1961	122
1961	242
1961	225
1961	324
1962	92
1962	114
1962	198
1962	2
1962	150
1962	225
1962	283
1962	241
1963	203
1963	114
1963	198
1963	2
1963	122
1963	242
1963	225
1963	324
1964	116
1964	237
1964	21
1964	291
1964	323
1964	242
1964	225
1965	88
1965	203
1965	114
1965	198
1965	2
1965	122
1965	242
1965	225
1965	324
1966	203
1966	291
1966	242
1966	225
1967	114
1967	224
1967	198
1967	2
1967	302
1967	122
1967	242
1967	225
1967	324
1968	276
1968	102
1968	291
1968	323
1968	242
1968	225
1969	109
1969	26
1969	209
1969	258
1969	291
1969	323
1969	242
1969	225
1970	127
1970	114
1970	198
1970	237
1970	2
1970	122
1970	242
1970	225
1970	324
1971	270
1971	267
1971	114
1971	276
1971	258
1971	291
1971	242
1971	225
1972	267
1972	114
1972	26
1972	291
1972	323
1972	242
1972	225
1973	203
1973	114
1973	198
1973	2
1973	22
1973	122
1973	242
1973	225
1974	264
1974	114
1974	178
1974	107
1974	323
1974	242
1974	225
1975	114
1975	115
1975	205
1975	258
1975	291
1975	323
1975	242
1975	225
1976	114
1976	198
1976	26
1976	2
1976	323
1976	242
1976	225
1977	313
1977	114
1977	198
1977	2
1977	276
1977	122
1977	242
1977	225
1978	267
1978	31
1978	209
1978	337
1978	291
1978	323
1978	242
1978	225
1979	115
1979	156
1979	198
1979	107
1979	2
1979	122
1979	242
1979	225
1980	203
1980	114
1980	198
1980	2
1980	122
1980	242
1980	225
1981	203
1981	114
1981	198
1981	2
1981	122
1981	242
1981	225
1981	79
1982	267
1982	114
1982	115
1982	106
1982	291
1982	323
1982	242
1982	225
1983	198
1983	237
1983	228
1983	250
1983	323
1983	242
1983	225
1983	171
1984	267
1984	114
1984	26
1984	107
1984	291
1984	323
1984	242
1984	225
1985	114
1985	198
1985	237
1985	2
1985	87
1985	122
1985	242
1985	225
1985	324
1986	114
1986	198
1986	136
1986	2
1986	213
1986	122
1986	242
1986	225
1987	178
1987	26
1987	107
1987	146
1987	291
1987	323
1987	242
1987	225
1988	26
1988	107
1988	146
1988	337
1988	10
1988	291
1988	323
1988	242
1988	225
1989	267
1989	114
1989	107
1989	276
1989	291
1989	323
1989	242
1989	225
1990	267
1990	114
1990	276
1990	209
1990	291
1990	242
1990	225
1991	114
1991	198
1991	2
1991	226
1991	146
1991	122
1991	242
1991	225
1991	324
1992	267
1992	114
1992	107
1992	291
1992	323
1992	242
1992	225
1993	203
1993	114
1993	198
1993	2
1993	150
1993	225
1993	283
1993	241
1994	88
1994	114
1994	111
1994	198
1994	2
1994	122
1994	242
1994	225
1995	267
1995	178
1995	26
1995	107
1995	291
1995	323
1995	242
1995	225
1996	267
1996	198
1996	26
1996	2
1996	323
1996	242
1996	225
1996	171
1997	178
1997	26
1997	291
1997	323
1997	242
1997	225
1998	114
1998	224
1998	198
1998	2
1998	146
1998	122
1998	242
1998	225
1999	267
1999	276
1999	102
1999	21
1999	291
1999	323
1999	242
1999	225
2000	267
2000	178
2000	26
2000	146
2000	291
2000	323
2000	242
2000	225
2001	92
2001	114
2001	223
2001	198
2001	2
2001	122
2001	242
2001	225
2002	267
2002	178
2002	2
2002	276
2002	291
2002	323
2002	242
2002	225
2003	203
2003	114
2003	198
2003	2
2003	33
2003	122
2003	242
2003	225
2004	267
2004	114
2004	115
2004	258
2004	291
2004	323
2004	242
2004	225
2005	267
2005	114
2005	178
2005	291
2005	323
2005	242
2005	225
2006	167
2006	178
2006	7
2006	156
2006	262
2006	323
2006	242
2006	225
2007	109
2007	114
2007	198
2007	2
2007	337
2007	122
2007	242
2007	225
2008	92
2008	267
2008	264
2008	114
2008	237
2008	323
2008	242
2008	225
2009	267
2009	178
2009	26
2009	107
2009	291
2009	323
2009	242
2009	225
2010	88
2010	114
2010	198
2010	237
2010	2
2010	122
2010	242
2010	225
2011	267
2011	276
2011	288
2011	102
2011	291
2011	323
2011	242
2011	225
2012	270
2012	267
2012	114
2012	178
2012	2
2012	323
2012	242
2012	225
2013	114
2013	115
2013	198
2013	2
2013	122
2013	242
2013	225
2014	326
2014	146
2014	258
2014	252
2014	291
2014	323
2014	242
2014	225
2015	114
2015	198
2015	107
2015	2
2015	122
2015	242
2015	225
2015	174
2016	270
2016	267
2016	114
2016	178
2016	291
2016	323
2016	242
2016	225
2017	267
2017	26
2017	228
2017	291
2017	323
2017	242
2017	225
2018	167
2018	114
2018	326
2018	198
2018	2
2018	122
2018	242
2018	225
2019	114
2019	178
2019	237
2019	228
2019	291
2019	323
2019	242
2019	225
2020	203
2020	198
2020	237
2020	2
2020	323
2020	242
2020	225
2020	171
2021	264
2021	114
2021	198
2021	237
2021	2
2021	122
2021	242
2021	225
2022	267
2022	114
2022	26
2022	146
2022	291
2022	323
2022	242
2022	225
2023	267
2023	107
2023	276
2023	21
2023	291
2023	242
2023	225
2024	92
2024	114
2024	223
2024	198
2024	237
2024	122
2024	242
2024	225
2025	267
2025	109
2025	114
2025	258
2025	291
2025	323
2025	242
2025	225
2026	267
2026	114
2026	26
2026	107
2026	291
2026	323
2026	242
2026	225
2027	267
2027	114
2027	326
2027	272
2027	323
2027	122
2027	242
2027	225
2027	289
2028	114
2028	224
2028	198
2028	2
2028	146
2028	122
2028	242
2028	225
2029	267
2029	114
2029	178
2029	2
2029	291
2029	242
2029	225
2029	162
2030	267
2030	26
2030	213
2030	291
2030	323
2030	301
2030	242
2030	225
2031	267
2031	114
2031	26
2031	107
2031	291
2031	323
2031	242
2031	225
2032	114
2032	7
2032	262
2032	198
2032	2
2032	122
2032	242
2032	225
2033	267
2033	276
2033	209
2033	258
2033	291
2033	323
2033	242
2033	225
2034	267
2034	26
2034	146
2034	144
2034	291
2034	323
2034	122
2034	242
2034	225
2035	203
2035	114
2035	198
2035	106
2035	2
2035	122
2035	242
2035	225
2036	267
2036	114
2036	276
2036	102
2036	291
2036	323
2036	242
2036	225
2037	267
2037	114
2037	178
2037	291
2037	323
2037	242
2037	225
2038	203
2038	209
2038	258
2038	22
2038	291
2038	323
2038	122
2038	242
2038	225
2039	109
2039	114
2039	198
2039	2
2039	122
2039	242
2039	225
2040	132
2040	146
2040	291
2040	323
2040	242
2040	225
2041	267
2041	114
2041	178
2041	2
2041	291
2041	323
2041	242
2041	225
2042	114
2042	198
2042	237
2042	228
2042	2
2042	122
2042	242
2042	225
2043	114
2043	198
2043	237
2043	228
2043	2
2043	122
2043	242
2043	225
2044	114
2044	198
2044	2
2044	148
2044	122
2044	242
2044	225
2045	267
2045	107
2045	276
2045	21
2045	291
2045	225
2046	198
2046	26
2046	107
2046	2
2046	213
2046	122
2046	242
2046	225
2047	114
2047	198
2047	2
2047	150
2047	301
2047	225
2047	283
2047	241
2048	114
2048	327
2048	198
2048	2
2048	122
2048	242
2048	225
2049	267
2049	114
2049	26
2049	146
2049	291
2049	323
2049	242
2049	225
2050	114
2050	198
2050	14
2050	2
2050	258
2050	122
2050	242
2050	225
2051	267
2051	107
2051	10
2051	291
2051	225
2051	162
2052	270
2052	267
2052	114
2052	198
2052	2
2052	258
2052	323
2052	242
2052	225
2053	245
2053	114
2053	198
2053	122
2053	242
2053	225
2054	92
2054	267
2054	114
2054	219
2054	225
2055	203
2055	114
2055	198
2055	2
2055	122
2055	242
2055	225
2056	267
2056	114
2056	26
2056	146
2056	291
2056	323
2056	242
2056	225
2057	267
2057	114
2057	326
2057	272
2057	122
2057	242
2057	225
2058	267
2058	276
2058	209
2058	258
2058	291
2058	225
2059	114
2059	2
2059	144
2059	252
2059	242
2059	225
2060	267
2060	114
2060	198
2060	146
2060	216
2060	214
2060	242
2060	225
2061	339
2061	114
2061	198
2061	2
2061	122
2061	242
2061	225
2062	267
2062	114
2062	178
2062	291
2062	323
2062	225
2063	267
2063	114
2063	178
2063	258
2063	102
2063	291
2063	225
2064	198
2064	19
2064	242
2064	225
2065	114
2065	326
2065	198
2065	2
2065	146
2065	122
2065	242
2065	225
2066	270
2066	267
2066	114
2066	178
2066	146
2066	291
2066	225
2067	132
2067	267
2067	26
2067	291
2067	225
2068	132
2068	114
2068	198
2068	2
2068	122
2068	242
2068	225
2069	114
2069	178
2069	113
2069	156
2069	11
2069	225
2070	114
2070	115
2070	258
2070	337
2070	291
2070	225
2071	203
2071	198
2071	107
2071	106
2071	2
2071	122
2071	242
2071	225
2072	114
2072	26
2072	107
2072	291
2072	225
2073	326
2073	26
2073	288
2073	291
2073	225
2074	114
2074	198
2074	106
2074	2
2074	258
2074	337
2074	122
2074	242
2074	225
2075	168
2075	114
2075	198
2075	2
2075	122
2075	242
2075	225
2076	178
2076	326
2076	26
2076	107
2076	291
2076	242
2076	225
2077	114
2077	198
2077	2
2077	31
2077	302
2077	122
2077	242
2077	225
2078	267
2078	114
2078	262
2078	258
2078	291
2078	242
2078	225
2079	114
2079	198
2079	107
2079	2
2079	146
2079	122
2079	242
2079	225
2080	267
2080	107
2080	276
2080	102
2080	291
2080	225
2081	270
2081	114
2081	26
2081	258
2081	291
2081	323
2081	242
2081	225
2082	88
2082	114
2082	198
2082	2
2082	122
2082	242
2082	225
2083	267
2083	114
2083	198
2083	2
2083	102
2083	242
2083	225
2083	171
2084	114
2084	198
2084	106
2084	2
2084	150
2084	225
2084	283
2085	114
2085	219
2085	224
2085	198
2085	2
2085	122
2085	242
2085	225
2086	267
2086	109
2086	114
2086	31
2086	291
2086	242
2086	225
2087	267
2087	114
2087	198
2087	2
2087	258
2087	122
2087	242
2087	225
2088	114
2088	2
2088	272
2088	291
2088	242
2088	225
2089	203
2089	114
2089	198
2089	2
2089	31
2089	209
2089	122
2089	242
2089	225
2090	267
2090	195
2090	198
2090	106
2090	2
2090	276
2090	122
2090	242
2090	225
2091	267
2091	178
2091	26
2091	107
2091	291
2091	242
2091	225
2092	114
2092	198
2092	2
2092	272
2092	288
2092	122
2092	242
2092	225
2093	114
2093	326
2093	198
2093	2
2093	213
2093	10
2093	122
2093	242
2093	225
2094	114
2094	198
2094	2
2094	146
2094	10
2094	122
2094	242
2094	225
2095	114
2095	198
2095	107
2095	146
2095	10
2095	122
2095	242
2095	225
2096	313
2096	267
2096	114
2096	198
2096	337
2096	122
2096	242
2096	225
2097	109
2097	114
2097	198
2097	2
2097	337
2097	122
2097	242
2097	225
2098	114
2098	198
2098	2
2098	209
2098	150
2098	225
2098	283
2099	114
2099	192
2099	224
2099	198
2099	2
2099	122
2099	242
2099	225
2100	149
2100	114
2100	198
2100	2
2100	146
2100	122
2100	242
2100	225
2101	114
2101	198
2101	136
2101	2
2101	323
2101	122
2101	242
2101	225
2102	114
2102	198
2102	2
2102	288
2102	102
2102	122
2102	242
2102	225
2103	2
2104	267
2104	114
2104	198
2104	107
2104	2
2104	122
2104	242
2104	225
2105	267
2105	114
2105	198
2105	2
2105	122
2105	242
2105	225
2106	132
2106	114
2106	198
2106	2
2106	242
2106	225
2107	114
2107	198
2107	2
2107	146
2107	242
2107	225
2108	114
2108	198
2108	107
2108	2
2108	242
2108	225
2109	167
2109	114
2109	198
2109	2
2109	242
2109	225
2110	114
2110	178
2110	198
2110	136
2110	2
2110	19
2110	242
2110	225
2111	109
2111	114
2111	198
2111	2
2111	242
2111	225
2112	114
2112	198
2112	2
2112	250
2112	242
2112	225
2113	267
2113	114
2113	198
2113	2
2113	242
2113	225
2114	267
2114	114
2114	198
2114	2
2114	242
2114	225
2115	267
2115	114
2115	198
2115	2
2115	242
2115	225
2116	114
2116	300
2116	113
2116	291
2116	323
2116	242
2116	225
2117	195
2117	26
2117	21
2117	291
2117	323
2117	242
2117	225
2118	114
2118	113
2118	302
2118	291
2118	323
2118	242
2118	225
2119	203
2119	114
2119	146
2119	103
2119	242
2120	270
2120	114
2120	113
2120	291
2120	242
2120	225
2121	114
2121	113
2121	106
2121	291
2121	323
2121	242
2122	114
2122	300
2122	113
2122	291
2122	323
2122	242
2123	163
2123	264
2123	114
2123	300
2123	291
2123	242
2123	225
2123	32
2124	114
2124	113
2124	195
2124	291
2124	242
2124	225
2125	114
2125	113
2125	195
2125	291
2125	242
2126	114
2126	116
2126	291
2126	323
2126	242
2126	225
2126	85
2127	114
2127	113
2127	106
2127	291
2127	323
2127	242
2127	225
2128	114
2128	113
2128	230
2128	291
2128	323
2128	242
2129	163
2129	195
2129	230
2129	291
2129	323
2129	242
2129	225
2129	32
2130	276
2130	80
2130	291
2130	323
2130	242
2130	225
2130	85
2131	203
2131	264
2131	282
2131	230
2131	22
2131	225
2131	283
2131	241
2132	132
2132	26
2132	146
2132	148
2132	291
2132	323
2132	242
2132	225
2133	264
2133	114
2133	195
2133	230
2133	323
2133	242
2134	267
2134	203
2134	114
2134	115
2134	258
2134	291
2134	214
2134	242
2134	225
2135	163
2135	114
2135	300
2135	291
2135	323
2135	242
2135	225
2136	163
2136	148
2136	225
2136	317
2137	267
2137	203
2137	195
2137	209
2137	33
2137	291
2137	225
2138	114
2138	115
2138	106
2138	291
2138	323
2138	242
2138	225
2138	32
2139	109
2139	114
2139	230
2139	291
2139	323
2139	242
2140	104
2140	224
2140	228
2140	323
2140	242
2141	270
2141	267
2141	114
2141	230
2141	258
2141	291
2141	214
2141	225
2142	81
2142	114
2142	258
2142	291
2142	323
2142	225
2143	270
2143	163
2143	230
2143	291
2143	323
2143	225
2144	163
2144	114
2144	195
2144	291
2144	323
2144	242
2145	114
2145	113
2145	156
2145	291
2145	323
2145	242
2146	270
2146	114
2146	258
2146	242
2146	322
2146	240
2147	163
2147	264
2147	114
2147	113
2147	291
2147	323
2147	242
2147	225
2147	32
2148	163
2148	203
2148	114
2148	291
2148	323
2148	242
2149	163
2149	114
2149	230
2149	291
2149	323
2149	242
2150	114
2150	115
2150	106
2150	230
2150	291
2150	225
2151	163
2151	114
2151	230
2151	291
2151	323
2151	242
2152	114
2152	276
2152	323
2152	242
2153	163
2153	264
2153	195
2153	291
2153	323
2153	242
2154	203
2154	114
2154	195
2154	258
2154	291
2154	214
2154	225
2155	270
2155	114
2155	178
2155	258
2155	291
2155	225
2156	92
2156	151
2156	114
2156	291
2156	323
2156	242
2157	151
2157	104
2157	316
2157	230
2157	291
2157	323
2157	242
2157	225
2158	127
2158	270
2158	114
2158	198
2158	288
2158	320
2158	242
2159	163
2159	113
2159	115
2159	291
2159	323
2159	242
2159	225
2159	32
2160	114
2160	266
2160	230
2160	291
2160	323
2160	242
2161	264
2161	114
2161	323
2161	242
2162	264
2162	282
2162	114
2162	242
2163	167
2163	114
2163	101
2163	198
2163	106
2163	242
2164	163
2164	114
2164	195
2164	106
2164	323
2164	242
2165	114
2165	197
2165	198
2165	276
2165	258
2165	216
2165	242
2166	264
2166	114
2166	148
2166	242
2167	163
2167	114
2167	230
2167	291
2167	323
2167	242
2168	264
2168	114
2168	230
2168	146
2168	323
2168	242
2169	264
2169	114
2169	323
2169	242
2170	114
2170	326
2170	252
2170	291
2170	323
2170	242
2171	264
2171	114
2171	237
2171	302
2171	87
2171	230
2171	226
2171	323
2171	242
2172	195
2172	112
2172	148
2172	242
2172	317
2173	264
2173	116
2173	237
2173	230
2173	323
2173	242
2174	270
2174	114
2174	178
2174	291
2174	323
2174	242
2175	264
2175	224
2175	87
2175	230
2175	323
2175	242
2176	310
2176	114
2176	291
2176	323
2176	242
2177	228
2177	102
2177	250
2177	291
2177	323
2177	242
2178	109
2178	114
2178	115
2178	258
2178	291
2178	242
2179	270
2179	264
2179	114
2179	115
2179	237
2179	228
2179	230
2179	258
2179	291
2179	323
2179	207
2179	242
2180	81
2180	114
2180	302
2180	258
2180	291
2180	242
2181	30
2181	291
2181	323
2181	242
2181	5
2182	264
2182	114
2182	115
2182	156
2182	26
2182	237
2182	228
2182	230
2182	291
2182	323
2182	242
2183	270
2183	114
2183	115
2183	230
2183	291
2183	323
2183	242
2184	81
2184	114
2184	17
2184	276
2184	258
2184	242
2185	114
2185	115
2185	258
2185	252
2185	291
2185	323
2185	242
2186	151
2186	114
2186	230
2186	291
2186	323
2186	242
2187	270
2187	114
2187	230
2187	291
2187	323
2187	242
2188	109
2188	106
2188	150
2188	323
2188	242
2189	230
2189	144
2189	291
2189	323
2189	242
2190	163
2190	264
2190	114
2190	242
2191	230
2191	288
2191	291
2191	225
2192	114
2192	178
2192	230
2192	291
2192	323
2192	242
2193	164
2193	88
2193	95
2193	291
2193	323
2193	242
2194	109
2194	198
2194	106
2194	230
2194	150
2194	242
2195	132
2195	148
2195	323
2195	242
2196	245
2196	114
2196	148
2196	242
2197	195
2197	86
2197	150
2197	33
2197	242
2198	163
2198	114
2198	300
2198	291
2198	323
2198	242
2199	264
2199	114
2199	342
2199	87
2199	230
2199	323
2199	242
2200	149
2200	264
2200	282
2200	228
2200	291
2200	323
2200	242
2201	114
2201	104
2201	223
2201	224
2201	198
2201	258
2201	242
2202	280
2202	180
2202	104
2202	331
2202	148
2202	242
2203	182
2203	270
2203	151
2203	114
2203	242
2204	132
2204	114
2204	91
2204	226
2204	148
2204	140
2204	242
2205	95
2205	114
2205	104
2205	198
2205	17
2205	226
2205	242
2206	81
2206	114
2206	327
2206	115
2206	258
2206	242
2207	109
2207	114
2207	198
2207	106
2207	230
2207	242
2208	203
2208	264
2208	114
2208	195
2208	198
2208	230
2208	242
2208	32
2209	264
2209	282
2209	114
2209	230
2209	291
2209	323
2209	242
2210	114
2210	230
2210	258
2210	144
2210	252
2210	242
2211	149
2211	203
2211	114
2211	319
2211	198
2211	119
2211	242
2211	317
2212	163
2212	151
2212	264
2212	114
2212	198
2212	258
2212	214
2212	242
2212	225
2213	156
2213	230
2213	288
2213	291
2213	242
2214	97
2214	81
2214	114
2214	219
2214	228
2214	276
2214	242
2215	277
2215	114
2215	115
2215	228
2215	242
2216	114
2216	198
2216	11
2216	6
2216	33
2216	242
2217	264
2217	104
2217	331
2217	107
2217	86
2217	242
2218	114
2218	115
2218	198
2218	230
2218	258
2218	242
2219	76
2219	30
2219	198
2219	228
2219	148
2219	140
2219	242
2220	310
2220	264
2220	114
2220	198
2220	228
2220	230
2220	242
2221	270
2221	114
2221	104
2221	228
2221	258
2221	242
2222	339
2222	114
2222	198
2222	228
2222	230
2222	144
2222	242
2223	114
2223	230
2223	258
2223	144
2223	291
2223	323
2223	242
2223	317
2224	168
2224	114
2224	178
2224	230
2224	144
2225	151
2225	114
2225	157
2225	291
2225	242
2226	88
2226	146
2226	86
2226	291
2226	323
2226	242
2227	149
2227	114
2227	198
2227	230
2227	258
2227	242
2228	149
2228	113
2228	198
2228	148
2228	140
2228	242
2228	317
2229	127
2229	104
2229	331
2229	26
2229	146
2229	320
2229	242
2230	264
2230	237
2230	302
2230	87
2230	226
2230	242
2231	149
2231	264
2231	114
2231	319
2231	198
2231	237
2231	228
2231	242
2232	270
2232	114
2232	230
2232	291
2232	242
2233	114
2233	104
2233	106
2233	276
2233	258
2233	242
2234	280
2234	316
2234	2
2234	144
2234	242
2235	114
2235	276
2235	258
2235	242
2236	74
2236	157
2236	230
2236	144
2237	264
2237	224
2237	198
2237	87
2237	230
2237	242
2238	127
2238	270
2238	157
2238	230
2239	114
2239	115
2239	323
2239	242
2240	264
2240	114
2240	230
2241	88
2241	264
2241	114
2241	104
2241	198
2241	228
2241	242
2242	132
2242	87
2242	230
2242	291
2242	323
2242	242
2243	264
2243	114
2243	242
2244	109
2244	114
2244	230
2244	283
2245	132
2245	114
2245	198
2245	230
2245	146
2245	258
2245	242
2246	26
2246	230
2246	144
2246	291
2246	323
2246	242
2247	132
2247	26
2247	146
2247	21
2247	291
2247	323
2247	242
2248	95
2248	114
2248	223
2248	198
2248	230
2248	242
2248	225
2249	264
2249	114
2249	198
2249	31
2249	230
2249	144
2249	242
2250	132
2250	245
2250	21
2250	291
2250	323
2250	242
2251	310
2251	114
2251	342
2251	104
2251	198
2251	258
2251	242
2252	114
2252	115
2252	258
2252	291
2252	323
2252	242
2252	225
2253	95
2253	114
2253	258
2253	150
2253	252
2253	214
2253	242
2253	225
2254	203
2254	114
2254	258
2254	291
2254	242
2255	316
2255	242
2256	81
2256	114
2256	178
2256	104
2256	331
2256	242
2257	282
2257	116
2257	104
2257	198
2257	228
2257	242
2258	334
2258	267
2258	307
2258	291
2258	323
2258	242
2259	114
2259	326
2259	115
2259	224
2259	198
2259	242
2260	267
2260	114
2260	230
2260	291
2260	323
2260	242
2261	264
2261	114
2261	104
2261	198
2261	228
2261	242
2262	109
2262	264
2262	114
2262	258
2262	144
2262	291
2262	242
2263	270
2263	114
2263	115
2263	86
2263	291
2263	323
2263	242
2264	114
2264	26
2264	144
2264	150
2264	252
2264	291
2264	323
2264	242
2265	325
2265	97
2265	284
2265	228
2265	242
2266	132
2266	149
2266	26
2266	86
2266	148
2266	291
2266	323
2266	242
2267	339
2267	114
2267	116
2267	104
2267	198
2267	237
2267	242
2268	267
2268	276
2268	209
2268	102
2268	291
2268	225
2269	270
2269	114
2269	115
2269	258
2269	291
2269	323
2269	242
2270	26
2270	276
2270	142
2270	258
2270	148
2270	291
2270	323
2270	242
2271	267
2271	291
2271	323
2271	242
2272	163
2272	264
2272	282
2272	114
2272	198
2272	230
2272	10
2272	242
2273	264
2273	237
2273	230
2273	285
2273	344
2274	114
2274	326
2274	230
2274	150
2274	252
2274	242
2274	225
2275	132
2275	203
2275	26
2275	230
2275	146
2275	291
2275	323
2275	242
2276	114
2276	326
2276	230
2276	150
2276	252
2276	242
2276	225
2277	132
2277	88
2277	114
2277	104
2277	198
2277	230
2277	253
2277	146
2277	242
2278	167
2278	114
2278	195
2278	150
2278	214
2278	242
2278	225
2279	339
2279	114
2279	104
2279	224
2279	198
2279	230
2279	144
2279	216
2279	242
2280	134
2280	114
2280	198
2280	230
2280	144
2280	213
2280	214
2280	242
2280	225
2281	114
2281	198
2281	107
2281	106
2281	146
2281	102
2281	242
2282	245
2282	114
2282	198
2282	230
2282	258
2282	242
2283	114
2283	342
2283	198
2283	228
2283	258
2283	242
2283	225
2284	264
2284	282
2284	114
2284	198
2284	228
2284	242
2285	132
2285	114
2285	91
2285	198
2285	96
2285	242
2286	167
2286	190
2286	104
2286	80
2286	146
2286	242
2287	114
2287	136
2287	291
2287	225
2288	149
2288	114
2288	259
2288	198
2288	237
2288	230
2288	214
2288	242
2288	225
2289	132
2289	114
2289	30
2289	198
2289	146
2289	86
2289	148
2289	242
2290	114
2290	306
2290	198
2290	230
2290	258
2290	242
2291	109
2291	114
2291	104
2291	331
2291	337
2291	242
2292	114
2292	195
2292	198
2292	22
2292	242
2293	88
2293	114
2293	111
2293	104
2293	198
2293	242
2294	182
2294	167
2294	114
2294	198
2294	276
2294	258
2294	242
2295	118
2295	114
2295	116
2295	198
2295	228
2295	242
2296	163
2296	72
2296	264
2296	116
2296	198
2296	230
2296	242
2297	132
2297	167
2297	114
2297	104
2297	198
2297	242
2298	163
2298	72
2298	264
2298	116
2298	198
2298	230
2298	242
2299	270
2299	114
2299	115
2299	258
2299	144
2299	242
2299	225
2300	132
2300	224
2300	198
2300	146
2300	144
2300	242
2301	81
2301	114
2301	198
2301	230
2301	258
2301	225
2301	171
2302	163
2302	264
2302	327
2302	198
2302	230
2302	242
2303	114
2303	198
2303	107
2303	288
2303	142
2303	102
2303	242
2304	264
2304	114
2304	195
2304	198
2304	228
2304	242
2305	245
2305	149
2305	163
2305	264
2305	114
2305	198
2305	214
2305	242
2305	225
2306	114
2306	178
2306	326
2306	230
2306	252
2306	242
2306	225
2307	149
2307	114
2307	219
2307	198
2307	302
2307	293
2307	214
2307	242
2307	225
2308	163
2308	203
2308	264
2308	114
2308	198
2308	230
2308	242
2309	81
2309	114
2309	198
2309	14
2309	230
2309	258
2309	242
2309	225
2310	81
2310	114
2310	104
2310	316
2310	302
2310	242
2311	132
2311	108
2311	201
2311	95
2311	81
2311	114
2311	198
2311	155
2311	230
2311	96
2311	22
2311	242
2312	163
2312	121
2312	109
2312	264
2312	114
2312	214
2313	114
2313	257
2313	104
2313	115
2313	198
2313	258
2313	242
2314	245
2314	149
2314	114
2314	198
2314	144
2314	150
2314	214
2314	242
2314	225
2315	267
2315	81
2315	230
2315	146
2315	22
2315	225
2316	267
2316	114
2316	198
2316	26
2316	258
2316	242
2316	225
2317	203
2317	114
2317	198
2317	106
2317	258
2317	22
2317	242
2317	225
2318	163
2318	264
2318	114
2318	198
2318	237
2318	214
2318	242
2318	225
2319	114
2319	331
2319	237
2319	144
2319	332
2319	242
2319	225
2320	245
2320	298
2320	198
2320	242
2320	225
2321	203
2321	114
2321	326
2321	198
2321	230
2321	258
2321	242
2321	225
2322	114
2322	230
2322	288
2322	258
2322	33
2322	242
2322	225
2323	203
2323	114
2323	198
2323	230
2323	258
2323	103
2323	242
2323	225
2324	203
2324	114
2324	198
2324	155
2324	106
2324	230
2324	242
2324	225
2325	114
2325	198
2325	136
2325	258
2325	22
2325	214
2325	242
2325	225
2326	132
2326	114
2326	30
2326	198
2326	148
2326	214
2326	242
2326	225
2327	267
2327	114
2327	198
2327	230
2327	22
2327	242
2327	225
2328	203
2328	81
2328	114
2328	198
2328	230
2328	242
2328	225
2329	114
2329	198
2329	136
2329	258
2329	22
2329	214
2329	242
2329	225
2330	114
2330	198
2330	107
2330	258
2330	214
2330	242
2330	225
2331	114
2331	198
2331	230
2331	209
2331	258
2331	242
2331	225
2332	245
2332	270
2332	198
2332	250
2332	122
2332	242
2332	225
2333	114
2333	198
2333	323
2333	242
2333	225
2333	171
2334	267
2334	114
2334	319
2334	198
2334	26
2334	122
2334	242
2334	225
2335	114
2335	112
2335	198
2335	26
2335	80
2335	122
2335	242
2335	225
2336	270
2336	151
2336	114
2336	198
2336	122
2336	242
2336	225
2337	127
2337	203
2337	114
2337	224
2337	198
2337	26
2337	122
2337	242
2337	225
2338	114
2338	198
2338	258
2338	150
2338	122
2338	242
2338	225
2339	114
2339	198
2339	242
2339	225
2339	171
2340	114
2340	198
2340	146
2340	242
2340	225
2341	114
2341	224
2341	198
2341	250
2341	242
2341	225
2342	114
2342	198
2342	142
2342	242
2342	225
2344	114
2344	91
2344	198
2344	146
2344	144
2344	21
2344	122
2344	242
2344	225
2345	267
2345	114
2345	198
2345	26
2345	146
2345	242
2345	225
2346	114
2346	198
2346	26
2346	258
2346	242
2346	225
2347	114
2347	91
2347	296
2347	198
2347	136
2347	242
2347	225
2348	114
2348	198
2348	144
2348	349
2349	114
2349	224
2349	198
2349	242
2349	225
2350	151
2350	267
2350	114
2350	198
2350	136
2350	242
2350	225
2351	109
2351	114
2351	198
2351	230
2351	242
2352	267
2352	114
2352	198
2352	242
2352	225
2353	114
2353	198
2353	258
2353	214
2353	242
2354	114
2354	115
2354	198
2354	258
2354	214
2354	242
2355	114
2355	198
2355	242
2355	171
2356	114
2356	342
2356	198
2356	242
2357	267
2357	114
2357	198
2357	230
2357	144
2357	242
2358	114
2358	307
2358	198
2358	242
2359	19
2359	348
2360	109
2360	114
2360	198
2360	258
2360	242
2361	114
2361	198
2361	146
2361	242
2362	109
2362	114
2362	198
2362	258
2362	242
2363	100
2363	167
2363	198
2363	136
2363	144
2363	242
2364	114
2364	198
2364	144
2364	242
2365	114
2365	198
2365	106
2365	215
2365	242
2366	114
2366	230
2366	148
2366	291
2366	242
2366	225
2366	336
2367	163
2367	114
2367	300
2367	291
2367	323
2367	242
2367	225
2368	203
2368	113
2368	156
2368	103
2368	291
2368	242
2368	225
2369	264
2369	114
2369	113
2369	195
2369	291
2369	323
2369	242
2370	264
2370	114
2370	300
2370	113
2370	198
2370	230
2370	225
2371	114
2371	106
2371	146
2371	242
2371	225
2371	255
2371	5
2372	264
2372	114
2372	219
2372	31
2372	302
2372	337
2372	242
2372	317
2373	203
2373	113
2373	156
2373	291
2373	242
2373	225
2374	163
2374	114
2374	113
2374	291
2374	323
2374	242
2374	225
2374	32
2375	203
2375	276
2375	22
2375	291
2375	323
2375	242
2375	225
2376	114
2376	300
2376	113
2376	291
2376	323
2376	242
2376	225
2376	317
2377	114
2377	331
2377	146
2377	332
2377	323
2377	242
2377	225
2377	5
2378	132
2378	114
2378	148
2378	323
2378	242
2378	225
2378	171
2379	114
2379	113
2379	337
2379	291
2379	323
2379	242
2380	270
2380	203
2380	264
2380	291
2380	323
2380	242
2380	225
2381	114
2381	115
2381	258
2381	144
2381	252
2381	242
2381	225
2382	163
2382	264
2382	87
2382	291
2382	323
2382	242
2383	163
2383	300
2383	112
2383	291
2383	323
2383	242
2383	225
2383	32
2384	203
2384	114
2384	113
2384	291
2384	242
2384	225
2385	114
2385	300
2385	291
2385	323
2385	207
2385	242
2385	225
2385	317
2386	114
2386	130
2386	230
2386	242
2386	225
2386	5
2387	245
2387	108
2387	163
2387	140
2387	225
2387	5
2388	267
2388	114
2388	276
2388	258
2388	323
2388	242
2388	225
2389	114
2389	144
2389	291
2389	225
2390	132
2390	253
2390	216
2390	291
2390	323
2390	242
2390	225
2391	264
2391	114
2391	237
2391	302
2391	337
2391	323
2391	242
2392	163
2392	264
2392	228
2392	291
2392	323
2392	225
2393	264
2393	198
2393	237
2393	228
2393	291
2393	323
2393	207
2393	242
2394	114
2394	331
2394	146
2394	332
2394	216
2394	225
2395	163
2395	114
2395	223
2395	209
2395	258
2396	163
2396	264
2396	230
2396	291
2396	323
2396	242
2396	225
2396	32
2397	264
2397	114
2397	113
2397	198
2397	228
2397	230
2397	323
2397	242
2397	225
2398	163
2398	114
2398	11
2398	80
2398	225
2398	5
2399	114
2399	113
2399	106
2399	291
2399	323
2399	242
2399	225
2400	163
2400	114
2400	113
2400	291
2400	323
2400	242
2400	225
2400	32
2401	203
2401	114
2401	22
2401	33
2401	225
2402	113
2402	26
2402	80
2402	207
2402	225
2402	5
2403	114
2403	300
2403	113
2403	291
2403	323
2403	225
2403	317
2404	237
2404	228
2404	144
2404	291
2404	225
2405	264
2405	282
2405	237
2405	228
2405	291
2405	323
2406	114
2406	300
2406	115
2406	258
2406	291
2406	242
2406	225
2407	182
2407	114
2407	300
2407	113
2407	87
2407	230
2407	258
2407	144
2407	252
2407	207
2407	242
2408	114
2408	276
2408	102
2408	291
2408	242
2408	225
2409	163
2409	264
2409	276
2409	102
2409	291
2409	242
2409	225
2410	149
2410	114
2410	113
2410	216
2410	225
2411	149
2411	264
2411	114
2411	219
2411	198
2411	230
2411	242
2411	225
2412	113
2412	198
2412	230
2412	226
2412	207
2412	225
2412	5
2413	264
2413	282
2413	198
2413	185
2413	237
2413	207
2413	242
2413	225
2414	81
2414	198
2414	230
2414	250
2414	207
2414	242
2414	225
2414	317
2415	203
2415	264
2415	114
2415	300
2415	198
2415	228
2415	230
2415	226
2415	207
2415	242
2415	324
2416	80
2416	146
2416	86
2416	22
2416	225
2416	5
2417	203
2417	114
2417	230
2417	144
2417	252
2417	291
2417	242
2417	225
2418	264
2418	282
2418	114
2418	224
2418	198
2418	230
2418	242
2418	225
2419	264
2419	282
2419	113
2419	198
2419	237
2419	207
2419	242
2419	225
2420	118
2420	114
2420	113
2420	198
2420	242
2420	171
2421	81
2421	114
2421	198
2421	230
2421	250
2421	242
2421	225
2421	317
2422	132
2422	300
2422	198
2422	230
2422	144
2422	21
2422	225
2423	163
2423	114
2423	178
2423	291
2423	323
2423	242
2423	225
2424	95
2424	114
2424	178
2424	291
2424	323
2424	242
2424	225
2425	145
2425	245
2425	108
2425	140
2425	225
2425	5
2426	163
2426	26
2426	80
2426	22
2426	225
2426	5
2427	264
2427	113
2427	291
2427	323
2427	242
2427	225
2427	32
2428	264
2428	198
2428	107
2428	237
2428	213
2428	207
2428	242
2428	225
2429	114
2429	300
2429	113
2429	198
2429	87
2429	230
2429	258
2429	102
2429	242
2430	163
2430	114
2430	230
2430	291
2430	242
2431	114
2431	113
2431	198
2431	230
2431	250
2431	242
2431	225
2431	317
2432	114
2432	113
2432	291
2432	323
2432	242
2432	255
2433	163
2433	261
2433	26
2433	80
2433	225
2433	5
2434	264
2434	114
2434	178
2434	291
2434	323
2434	242
2434	225
2435	264
2435	114
2435	113
2435	198
2435	237
2435	230
2435	242
2435	225
2436	163
2436	114
2436	327
2436	198
2436	26
2436	225
2436	5
2437	163
2437	264
2437	114
2437	198
2437	237
2437	230
2437	242
2437	225
2438	264
2438	113
2438	198
2438	237
2438	207
2438	242
2438	225
2439	118
2439	163
2439	114
2439	198
2439	237
2439	230
2439	242
2439	225
2440	114
2440	7
2440	195
2440	156
2440	112
2441	163
2441	11
2441	80
2441	146
2441	225
2441	5
2442	163
2442	113
2442	80
2442	22
2442	225
2442	5
2443	163
2443	114
2443	224
2443	198
2443	99
2443	225
2443	5
2444	264
2444	113
2444	198
2444	237
2444	207
2444	242
2444	225
2445	163
2445	114
2445	113
2445	291
2445	323
2445	242
2445	225
2445	32
2446	114
2446	113
2446	115
2446	198
2446	230
2446	250
2446	225
2446	317
2447	276
2447	86
2447	258
2447	337
2447	323
2447	242
2447	225
2448	149
2448	163
2448	224
2448	80
2448	225
2448	5
2449	114
2449	106
2449	258
2449	144
2449	252
2449	291
2449	242
2449	225
2450	264
2450	198
2450	237
2450	213
2450	207
2450	242
2450	225
2451	203
2451	114
2451	230
2451	291
2451	323
2451	242
2451	225
2452	163
2452	114
2452	80
2452	22
2452	225
2452	5
2453	203
2453	114
2453	258
2453	291
2453	323
2453	242
2454	264
2454	114
2454	230
2454	291
2454	323
2454	225
2455	203
2455	114
2455	300
2455	113
2455	198
2455	242
2455	225
2455	324
2456	270
2456	267
2456	114
2456	230
2456	250
2457	114
2457	113
2457	224
2457	198
2457	230
2457	250
2457	242
2457	225
2457	317
2458	163
2458	203
2458	114
2458	80
2458	22
2458	242
2458	225
2458	324
2459	264
2459	114
2459	219
2459	198
2459	237
2459	230
2459	242
2459	225
2460	163
2460	114
2460	300
2460	113
2460	323
2460	242
2460	225
2461	339
2461	264
2461	114
2461	116
2461	230
2461	291
2461	323
2461	242
2461	249
2461	324
2462	270
2462	114
2462	266
2462	195
2462	112
2462	323
2462	242
2463	118
2463	203
2463	116
2463	291
2463	323
2463	242
2463	225
2463	32
2464	88
2464	114
2464	155
2464	291
2464	323
2464	242
2464	225
2465	264
2465	282
2465	114
2465	198
2465	237
2465	228
2465	242
2466	230
2466	276
2466	250
2466	291
2466	242
2467	114
2467	326
2467	230
2467	144
2467	323
2467	242
2468	114
2468	224
2468	198
2468	230
2468	250
2468	242
2468	225
2468	317
2469	203
2469	114
2469	198
2469	272
2469	288
2469	102
2469	242
2470	203
2470	264
2470	114
2470	113
2470	198
2470	22
2470	242
2470	225
2470	324
2471	114
2471	26
2471	144
2471	242
2471	225
2471	34
2472	114
2472	113
2472	115
2472	337
2472	291
2472	242
2472	225
2473	264
2473	114
2473	113
2473	198
2473	237
2473	230
2473	242
2473	225
2474	163
2474	114
2474	230
2474	291
2474	323
2474	242
2474	225
2474	32
2475	264
2475	113
2475	198
2475	237
2475	207
2475	242
2475	225
2476	203
2476	114
2476	198
2476	276
2476	80
2476	22
2476	242
2476	225
2477	163
2477	114
2477	113
2477	198
2477	230
2477	250
2477	242
2477	225
2477	317
2478	267
2478	114
2478	195
2478	276
2478	258
2478	150
2478	225
2478	283
2478	241
2479	163
2479	264
2479	87
2479	230
2479	144
2479	323
2479	242
2480	132
2480	114
2480	300
2480	113
2480	198
2480	242
2480	225
2480	324
2481	163
2481	195
2481	112
2481	11
2481	323
2481	242
2481	225
2482	163
2482	151
2482	264
2482	114
2482	198
2482	214
2482	242
2482	225
2482	89
2483	114
2483	265
2483	230
2483	276
2483	250
2483	323
2483	242
2484	163
2484	114
2484	230
2484	291
2484	323
2484	242
2484	225
2484	32
2485	114
2485	265
2485	113
2485	104
2485	112
2485	242
2486	95
2486	114
2486	113
2486	198
2486	230
2486	276
2486	242
2487	113
2487	156
2487	291
2487	242
2487	225
2488	264
2488	114
2488	219
2488	198
2488	237
2488	230
2488	242
2488	225
2489	203
2489	114
2489	230
2489	252
2489	291
2489	242
2489	225
2490	163
2490	114
2490	113
2490	198
2490	228
2490	207
2490	242
2490	225
2490	324
2491	114
2491	300
2491	113
2491	291
2491	323
2491	242
2491	225
2491	317
2492	203
2492	114
2492	208
2492	115
2492	22
2492	337
2492	225
2492	283
2492	241
2492	79
2493	114
2493	198
2493	99
2493	230
2493	146
2493	102
2493	250
2493	225
2493	283
2493	241
2494	163
2494	114
2494	276
2494	291
2494	323
2494	242
2494	225
2494	32
2495	163
2495	114
2495	113
2495	291
2495	323
2495	242
2495	225
2496	264
2496	113
2496	198
2496	237
2496	213
2496	207
2496	242
2496	225
2497	267
2497	114
2497	230
2497	291
2497	242
2497	225
2497	5
2498	114
2498	265
2498	112
2498	80
2498	242
2499	114
2499	300
2499	113
2499	198
2499	258
2499	337
2499	242
2500	264
2500	114
2500	148
2500	291
2500	323
2500	242
2500	225
2501	270
2501	114
2501	224
2501	230
2501	250
2502	163
2502	80
2502	216
2502	291
2502	323
2502	242
2503	203
2503	114
2503	300
2503	291
2503	323
2503	242
2503	225
2504	264
2504	114
2504	113
2504	198
2504	237
2504	230
2504	242
2504	225
2505	163
2505	114
2505	314
2505	230
2505	291
2505	323
2505	242
2506	81
2506	114
2506	232
2506	291
2506	345
2506	353
2507	163
2507	116
2507	276
2507	291
2507	323
2507	242
2507	225
2508	163
2508	264
2508	113
2508	198
2508	237
2508	207
2508	242
2508	225
2509	203
2509	264
2509	114
2509	300
2509	230
2509	242
2509	225
2510	203
2510	114
2510	230
2510	258
2510	252
2510	242
2510	225
2511	326
2511	198
2511	291
2511	323
2511	360
2511	242
2512	114
2512	300
2512	113
2512	258
2512	291
2512	323
2512	242
2512	225
2513	264
2513	113
2513	116
2513	198
2513	237
2513	213
2513	242
2513	225
2514	339
2514	264
2514	282
2514	114
2514	230
2514	291
2514	323
2514	242
2514	324
2515	114
2515	300
2515	198
2515	136
2515	230
2515	250
2515	242
2515	225
2515	317
2516	264
2516	114
2516	198
2516	237
2516	228
2516	230
2516	242
2517	114
2517	198
2517	155
2517	228
2517	230
2517	242
2517	225
2517	83
2518	264
2518	113
2518	198
2518	26
2518	237
2518	207
2518	242
2518	225
2519	113
2519	156
2519	198
2519	230
2519	258
2519	103
2519	242
2520	163
2520	326
2520	224
2520	26
2520	144
2520	242
2520	225
2520	324
2521	163
2521	114
2521	106
2521	291
2521	323
2521	242
2522	114
2522	113
2522	198
2522	26
2522	323
2522	242
2522	225
2522	171
2523	264
2523	282
2523	198
2523	237
2523	228
2523	230
2523	214
2523	242
2523	225
2523	324
2524	108
2524	163
2524	203
2524	114
2524	198
2524	230
2524	242
2524	225
2525	163
2525	300
2525	115
2525	291
2525	323
2525	242
2525	225
2526	264
2526	113
2526	198
2526	237
2526	213
2526	207
2526	242
2526	225
2527	163
2527	264
2527	116
2527	87
2527	230
2527	323
2527	242
2528	270
2528	163
2528	114
2528	327
2528	115
2528	195
2528	80
2528	86
2528	150
2528	291
2528	242
2528	225
2528	324
2529	132
2529	127
2529	163
2529	114
2529	113
2529	331
2529	259
2529	80
2529	86
2529	332
2529	242
2529	225
2529	324
2530	163
2530	114
2530	195
2530	291
2530	323
2530	242
2531	264
2531	114
2531	113
2531	219
2531	198
2531	230
2531	242
2531	225
2532	203
2532	264
2532	113
2532	198
2532	237
2532	207
2532	242
2532	225
2533	81
2533	224
2533	230
2533	150
2534	114
2534	266
2534	104
2534	195
2534	112
2534	242
2535	118
2535	163
2535	264
2535	116
2535	198
2535	214
2535	242
2535	225
2535	324
2536	114
2536	230
2536	291
2536	242
2536	225
2536	239
2536	240
2537	264
2537	106
2537	150
2537	291
2537	323
2537	242
2537	225
2538	264
2538	114
2538	113
2538	219
2538	198
2538	230
2538	242
2538	225
2539	270
2539	163
2539	114
2539	113
2539	253
2539	80
2539	338
2539	150
2539	216
2539	242
2539	225
2539	211
2539	324
2540	264
2540	198
2540	99
2540	26
2540	237
2540	213
2540	242
2540	225
2541	114
2541	113
2541	156
2541	198
2541	106
2541	31
2541	242
2541	317
2542	114
2542	300
2542	113
2542	198
2542	230
2542	242
2542	225
2542	317
2543	264
2543	114
2543	113
2543	198
2543	237
2543	230
2543	242
2543	225
2544	114
2544	337
2544	291
2544	242
2545	203
2545	114
2545	115
2545	195
2545	80
2545	242
2545	225
2546	163
2546	113
2546	198
2546	237
2546	213
2546	207
2546	242
2546	225
2547	163
2547	264
2547	282
2547	116
2547	198
2547	237
2547	242
2548	163
2548	114
2548	113
2548	228
2548	258
2548	242
2548	225
2548	324
2549	264
2549	114
2549	113
2549	198
2549	230
2549	242
2549	225
2550	163
2550	113
2550	291
2550	323
2550	242
2551	163
2551	264
2551	198
2551	237
2551	207
2551	242
2551	225
2552	264
2552	114
2552	198
2552	230
2552	80
2552	242
2553	264
2553	114
2553	198
2553	237
2553	230
2553	242
2553	225
2554	72
2554	114
2554	14
2554	237
2554	144
2554	242
2554	225
2555	163
2555	114
2555	113
2555	331
2555	332
2555	242
2555	225
2555	324
2556	114
2556	113
2556	198
2556	276
2556	258
2556	250
2556	242
2557	264
2557	282
2557	237
2557	230
2557	291
2557	225
2558	114
2558	326
2558	198
2558	288
2558	242
2558	356
2559	163
2559	198
2559	237
2559	213
2559	207
2559	242
2559	225
2560	163
2560	264
2560	116
2560	198
2560	230
2560	242
2560	324
2561	114
2561	113
2561	104
2561	219
2561	198
2561	147
2561	242
2562	114
2562	113
2562	198
2562	258
2562	250
2562	242
2562	324
2563	163
2563	151
2563	203
2563	114
2563	198
2563	22
2563	242
2563	225
2563	324
2564	264
2564	276
2564	150
2564	291
2564	323
2564	225
2565	88
2565	113
2565	198
2565	26
2565	237
2565	207
2565	242
2565	225
2566	109
2566	114
2566	300
2566	198
2566	230
2566	258
2566	242
2567	163
2567	114
2567	113
2567	291
2567	323
2567	242
2568	163
2568	114
2568	113
2568	80
2568	225
2568	211
2569	314
2569	155
2569	144
2569	291
2569	323
2569	242
2569	225
2570	163
2570	114
2570	300
2570	113
2570	323
2570	242
2570	225
2570	32
2571	163
2571	113
2571	198
2571	237
2571	207
2571	242
2571	225
2572	156
2572	106
2572	291
2572	225
2573	267
2573	203
2573	209
2573	291
2573	225
2573	78
2574	118
2574	163
2574	114
2574	116
2574	291
2574	323
2574	242
2575	114
2575	113
2575	198
2575	230
2575	323
2575	242
2575	171
2576	264
2576	114
2576	219
2576	198
2576	237
2576	230
2576	242
2576	225
2577	264
2577	114
2577	230
2577	291
2577	323
2577	225
2578	114
2578	106
2578	291
2578	323
2578	242
2578	225
2578	255
2579	163
2579	198
2579	26
2579	237
2579	207
2579	242
2579	225
2580	251
2580	163
2580	264
2580	116
2580	198
2580	242
2581	203
2581	265
2581	230
2581	337
2581	291
2581	323
2581	242
2582	264
2582	114
2582	113
2582	219
2582	198
2582	230
2582	242
2582	225
2583	163
2583	203
2583	198
2583	237
2583	207
2583	242
2583	225
2584	114
2584	113
2584	198
2584	237
2584	230
2584	242
2584	225
2585	118
2585	163
2585	264
2585	116
2585	198
2585	230
2585	242
2586	114
2586	224
2586	198
2586	230
2586	250
2586	242
2586	225
2586	317
2587	163
2587	198
2587	237
2587	213
2587	207
2587	242
2587	225
2588	163
2588	114
2588	230
2588	291
2588	323
2588	242
2589	92
2589	163
2589	114
2589	198
2589	230
2589	242
2589	225
2590	163
2590	264
2590	276
2590	291
2590	323
2590	242
2590	225
2590	32
2591	114
2591	326
2591	230
2591	258
2591	252
2591	291
2591	225
2592	264
2592	282
2592	198
2592	237
2592	242
2592	304
2593	163
2593	114
2593	113
2593	198
2593	237
2593	207
2593	242
2593	225
2594	145
2594	108
2594	148
2594	140
2594	291
2594	242
2594	225
2595	163
2595	114
2595	224
2595	198
2595	225
2595	238
2596	132
2596	163
2596	80
2596	146
2596	86
2596	225
2597	198
2597	185
2597	19
2597	242
2598	203
2598	114
2598	113
2598	198
2598	230
2598	242
2598	225
2598	34
2599	270
2599	203
2599	209
2599	258
2599	6
2599	242
2600	163
2600	113
2600	198
2600	237
2600	207
2600	242
2600	225
2601	118
2601	264
2601	116
2601	223
2601	198
2601	242
2602	163
2602	114
2602	331
2602	107
2602	332
2602	225
2603	114
2603	198
2603	14
2603	230
2603	258
2603	144
2603	242
2604	114
2604	115
2604	258
2604	337
2604	10
2604	323
2604	242
2605	203
2605	114
2605	26
2605	31
2605	230
2605	242
2605	225
2606	72
2606	114
2606	116
2606	291
2606	323
2606	242
2607	264
2607	114
2607	230
2607	148
2607	242
2607	225
2608	81
2608	115
2608	291
2608	323
2608	207
2608	242
2609	264
2609	282
2609	198
2609	237
2609	242
2610	163
2610	113
2610	198
2610	237
2610	213
2610	207
2610	242
2610	225
2611	127
2611	195
2611	112
2611	146
2611	103
2611	291
2611	225
2612	203
2612	113
2612	156
2612	230
2612	291
2612	225
2613	114
2613	300
2613	195
2613	26
2613	230
2613	242
2614	264
2614	114
2614	116
2614	198
2614	130
2614	230
2614	214
2614	242
2614	225
2615	114
2615	300
2615	258
2615	102
2615	323
2615	242
2615	171
2616	72
2616	198
2616	228
2616	242
2617	109
2617	114
2617	106
2617	230
2617	291
2617	323
2617	242
2618	163
2618	264
2618	114
2618	230
2618	10
2618	214
2618	242
2618	225
2619	108
2619	339
2619	264
2619	114
2619	198
2619	237
2619	228
2619	230
2619	258
2619	242
2619	324
2620	114
2620	300
2620	115
2620	258
2620	323
2620	242
2621	264
2621	115
2621	156
2621	291
2621	323
2621	242
2622	151
2622	264
2622	282
2622	114
2622	198
2622	242
2623	163
2623	113
2623	198
2623	237
2623	207
2623	242
2623	225
2624	264
2624	114
2624	113
2624	198
2624	230
2624	242
2624	225
2625	246
2625	163
2625	282
2625	113
2625	198
2625	207
2625	242
2626	251
2626	114
2626	116
2626	26
2626	230
2626	323
2626	242
2627	163
2627	114
2627	300
2627	230
2627	323
2627	242
2627	225
2627	32
2628	114
2628	115
2628	106
2628	230
2628	291
2628	214
2628	225
2628	255
2629	163
2629	114
2629	195
2629	291
2629	323
2629	242
2630	264
2630	198
2630	228
2630	207
2630	242
2631	114
2631	300
2631	113
2631	258
2631	323
2631	242
2632	118
2632	163
2632	264
2632	300
2632	115
2632	198
2632	214
2632	242
2632	225
2633	151
2633	26
2633	96
2633	291
2633	323
2633	242
2633	225
2634	163
2634	113
2634	198
2634	237
2634	207
2634	242
2634	225
2635	163
2635	264
2635	114
2635	195
2635	323
2635	242
2636	163
2636	114
2636	300
2636	291
2636	323
2636	242
2637	163
2637	114
2637	300
2637	291
2637	323
2637	242
2638	163
2638	264
2638	282
2638	198
2638	237
2638	242
2639	118
2639	163
2639	114
2639	113
2639	198
2639	276
2639	242
2639	225
2639	32
2640	151
2640	114
2640	314
2640	198
2640	155
2640	144
2640	242
2641	114
2641	106
2641	230
2641	291
2641	323
2641	225
2642	264
2642	114
2642	300
2642	230
2642	21
2642	242
2643	114
2643	300
2643	327
2643	115
2643	198
2643	258
2643	242
2644	264
2644	114
2644	198
2644	237
2644	230
2644	242
2644	225
2645	264
2645	282
2645	114
2645	192
2645	230
2645	242
2646	264
2646	114
2646	300
2646	291
2646	323
2646	242
2647	163
2647	264
2647	113
2647	198
2647	237
2647	207
2647	242
2647	225
2648	264
2648	114
2648	198
2648	276
2648	148
2648	242
2648	34
2649	203
2649	107
2649	209
2649	242
2650	163
2650	114
2650	230
2650	291
2650	323
2650	242
2651	114
2651	265
2651	198
2651	106
2651	230
2651	146
2651	242
2652	163
2652	114
2652	331
2652	26
2652	144
2652	242
2652	225
2653	163
2653	264
2653	195
2653	276
2653	291
2653	242
2654	163
2654	264
2654	282
2654	198
2654	242
2655	132
2655	148
2655	323
2655	242
2655	225
2656	163
2656	203
2656	113
2656	198
2656	237
2656	207
2656	242
2656	225
2656	89
2657	163
2657	114
2657	80
2657	291
2657	323
2657	242
2657	225
2657	32
2658	81
2658	114
2658	155
2658	17
2658	291
2658	323
2658	242
2659	264
2659	114
2659	300
2659	291
2659	242
2659	162
2660	264
2660	114
2660	198
2660	230
2660	80
2660	242
2660	171
2661	203
2661	114
2661	300
2661	258
2661	297
2661	291
2661	323
2661	207
2661	242
2662	264
2662	114
2662	116
2662	198
2662	228
2662	230
2662	242
2662	225
2663	264
2663	114
2663	113
2663	198
2663	230
2663	269
2663	242
2664	132
2664	198
2664	26
2664	11
2664	98
2664	144
2664	242
2665	163
2665	264
2665	113
2665	198
2665	237
2665	207
2665	242
2665	225
2666	245
2666	270
2666	114
2666	323
2666	225
2667	114
2667	198
2667	230
2667	258
2667	242
2667	85
2668	114
2668	300
2668	113
2668	291
2668	323
2668	242
2669	163
2669	113
2669	198
2669	237
2669	207
2669	242
2669	225
2670	132
2670	264
2670	114
2670	230
2670	86
2670	242
2671	331
2671	86
2671	144
2671	291
2671	323
2671	242
2671	225
2672	114
2672	115
2672	258
2672	291
2672	323
2672	242
2672	225
2673	270
2673	230
2673	276
2673	291
2673	323
2673	242
2674	118
2674	163
2674	198
2674	230
2674	242
2675	163
2675	114
2675	230
2675	291
2675	323
2675	242
2676	264
2676	114
2676	198
2676	237
2676	230
2676	10
2676	242
2676	225
2677	163
2677	264
2677	114
2677	291
2677	323
2677	242
2678	270
2678	114
2678	230
2678	291
2678	323
2678	242
2679	114
2679	331
2679	80
2679	258
2679	207
2679	242
2680	163
2680	114
2680	198
2680	237
2680	207
2680	242
2680	225
2681	163
2681	114
2681	113
2681	230
2681	323
2681	242
2681	32
2682	106
2682	230
2682	323
2682	242
2683	163
2683	114
2683	300
2683	291
2683	242
2684	114
2684	230
2684	252
2684	291
2684	323
2684	242
2685	109
2685	114
2685	104
2685	195
2685	198
2685	106
2685	230
2685	242
2686	114
2686	115
2686	258
2686	291
2686	207
2686	242
2687	251
2687	114
2687	116
2687	230
2687	21
2687	242
2688	114
2688	300
2688	230
2688	21
2688	323
2688	242
2689	114
2689	113
2689	156
2689	198
2689	242
2690	114
2690	113
2690	261
2690	330
2690	198
2690	242
2691	270
2691	163
2691	267
2691	81
2691	114
2691	195
2691	156
2691	112
2691	80
2691	22
2691	242
2692	114
2692	198
2692	106
2692	302
2692	230
2692	242
2693	163
2693	264
2693	198
2693	237
2693	230
2693	242
2694	203
2694	114
2694	22
2694	291
2694	323
2694	242
2695	114
2695	300
2695	115
2695	198
2695	258
2695	102
2695	242
2696	270
2696	163
2696	72
2696	114
2696	342
2696	116
2696	228
2696	87
2696	230
2696	323
2696	242
2696	85
2696	328
2697	203
2697	81
2697	106
2697	230
2697	291
2697	225
2698	264
2698	302
2698	87
2698	226
2698	242
2699	118
2699	264
2699	114
2699	116
2699	104
2699	115
2699	237
2699	230
2699	258
2699	242
2700	163
2700	198
2700	26
2700	237
2700	207
2700	242
2700	225
2701	92
2701	114
2701	326
2701	198
2701	237
2701	230
2701	242
2701	225
2702	97
2702	114
2702	230
2702	258
2702	252
2702	242
2702	225
2703	163
2703	114
2703	113
2703	106
2703	230
2703	242
2704	163
2704	264
2704	114
2704	326
2704	130
2704	214
2704	242
2704	225
2705	72
2705	114
2705	116
2705	198
2705	228
2705	230
2705	242
2706	264
2706	282
2706	114
2706	314
2706	230
2706	323
2706	242
2707	109
2707	114
2707	106
2707	230
2707	337
2707	242
2708	203
2708	114
2708	230
2708	276
2708	22
2708	242
2709	203
2709	327
2709	106
2709	209
2709	22
2709	291
2709	323
2709	242
2710	203
2710	81
2710	106
2710	230
2710	291
2710	225
2711	277
2711	118
2711	264
2711	114
2711	116
2711	104
2711	115
2711	106
2711	237
2711	230
2711	258
2711	242
2712	163
2712	114
2712	300
2712	113
2712	331
2712	242
2713	167
2713	203
2713	114
2713	197
2713	156
2713	198
2713	242
2714	276
2714	291
2714	225
2715	163
2715	264
2715	114
2715	198
2715	26
2715	230
2715	242
2716	163
2716	203
2716	114
2716	113
2716	26
2716	103
2717	163
2717	264
2717	230
2717	148
2717	291
2717	323
2717	242
2718	264
2718	282
2718	114
2718	115
2718	198
2718	237
2718	228
2718	230
2718	242
2719	114
2719	300
2719	230
2719	291
2719	323
2719	242
2720	163
2720	264
2720	198
2720	237
2720	230
2720	242
2721	114
2721	198
2721	230
2721	276
2721	144
2721	242
2722	163
2722	264
2722	282
2722	230
2722	291
2722	214
2722	323
2722	225
2723	163
2723	114
2723	291
2723	323
2723	242
2724	114
2724	113
2724	230
2724	323
2724	207
2724	225
2724	317
2725	267
2725	114
2725	230
2725	291
2725	323
2725	242
2726	163
2726	264
2726	114
2726	291
2726	242
2727	114
2727	219
2727	198
2727	205
2727	230
2727	258
2727	242
2728	264
2728	114
2728	198
2728	230
2728	276
2728	150
2728	242
2729	163
2729	114
2729	156
2729	198
2729	242
2730	148
2730	291
2730	323
2730	242
2731	203
2731	113
2731	156
2731	230
2731	291
2731	225
2732	300
2732	291
2732	323
2732	242
2733	264
2733	114
2733	198
2733	226
2733	242
2734	132
2734	26
2734	146
2734	291
2734	323
2734	242
2735	198
2735	2
2735	19
2735	242
2735	35
2736	113
2736	104
2736	156
2736	230
2736	225
2737	163
2737	264
2737	282
2737	114
2737	116
2737	259
2737	237
2737	230
2737	102
2737	291
2737	323
2737	242
2738	245
2738	148
2738	140
2738	242
2739	114
2739	300
2739	198
2739	323
2739	242
2739	171
2740	267
2740	114
2740	230
2740	291
2740	323
2740	242
2741	203
2741	114
2741	113
2741	198
2741	242
2742	251
2742	114
2742	230
2742	21
2742	291
2742	323
2742	242
2743	203
2743	276
2743	142
2743	291
2743	242
2744	81
2744	111
2744	198
2744	230
2744	258
2744	144
2744	102
2744	337
2744	242
2745	163
2745	114
2745	113
2745	253
2745	80
2745	242
2746	264
2746	114
2746	230
2746	11
2746	146
2746	323
2746	242
2747	92
2747	203
2747	114
2747	156
2747	198
2747	242
2748	163
2748	114
2748	300
2748	26
2748	230
2748	291
2748	242
2749	113
2749	156
2749	106
2749	230
2749	103
2749	291
2749	225
2750	163
2750	114
2750	198
2750	293
2750	146
2750	258
2750	242
2751	264
2751	114
2751	116
2751	259
2751	230
2751	253
2751	146
2751	216
2751	291
2751	323
2751	242
2752	163
2752	264
2752	114
2752	300
2752	230
2752	323
2752	242
2753	163
2753	114
2753	30
2753	198
2753	26
2753	148
2753	242
2754	17
2754	323
2754	242
2755	264
2755	114
2755	113
2755	237
2755	230
2755	242
2756	331
2756	86
2756	144
2756	332
2756	207
2756	242
2757	72
2757	114
2757	104
2757	115
2757	223
2757	106
2757	230
2757	258
2757	242
2758	163
2758	164
2758	114
2758	230
2758	291
2758	242
2759	114
2759	230
2759	258
2759	291
2759	323
2759	242
2760	163
2760	300
2760	26
2760	230
2760	291
2761	270
2761	264
2761	114
2761	209
2761	258
2761	242
2762	109
2762	114
2762	198
2762	136
2762	230
2762	258
2762	242
2762	225
2763	277
2763	163
2763	203
2763	114
2763	198
2763	26
2763	242
2764	148
2764	291
2764	323
2764	242
2765	245
2765	149
2765	264
2765	114
2765	198
2765	140
2765	242
2766	114
2766	306
2766	104
2766	331
2766	106
2766	146
2766	242
2767	114
2767	116
2767	198
2767	106
2767	87
2767	242
2768	310
2768	114
2768	30
2768	198
2768	258
2768	148
2768	242
2769	132
2769	114
2769	30
2769	198
2769	228
2769	148
2769	242
2770	114
2770	300
2770	198
2770	26
2770	230
2770	146
2770	242
2770	225
2771	203
2771	114
2771	198
2771	272
2771	293
2771	258
2771	22
2771	242
2772	163
2772	109
2772	114
2772	150
2772	291
2772	242
2773	203
2773	114
2773	326
2773	104
2773	224
2773	198
2773	242
2773	32
2774	114
2774	116
2774	104
2774	144
2774	10
2774	242
2775	270
2775	264
2775	114
2775	258
2776	114
2776	300
2776	113
2776	198
2776	242
2776	317
2777	114
2777	198
2777	136
2777	107
2777	242
2778	163
2778	116
2778	223
2778	242
2779	114
2779	198
2779	258
2779	144
2779	291
2779	323
2779	242
2780	203
2780	264
2780	300
2780	113
2780	198
2780	207
2780	242
2781	264
2781	116
2781	198
2781	155
2781	130
2781	230
2781	214
2781	242
2781	225
2782	203
2782	264
2782	114
2782	113
2782	198
2782	230
2782	242
2782	225
2783	114
2783	300
2783	198
2783	33
2783	242
2784	163
2784	134
2784	114
2784	198
2784	26
2784	213
2784	242
2785	163
2785	134
2785	114
2785	198
2785	26
2785	213
2785	242
2786	22
2786	291
2786	323
2786	242
2787	114
2787	116
2787	198
2787	230
2787	258
2787	242
2788	23
2788	114
2788	111
2788	104
2788	115
2788	156
2788	106
2788	242
2789	163
2789	114
2789	113
2789	198
2789	26
2789	258
2789	242
2790	203
2790	114
2790	115
2790	198
2790	230
2790	242
2791	163
2791	114
2791	331
2791	26
2791	207
2791	242
2792	163
2792	264
2792	104
2792	198
2792	228
2792	10
2792	207
2792	242
2793	114
2793	115
2793	198
2793	155
2793	17
2793	242
2794	163
2794	203
2794	264
2794	237
2794	291
2794	242
2795	109
2795	114
2795	198
2795	258
2795	242
2796	203
2796	114
2796	115
2796	198
2796	230
2796	242
2797	163
2797	114
2797	198
2797	258
2797	102
2797	242
2797	249
2798	163
2798	114
2798	113
2798	331
2798	26
2798	242
2799	114
2799	198
2799	148
2799	242
2800	72
2800	114
2800	116
2800	258
2800	102
2800	21
2800	242
2801	203
2801	114
2801	258
2801	144
2801	22
2801	214
2801	242
2801	225
2802	114
2802	198
2802	155
2802	230
2802	242
2802	225
2803	114
2803	300
2803	156
2803	198
2803	207
2803	242
2804	163
2804	114
2804	113
2804	331
2804	26
2804	242
2805	203
2805	114
2805	198
2805	209
2805	146
2805	144
2805	242
2806	114
2806	156
2806	198
2806	230
2806	288
2806	242
2807	114
2807	198
2807	237
2807	87
2807	230
2807	258
2807	242
2808	163
2808	114
2808	113
2808	198
2808	230
2808	258
2808	242
2809	163
2809	114
2809	237
2809	258
2809	207
2809	242
2810	264
2810	114
2810	198
2810	155
2810	130
2810	230
2810	214
2810	242
2810	225
2811	203
2811	114
2811	198
2811	230
2811	209
2811	214
2811	242
2811	225
2812	114
2812	198
2812	272
2812	230
2812	258
2812	242
2812	225
2813	203
2813	114
2813	113
2813	198
2813	22
2813	150
2813	242
2813	225
2814	163
2814	203
2814	264
2814	114
2814	198
2814	230
2814	242
2815	114
2815	115
2815	198
2815	230
2815	209
2815	258
2815	242
2815	225
2816	203
2816	114
2816	113
2816	198
2816	258
2816	242
2816	225
2817	203
2817	198
2817	258
2817	22
2817	33
2817	207
2817	242
2818	203
2818	114
2818	198
2818	288
2818	80
2818	258
2818	242
2819	127
2819	104
2819	331
2819	146
2819	332
2819	242
2820	264
2820	115
2820	198
2820	26
2820	302
2820	230
2820	242
2820	225
2821	300
2821	198
2821	230
2821	146
2821	258
2821	102
2821	242
2822	264
2822	114
2822	300
2822	198
2822	230
2822	258
2822	242
2823	116
2823	258
2823	102
2823	21
2823	242
2824	163
2824	264
2824	114
2824	116
2824	198
2824	155
2824	230
2824	242
2825	164
2825	264
2825	114
2825	300
2825	198
2825	80
2825	242
2826	163
2826	203
2826	264
2826	114
2826	116
2826	198
2826	230
2826	242
2827	203
2827	114
2827	115
2827	198
2827	258
2827	22
2827	242
2827	225
2828	163
2828	114
2828	30
2828	319
2828	198
2828	148
2828	242
2829	92
2829	114
2829	261
2829	198
2829	242
2830	245
2830	114
2830	198
2830	230
2830	258
2830	242
2831	198
2831	26
2831	107
2831	230
2831	146
2831	144
2831	242
2831	317
2832	264
2832	114
2832	198
2832	230
2832	276
2832	258
2832	242
2833	300
2833	326
2833	198
2833	230
2833	146
2833	102
2833	242
2834	118
2834	163
2834	264
2834	114
2834	116
2834	198
2834	230
2834	242
2835	114
2835	198
2835	302
2835	230
2835	258
2835	242
2835	225
2836	81
2836	114
2836	198
2836	230
2836	258
2836	242
2837	163
2837	282
2837	114
2837	237
2837	258
2837	242
2838	72
2838	114
2838	198
2838	155
2838	228
2838	196
2838	242
2839	163
2839	264
2839	114
2839	326
2839	144
2839	214
2839	242
2839	225
2840	163
2840	114
2840	113
2840	198
2840	26
2840	148
2840	242
2841	114
2841	198
2841	228
2841	230
2841	258
2841	213
2841	242
2841	225
2842	114
2842	198
2842	288
2842	258
2842	242
2843	203
2843	109
2843	114
2843	198
2843	230
2843	22
2843	242
2843	225
2844	114
2844	198
2844	106
2844	205
2844	258
2844	22
2844	214
2844	242
2844	225
2845	245
2845	310
2845	198
2845	228
2845	230
2845	207
2845	242
2845	225
2846	114
2846	198
2846	276
2846	288
2846	80
2846	144
2846	242
2847	264
2847	114
2847	198
2847	155
2847	230
2847	242
2848	264
2848	114
2848	300
2848	195
2848	198
2848	80
2848	242
2849	163
2849	203
2849	264
2849	114
2849	198
2849	230
2849	242
2850	264
2850	114
2850	198
2850	237
2850	230
2850	10
2850	242
2850	225
2851	81
2851	114
2851	198
2851	14
2851	237
2851	230
2851	242
2851	225
2852	132
2852	339
2852	114
2852	198
2852	230
2852	226
2852	146
2852	258
2852	242
2853	114
2853	261
2853	308
2853	198
2853	207
2853	242
2854	163
2854	203
2854	113
2854	198
2854	258
2854	207
2854	242
2855	163
2855	114
2855	331
2855	26
2855	146
2855	242
2856	114
2856	300
2856	113
2856	306
2856	224
2856	198
2856	242
2856	225
2857	113
2857	198
2857	106
2857	209
2857	103
2857	242
2857	225
2858	114
2858	115
2858	198
2858	258
2858	22
2858	150
2858	242
2858	225
2859	163
2859	203
2859	264
2859	282
2859	114
2859	198
2859	214
2859	242
2859	225
2860	203
2860	109
2860	114
2860	198
2860	258
2860	22
2860	214
2860	242
2860	225
2861	73
2861	114
2861	156
2861	198
2861	230
2861	258
2861	242
2861	225
2862	81
2862	114
2862	223
2862	198
2862	230
2862	258
2862	242
2862	225
2863	264
2863	114
2863	300
2863	198
2863	230
2863	150
2863	242
2863	225
2864	163
2864	203
2864	81
2864	264
2864	114
2864	198
2864	214
2864	242
2864	225
2865	291
2865	225
2866	163
2866	264
2866	114
2866	198
2866	237
2866	214
2866	242
2866	225
2867	151
2867	228
2867	291
2868	163
2868	264
2868	114
2868	198
2868	237
2868	130
2868	214
2868	242
2868	225
2869	245
2869	163
2869	264
2869	114
2869	198
2869	214
2869	242
2869	225
2870	264
2870	198
2870	21
2870	242
2870	225
2871	245
2871	198
2871	230
2871	242
2871	225
2872	245
2872	224
2872	242
2872	225
2873	203
2873	114
2873	198
2873	31
2873	258
2873	22
2873	214
2873	242
2873	225
2874	264
2874	114
2874	259
2874	198
2874	237
2874	230
2874	214
2874	242
2874	225
2875	114
2875	326
2875	230
2875	258
2875	150
2875	242
2875	225
2875	49
2876	81
2876	114
2876	198
2876	155
2876	242
2876	225
2877	198
2877	242
2877	225
2878	291
2878	285
2878	344
2879	114
2879	326
2879	198
2879	136
2879	230
2879	258
2879	214
2879	242
2879	225
2880	267
2880	157
2880	272
2880	291
2881	203
2881	109
2881	115
2881	198
2881	230
2881	22
2881	214
2881	242
2881	225
2882	114
2882	113
2882	326
2882	198
2882	26
2882	258
2882	214
2882	242
2882	225
2883	115
2883	195
2883	224
2883	198
2883	136
2883	242
2883	225
2884	264
2884	198
2884	148
2884	242
2884	225
2885	245
2885	152
2885	91
2885	242
2885	225
2886	245
2886	23
2886	175
2886	242
2886	225
2887	121
2887	198
2887	136
2887	230
2887	242
2887	225
2888	245
2888	198
2888	242
2888	225
2889	81
2889	198
2889	242
2889	225
2890	264
2890	30
2890	198
2890	148
2890	242
2890	225
2891	245
2891	264
2891	198
2891	31
2891	242
2891	225
2892	88
2892	198
2892	242
2892	225
2893	245
2893	97
2893	114
2893	198
2893	242
2893	225
2894	264
2894	198
2894	228
2894	242
2894	225
2895	298
2895	224
2895	198
2895	230
2895	242
2895	225
2896	149
2896	88
2896	114
2896	198
2896	242
2896	225
2897	264
2897	114
2897	198
2897	237
2897	230
2897	242
2897	225
2898	339
2898	114
2898	198
2898	230
2898	148
2898	242
2898	225
2899	339
2899	114
2899	198
2899	237
2899	242
2899	225
2900	114
2900	198
2900	242
2900	225
2900	171
2900	162
2901	339
2901	114
2901	198
2901	237
2901	242
2901	225
2902	339
2902	114
2902	224
2902	198
2902	242
2902	225
2903	114
2903	115
2903	198
2903	122
2903	207
2903	242
2903	225
2904	151
2904	198
2904	144
2904	122
2904	207
2904	242
2904	225
2905	326
2905	258
2905	122
2905	207
2905	242
2905	225
2906	114
2906	198
2906	26
2906	122
2906	242
2906	225
2907	111
2907	136
2907	175
2907	291
2907	225
2907	162
2908	198
2908	26
2908	146
2908	301
2908	207
2908	242
2908	225
2909	88
2909	115
2909	198
2909	258
2909	122
2909	207
2909	242
2909	225
2910	97
2910	114
2910	198
2910	258
2910	144
2910	122
2910	242
2910	225
2911	114
2911	156
2911	198
2911	106
2911	258
2911	122
2911	242
2911	225
2912	149
2912	156
2912	198
2912	122
2912	207
2912	242
2912	225
2913	264
2913	282
2913	195
2913	198
2913	26
2913	122
2913	207
2913	242
2913	225
2914	114
2914	195
2914	198
2914	302
2914	122
2914	242
2914	225
2915	146
2915	144
2915	102
2915	291
2915	215
2915	225
2915	162
2916	114
2916	26
2916	106
2916	291
2916	225
2917	114
2917	296
2917	115
2917	198
2917	136
2917	122
2917	242
2917	225
2918	114
2918	198
2918	19
2919	114
2919	198
2919	21
2919	291
2919	285
2919	344
2920	151
2920	109
2920	115
2920	198
2920	258
2920	122
2920	207
2920	242
2920	225
2921	88
2921	114
2921	198
2921	242
2921	225
2922	23
2922	114
2922	198
2922	258
2922	122
2922	242
2922	225
2923	245
2923	92
2923	114
2923	198
2923	122
2923	242
2923	225
2924	156
2924	198
2924	146
2924	122
2924	207
2924	242
2924	225
2925	132
2925	92
2925	195
2925	156
2925	198
2925	122
2925	207
2925	242
2925	225
2926	245
2926	291
2926	225
2926	162
2927	114
2927	115
2927	198
2927	26
2927	146
2927	122
2927	242
2927	225
2928	114
2928	198
2928	146
2928	102
2928	323
2928	242
2928	225
2928	171
2929	114
2929	198
2929	2
2929	288
2929	102
2929	122
2929	242
2929	225
2930	267
2930	288
2930	142
2930	102
2930	225
2931	156
2931	198
2931	26
2931	146
2931	207
2931	242
2931	225
2932	267
2932	102
2932	323
2932	242
2932	225
2933	149
2933	267
2933	114
2933	80
2933	291
2934	114
2934	115
2934	198
2934	258
2934	102
2934	122
2934	207
2934	242
2934	225
2935	19
2935	348
2936	267
2936	114
2936	323
2936	291
2937	245
2937	114
2937	326
2937	228
2937	146
2937	122
2937	242
2937	225
2938	114
2938	198
2938	26
2938	122
2938	242
2938	225
2939	114
2939	198
2939	2
2939	80
2939	150
2939	122
2939	242
2939	225
2940	245
2940	264
2940	21
2940	291
2940	225
2941	114
2941	198
2941	2
2941	225
2941	171
2942	114
2942	326
2942	223
2942	26
2942	242
2942	225
2943	270
2943	114
2943	198
2943	106
2943	2
2943	122
2943	242
2943	225
2944	114
2944	223
2944	198
2944	2
2944	242
2944	225
2945	149
2945	192
2945	104
2945	2
2945	291
2945	225
2946	114
2946	198
2946	106
2946	144
2946	242
2946	225
2947	245
2947	114
2947	198
2947	228
2947	122
2947	242
2947	225
2948	114
2948	178
2948	115
2948	291
2948	225
2949	109
2949	114
2949	198
2949	258
2949	337
2949	122
2949	242
2949	225
2950	245
2950	114
2950	198
2950	228
2950	122
2950	242
2950	225
2951	114
2951	198
2951	136
2951	122
2951	242
2951	225
2952	114
2952	104
2952	198
2952	122
2952	242
2952	225
2953	88
2953	263
2953	291
2953	225
2954	114
2954	198
2954	225
2954	171
2955	114
2955	198
2955	26
2955	2
2955	242
2955	225
2956	203
2956	195
2956	242
2956	225
2957	114
2957	198
2957	122
2957	242
2957	225
2958	245
2958	114
2958	198
2958	21
2958	122
2958	242
2958	225
2959	114
2959	198
2959	94
2959	150
2959	122
2959	242
2959	225
2960	263
2960	114
2960	198
2960	148
2960	122
2960	242
2960	225
2961	149
2961	114
2961	198
2961	22
2961	122
2961	242
2961	225
2962	114
2962	198
2962	144
2962	102
2962	122
2962	242
2962	225
2963	88
2963	114
2963	198
2963	146
2963	102
2963	122
2963	242
2963	225
2964	114
2964	198
2964	106
2964	147
2964	122
2964	242
2964	225
2965	198
2965	107
2965	146
2965	144
2965	320
2965	337
2965	122
2965	242
2965	225
2966	114
2966	198
2966	106
2966	209
2966	144
2966	122
2966	242
2966	225
2967	19
2968	114
2968	198
2968	258
2968	144
2968	122
2968	242
2968	225
2969	114
2969	198
2969	2
2969	242
2969	225
2970	114
2970	198
2970	2
2970	242
2970	225
2971	114
2971	198
2971	2
2971	215
2971	242
2971	225
2972	163
2972	264
2972	282
2972	228
2972	291
2972	242
2972	225
2973	26
2973	320
2973	332
2973	291
2973	323
2973	242
2973	225
2974	264
2974	282
2974	228
2974	225
2975	270
2975	264
2975	342
2975	157
2975	346
2976	132
2976	167
2976	101
2976	253
2976	216
2976	242
2977	132
2977	245
2977	146
2977	148
2977	140
2977	291
2977	242
2978	230
2978	150
2978	252
2978	291
2978	323
2978	242
2979	267
2979	114
2979	230
2979	291
2979	323
2979	242
2980	149
2980	182
2980	91
2980	291
2980	344
2981	114
2981	342
2981	87
2981	230
2981	291
2981	323
2981	242
2982	76
2982	203
2982	81
2982	291
2982	323
2982	242
2983	114
2983	230
2983	22
2983	291
2983	323
2983	242
2984	276
2984	209
2984	142
2984	291
2984	323
2984	242
2985	26
2985	144
2985	102
2985	21
2985	291
2985	323
2985	242
2986	351
2986	92
2986	163
2986	267
2986	14
2986	230
2986	323
2986	144
2986	348
2986	167
2987	245
2987	270
2987	267
2987	157
2987	291
2987	242
2988	132
2988	313
2988	267
2988	121
2988	114
2988	111
2988	259
2988	319
2988	136
2988	230
2988	86
2988	291
2988	323
2988	242
2989	127
2989	267
2989	10
2989	214
2989	291
2990	267
2990	80
2990	10
2990	291
2990	214
2990	225
2991	108
2991	267
2991	148
2991	291
2991	242
2992	151
2992	104
2992	230
2992	291
2992	242
2993	267
2993	114
2993	230
2993	291
2993	242
2994	267
2994	276
2994	142
2994	102
2994	21
2994	323
2995	156
2995	26
2995	242
2996	106
2996	209
2996	22
2996	291
2996	323
2996	242
2997	270
2997	114
2997	230
2997	368
2997	369
2997	370
2998	267
2998	114
2998	10
2998	291
2998	214
2998	225
2999	267
2999	10
2999	291
2999	214
2999	225
3000	81
3000	114
3000	198
3000	242
3000	171
3001	92
3001	97
3001	261
3001	195
3001	230
3001	291
3001	323
3001	242
3002	114
3002	224
3002	119
3002	291
3002	242
3003	167
3003	267
3003	307
3003	111
3003	101
3003	230
3003	291
3003	323
3003	242
3004	267
3004	114
3004	80
3004	10
3004	291
3004	214
3004	242
3005	203
3005	114
3005	230
3005	22
3005	291
3005	323
3005	242
3006	267
3006	114
3006	230
3006	291
3006	323
3006	242
3007	132
3007	245
3007	114
3007	307
3007	230
3007	291
3007	323
3007	242
3008	167
3008	101
3008	26
3008	148
3008	291
3008	242
3009	114
3009	195
3009	276
3009	288
3009	242
3010	26
3010	276
3010	21
3010	291
3010	323
3010	242
3011	313
3011	267
3011	114
3011	307
3011	259
3011	230
3011	150
3011	291
3011	323
3011	242
3012	203
3012	81
3012	106
3012	22
3012	291
3012	242
3013	203
3013	190
3013	326
3013	22
3013	150
3013	291
3013	242
3014	168
3014	267
3014	230
3014	146
3014	323
3014	242
3015	114
3015	230
3015	11
3015	148
3015	216
3015	21
3015	291
3015	323
3015	242
3016	30
3016	195
3016	11
3016	148
3016	22
3016	291
3016	323
3016	242
3017	132
3017	26
3017	102
3017	21
3017	291
3017	323
3017	129
3017	242
3018	81
3018	198
3018	276
3018	209
3018	142
3019	300
3019	30
3019	7
3019	167
3020	169
3020	277
3020	228
3020	291
3021	267
3021	114
3021	30
3021	96
3021	291
3021	323
3021	242
3022	198
3022	230
3022	276
3022	11
3023	114
3023	115
3023	258
3023	150
3023	214
3023	291
3024	203
3024	81
3024	230
3024	323
3025	230
3025	144
3025	291
3025	323
3025	242
3026	307
3026	198
3026	276
3026	209
3026	142
3027	198
3027	21
3027	323
3028	198
3028	2
3028	86
3028	19
3028	242
3029	132
3029	198
3029	26
3029	146
3029	21
3029	242
3030	334
3030	74
3030	104
3030	228
3030	94
3031	326
3031	224
3031	157
3031	198
3031	230
3031	349
3032	198
3032	226
3032	323
3033	267
3033	178
3033	10
3033	214
3033	291
3034	190
3034	30
3034	262
3034	136
3035	267
3035	326
3035	224
3035	157
3035	198
3035	230
3036	267
3036	326
3036	198
3036	230
3036	146
3036	144
3037	267
3037	114
3037	224
3037	157
3037	198
3037	230
3038	267
3038	224
3038	157
3038	198
3038	230
3039	116
3039	104
3039	198
3039	323
3039	242
3039	171
3040	267
3040	224
3040	198
3040	230
3040	22
3041	198
3041	136
3041	146
3041	323
3041	242
3041	171
3042	267
3042	81
3042	230
3042	11
3042	214
3042	291
3042	347
3043	136
3043	106
3043	2
3043	291
3043	323
3043	242
3044	198
3044	288
3044	209
3044	80
3044	242
3045	88
3045	331
3045	11
3045	214
3045	167
3046	267
3046	114
3046	146
3046	10
3046	214
3047	198
3047	346
3047	26
3047	230
3047	293
3047	344
3048	267
3048	326
3048	157
3048	198
3048	272
3048	230
3050	203
3050	81
3050	109
3050	150
3050	214
3050	291
3051	114
3051	116
3051	326
3051	14
3051	230
3051	214
3052	351
3052	224
3052	198
3052	26
3052	230
3052	253
3052	146
3053	331
3053	224
3053	107
3053	146
3053	332
3054	132
3054	114
3054	190
3054	101
3054	198
3054	96
3054	167
3055	80
3055	320
3055	323
3055	242
3056	318
3056	198
3056	346
3056	230
3056	142
3056	214
3056	344
3057	267
3057	178
3057	326
3057	230
3057	349
3058	339
3058	264
3058	282
3058	198
3058	107
3058	228
3059	114
3059	224
3059	230
3059	354
3060	198
3060	230
3060	21
3060	214
3060	144
3060	348
3061	163
3061	264
3061	116
3061	323
3061	291
3062	104
3062	198
3062	323
3062	291
3063	109
3063	114
3063	230
3063	146
3063	214
3063	144
3064	270
3064	73
3064	326
3064	104
3064	87
3064	242
3065	270
3065	371
3065	198
3065	136
3065	230
3065	146
3065	323
3065	291
3066	198
3066	291
3066	344
3067	331
3067	198
3067	230
3068	270
3068	198
3068	323
3068	242
3068	171
3069	267
3069	331
3069	14
3069	230
3069	142
3069	150
3069	214
3069	361
3070	264
3070	298
3070	115
3070	331
3070	237
3070	214
3071	132
3071	114
3071	326
3071	198
3071	146
3071	344
3072	267
3072	114
3072	224
3072	198
3072	230
3072	150
3073	267
3073	331
3073	198
3073	155
3073	230
3074	134
3074	203
3074	326
3074	198
3074	230
3074	142
3074	214
3075	267
3075	190
3075	198
3075	107
3075	130
3075	167
3076	245
3076	270
3076	198
3076	96
3076	242
3077	264
3077	114
3077	198
3077	346
3077	228
3077	11
3078	298
3078	198
3078	346
3079	331
3079	346
3079	26
3079	332
3079	144
3080	88
3080	326
3080	230
3080	150
3080	167
3081	267
3081	114
3081	178
3081	146
3081	214
3082	127
3082	267
3082	114
3082	224
3082	198
3082	276
3082	253
3083	151
3083	114
3083	346
3083	355
3083	323
3084	267
3084	81
3084	114
3084	326
3084	157
3085	339
3085	262
3085	198
3085	347
3086	163
3086	81
3086	116
3086	198
3086	228
3086	258
3087	267
3087	232
3087	224
3087	198
3087	230
3088	267
3088	198
3088	146
3088	242
3088	171
3089	270
3089	203
3089	296
3089	22
3089	150
3089	242
3090	334
3090	267
3090	114
3090	198
3090	228
3091	149
3091	264
3091	346
3091	323
3091	291
3092	149
3092	182
3092	91
3092	291
3093	168
3093	267
3093	331
3093	228
3093	332
3094	331
3094	26
3095	198
3095	136
3095	209
3095	6
3095	33
3095	364
3096	198
3096	230
3096	146
3097	267
3097	224
3097	198
3097	230
3097	150
3098	163
3098	339
3098	198
3098	346
3098	237
3098	142
3099	104
3099	198
3099	230
3099	146
3099	22
3099	242
3100	230
3100	11
3100	21
3100	214
3100	285
3100	167
3101	203
3101	327
3101	330
3101	106
3101	22
3101	242
3102	270
3102	267
3102	307
3102	331
3102	2
3102	242
3103	257
3103	30
3103	198
3103	136
3103	200
3103	22
3104	267
3104	224
3104	198
3104	150
3105	203
3105	264
3105	195
3105	157
3105	230
3105	242
3106	203
3106	114
3106	230
3106	22
3106	150
3106	242
3107	203
3107	195
3107	276
3107	142
3107	22
3107	242
3108	339
3108	264
3108	282
3108	342
3108	198
3109	154
3109	104
3109	195
3109	198
3110	203
3110	104
3110	224
3110	106
3110	33
3111	267
3111	232
3111	198
3111	119
3111	230
3112	267
3112	198
3112	209
3112	142
3112	22
3112	214
3113	76
3113	116
3113	198
3113	228
3113	148
3113	21
3113	242
3114	109
3114	114
3114	26
3114	230
3114	144
3114	242
3115	351
3115	157
3115	198
3115	230
3115	146
3115	102
3115	323
3115	291
3116	267
3116	326
3116	198
3116	230
3116	209
3117	267
3117	114
3117	104
3117	146
3117	242
3118	264
3118	198
3118	346
3118	155
3118	230
3118	22
3120	114
3120	326
3120	230
3120	209
3121	267
3121	198
3121	276
3121	209
3121	22
3122	282
3122	104
3122	195
3122	14
3123	114
3123	104
3123	331
3123	22
3123	150
3124	92
3124	151
3124	198
3124	136
3124	291
3125	132
3125	270
3125	26
3125	21
3125	323
3126	267
3126	104
3126	224
3126	276
3126	209
3127	104
3127	198
3127	136
3127	22
3127	150
3128	267
3128	104
3128	198
3129	267
3129	104
3129	195
3129	198
3129	230
3129	167
3130	306
3130	198
3130	150
3130	19
3131	267
3131	326
3131	31
3131	230
3131	214
3132	104
3132	195
3133	104
3133	198
3133	136
3133	276
3133	209
3133	258
3134	267
3134	203
3134	326
3134	146
3134	352
3135	182
3135	308
3135	198
3135	167
3136	267
3136	198
3136	106
3136	146
3136	214
3136	144
3137	97
3137	104
3137	230
3137	323
3138	267
3138	114
3138	230
3138	288
3138	142
3138	323
3139	132
3139	30
3139	331
3139	22
3139	323
3140	101
3140	326
3140	331
3140	332
3140	167
3141	156
3141	224
3141	198
3141	250
3141	242
3142	81
3142	11
3142	214
3142	291
3143	267
3143	198
3143	11
3143	142
3143	214
3144	267
3144	104
3144	198
3144	14
3144	111
3145	351
3145	267
3145	198
3145	136
3145	230
3145	285
3146	136
3146	323
3146	291
3147	267
3147	198
3147	230
3148	267
3148	331
3148	198
3148	146
3148	291
3148	356
3149	88
3149	346
3149	230
3149	253
3149	146
3149	323
3149	291
3150	203
3150	209
3150	22
3150	323
3151	267
3151	109
3151	198
3151	346
3151	230
3151	214
3152	182
3152	270
3152	109
3152	257
3152	198
3152	230
3153	182
3153	151
3153	106
3153	146
3153	323
3153	291
3154	109
3154	114
3154	198
3154	230
3154	258
3154	214
3155	104
3155	198
3155	136
3155	146
3155	22
3156	104
3156	195
3156	198
3156	26
3157	198
3157	26
3157	230
3157	11
3157	142
3157	214
3157	291
3158	326
3158	224
3158	230
3158	349
3159	132
3159	267
3159	326
3159	346
3159	344
3160	267
3160	198
3160	26
3160	230
3160	146
3161	267
3161	81
3161	109
3161	214
3161	352
3162	112
3162	106
3162	80
3162	146
3162	323
3163	267
3163	178
3163	146
3163	214
3163	323
3163	291
3164	182
3164	167
3164	267
3164	291
3164	323
3165	270
3165	91
3165	198
3165	106
3165	228
3165	226
3165	21
3165	344
3165	372
3166	267
3166	198
3166	230
3166	214
3166	167
3167	267
3167	198
3167	230
3167	146
3167	22
3167	214
3168	267
3168	195
3168	136
3168	323
3169	267
3169	326
3169	230
3169	22
3169	167
3170	267
3170	114
3170	178
3170	214
3170	323
3170	291
3171	203
3171	298
3171	198
3171	214
3171	323
3171	291
3171	344
3172	267
3172	114
3172	224
3172	198
3172	346
3172	230
3173	267
3173	326
3173	331
3173	26
3174	114
3174	232
3174	331
3174	157
3174	146
3175	182
3175	270
3175	331
3175	198
3175	80
3176	127
3176	154
3176	230
3177	267
3177	203
3177	114
3177	198
3177	11
3177	22
3177	214
3178	114
3178	116
3178	14
3178	291
3179	163
3179	167
3179	168
3179	264
3179	114
3179	323
3180	232
3180	331
3180	157
3180	198
3180	253
3181	267
3181	114
3181	331
3181	297
3181	291
3181	323
3182	97
3182	104
3182	323
3183	101
3183	104
3183	195
3183	14
3184	198
3184	230
3184	285
3184	344
3185	203
3185	209
3185	214
3185	323
3185	291
3185	344
3186	267
3186	114
3186	326
3186	230
3186	146
3187	267
3187	121
3187	109
3187	257
3187	111
3188	326
3188	230
3188	11
3188	142
3189	30
3189	331
3189	319
3189	224
3189	198
3189	80
3189	293
3190	104
3191	267
3191	298
3191	198
3191	80
3191	146
3191	291
3192	149
3192	264
3192	237
3192	230
3192	214
3193	166
3193	104
3193	195
3193	198
3194	167
3194	308
3194	230
3194	144
3194	242
3195	203
3195	276
3195	80
3195	214
3195	323
3195	291
3195	344
3196	114
3196	326
3196	104
3196	157
3196	146
3197	270
3197	267
3197	198
3197	136
3197	230
3197	146
3197	291
3198	198
3198	136
3198	228
3198	146
3198	150
3198	214
3199	267
3199	146
3199	144
3200	267
3200	7
3200	224
3200	198
3200	230
3200	146
3201	97
3201	198
3201	230
3202	104
3202	253
3202	146
3203	350
3203	14
3203	323
3203	291
3204	267
3204	190
3204	230
3204	102
3204	214
3204	167
3205	280
3205	195
3206	350
3206	198
3206	80
3206	146
3206	323
3206	285
3207	351
3207	198
3207	167
3208	167
3208	314
3208	195
3208	276
3208	150
3208	323
3209	203
3209	106
3209	11
3209	214
3209	323
3209	291
3209	344
3210	267
3210	114
3210	146
3210	214
3210	323
3210	291
3211	267
3211	264
3211	198
3211	14
3211	11
3211	214
3212	267
3212	114
3212	198
3212	230
3212	96
3212	344
3213	104
3213	157
3213	198
3213	230
3214	203
3214	114
3214	115
3214	198
3214	230
3214	258
3215	280
3215	267
3215	114
3215	331
3215	214
3216	264
3216	114
3216	198
3216	346
3216	228
3217	230
3217	144
3217	320
3217	291
3218	163
3218	264
3218	116
3218	198
3218	107
3219	198
3219	11
3219	285
3219	167
3220	267
3220	114
3220	30
3220	331
3220	291
3220	323
3221	275
3221	203
3221	195
3221	214
3221	323
3221	291
3221	344
3222	267
3222	224
3222	198
3222	230
3222	146
3223	104
3223	224
3223	198
3223	106
3223	146
3224	267
3224	114
3224	198
3224	228
3225	114
3225	230
3225	291
3226	270
3226	109
3226	114
3227	267
3227	114
3227	198
3227	230
3228	270
3228	163
3228	264
3228	198
3228	130
3228	230
3228	214
3229	114
3229	223
3229	198
3229	146
3229	242
3230	267
3230	102
3230	150
3230	323
3230	291
3231	264
3231	114
3231	198
3231	285
3232	114
3232	224
3232	198
3232	291
3233	236
3233	267
3233	224
3233	198
3233	242
3234	350
3234	157
3234	198
3234	230
3234	276
3235	163
3235	264
3235	116
3235	198
3236	90
3236	198
3236	21
3236	214
3237	151
3237	203
3237	261
3237	198
3237	22
3237	214
3237	347
3238	267
3238	198
3238	106
3238	146
3238	144
3238	356
3239	267
3239	198
3239	230
3239	22
3239	344
3239	347
3240	270
3240	195
3240	136
3240	106
3240	242
3241	267
3241	104
3241	198
3241	11
3241	146
3242	198
3242	230
3242	146
3242	323
3242	291
3243	198
3243	26
3243	230
3243	11
3243	142
3243	214
3244	167
3244	267
3244	101
3244	198
3244	136
3244	323
3244	242
3244	171
3245	151
3245	104
3245	198
3246	267
3246	326
3246	198
3246	230
3246	146
3246	349
3247	351
3247	163
3247	264
3247	130
3247	344
3247	167
3248	4
3248	125
3248	220
3249	326
3249	198
3249	26
3249	293
3249	146
3250	245
3250	267
3250	230
3250	291
3250	225
3251	326
3251	331
3251	26
3251	146
3251	214
3252	267
3252	116
3252	198
3252	228
3252	242
3253	267
3253	224
3253	198
3253	230
3253	250
3253	242
3254	267
3254	114
3254	111
3254	291
3254	323
3255	267
3255	264
3255	195
3255	198
3255	80
3255	146
3255	22
3256	267
3256	259
3256	230
3256	323
3256	291
3257	267
3257	190
3257	198
3257	230
3257	349
3257	167
3258	267
3258	204
3258	198
3258	142
3258	214
3259	267
3259	198
3259	26
3259	146
3259	347
3260	92
3260	7
3260	285
3260	344
3261	114
3261	116
3261	331
3261	146
3261	332
3262	298
3262	285
3262	344
3263	203
3263	298
3263	195
3263	106
3263	214
3263	344
3264	267
3264	114
3264	331
3264	142
3264	214
3265	104
3265	276
3265	144
3266	132
3266	264
3266	298
3266	30
3266	198
3266	80
3267	109
3267	198
3267	230
3267	11
3267	142
3267	146
3267	214
3268	168
3268	224
3268	198
3268	285
3269	4
3269	204
3269	104
3269	198
3269	146
3270	203
3270	116
3270	80
3270	146
3270	214
3270	323
3270	291
3270	344
3271	267
3271	326
3271	198
3271	237
3271	352
3272	114
3272	266
3272	178
3272	230
3272	323
3273	313
3273	151
3273	267
3273	27
3273	146
3274	267
3274	198
3274	346
3274	11
3274	226
3274	214
3275	350
3275	14
3275	323
3275	291
3276	30
3276	198
3276	148
3276	22
3276	242
3277	270
3277	267
3277	178
3277	136
3277	291
3277	242
3278	313
3278	198
3278	230
3278	146
3278	150
3278	242
3279	114
3279	198
3279	346
3279	142
3279	344
3280	267
3280	203
3280	198
3280	230
3280	214
3280	356
3281	168
3281	267
3281	232
3281	331
3282	80
3282	86
3282	323
3283	267
3283	326
3283	331
3283	230
3283	142
3284	267
3284	261
3284	198
3284	26
3284	6
3284	347
3285	267
3285	114
3285	195
3285	198
3285	146
3285	10
3285	214
3286	167
3286	267
3286	230
3286	291
3286	323
3287	114
3287	14
3287	230
3287	323
3287	291
3288	167
3288	267
3288	314
3288	111
3288	198
3288	230
3288	242
3289	203
3289	195
3289	198
3290	163
3290	167
3290	264
3290	291
3290	323
3291	178
3291	331
3291	31
3291	226
3291	352
3292	146
3292	320
3292	323
3292	291
3293	267
3293	326
3293	198
3293	230
3293	167
3294	267
3294	230
3294	291
3294	285
3294	344
3294	167
3295	132
3295	245
3295	96
3295	291
3295	323
3296	114
3296	314
3296	230
3296	323
3296	291
3297	298
3297	30
3297	323
3297	291
3297	167
3298	154
3298	114
3298	198
3298	146
3298	214
3299	257
3299	224
3299	198
3299	146
3299	352
3300	267
3300	104
3300	198
3300	226
3300	146
3301	267
3301	111
3301	101
3301	323
3302	190
3302	198
3302	285
3302	344
3302	167
3303	267
3303	114
3303	326
3303	331
3303	352
3304	109
3304	195
3304	323
3305	267
3305	203
3305	121
3305	198
3305	146
3305	242
3306	266
3306	230
3306	323
3306	291
3307	314
3307	276
3307	323
3307	291
3308	267
3308	323
3308	291
3308	111
3308	167
3309	190
3309	101
3309	230
3309	323
3309	291
3310	267
3310	114
3310	198
3310	146
3310	214
3310	291
3311	132
3311	245
3311	86
3311	122
3311	242
3311	225
3312	195
3312	112
3312	323
3313	198
3313	323
3313	291
3314	134
3314	104
3314	224
3314	198
3314	146
3314	349
3315	167
3315	136
3315	291
3315	323
3316	308
3316	262
3316	198
3316	14
3316	209
3317	267
3317	114
3317	195
3317	198
3317	136
3317	214
3317	347
3318	267
3318	198
3318	230
3318	146
3318	291
3318	285
3319	198
3319	136
3319	258
3319	140
3319	242
3320	80
3320	86
3320	216
3320	122
3320	242
3320	225
3321	97
3321	203
3321	114
3321	104
3321	230
3321	258
3322	132
3322	198
3322	26
3322	146
3322	21
3323	264
3323	198
3323	11
3323	285
3323	344
3324	203
3324	198
3324	106
3324	209
3324	103
3325	267
3325	326
3325	230
3325	142
3325	146
3325	214
3326	267
3326	326
3326	14
3326	230
3326	150
3326	144
3327	314
3327	276
3327	102
3327	323
3328	351
3328	267
3328	157
3328	323
3328	344
3329	267
3329	114
3329	326
3329	230
3330	267
3330	232
3330	331
3330	157
3330	352
3331	267
3331	114
3331	198
3331	146
3331	291
3332	132
3332	245
3332	267
3332	198
3332	122
3332	242
3332	225
3332	171
3333	267
3333	14
3333	230
3333	323
3333	291
3334	208
3334	101
3334	14
3334	291
3335	270
3335	267
3335	109
3335	198
3335	146
3335	337
3335	242
3336	267
3336	350
3336	259
3336	230
3336	323
3337	169
3337	334
3337	195
3338	149
3338	313
3338	267
3338	198
3338	146
3339	267
3339	198
3339	94
3339	230
3339	146
3339	150
3340	253
3340	146
3340	291
3341	198
3341	323
3341	291
3342	167
3342	259
3342	146
3342	291
3342	323
3344	270
3344	114
3344	192
3344	115
3344	230
3344	242
3345	198
3345	146
3345	344
3346	267
3346	331
3346	146
3346	150
3346	214
3346	144
3347	331
3347	147
3348	267
3348	109
3348	198
3348	167
3349	73
3349	267
3349	114
3349	198
3349	230
3349	293
3350	351
3350	267
3350	198
3350	230
3350	285
3351	195
3351	198
3351	200
3351	80
3352	190
3352	198
3352	230
3352	276
3352	167
3353	163
3353	326
3353	291
3353	323
3354	314
3354	230
3354	323
3354	291
3355	267
3355	198
3355	14
3355	323
3355	291
3356	168
3356	114
3356	198
3356	146
3357	198
3357	31
3358	198
3358	26
3358	146
3358	144
3359	111
3359	198
3359	144
3359	242
3360	116
3360	14
3360	323
3361	351
3361	114
3361	198
3361	230
3361	146
3361	214
3361	285
3362	195
3362	347
3363	104
3363	230
3363	146
3363	22
3364	198
3364	119
3364	230
3364	146
3364	144
3365	267
3365	198
3365	230
3365	11
3365	214
3366	339
3366	267
3366	198
3366	230
3366	142
3366	150
3367	203
3367	195
3367	262
3367	167
3368	267
3368	326
3368	198
3368	230
3368	146
3369	167
3369	136
3369	291
3369	323
3370	168
3371	133
3371	266
3371	350
3371	259
3371	276
3372	203
3372	198
3372	146
3372	242
3373	267
3373	326
3373	331
3373	230
3373	144
3374	267
3374	350
3374	259
3374	230
3374	323
3375	198
3375	293
3375	146
3375	214
3375	167
3376	145
3376	350
3376	198
3376	146
3376	167
3377	342
3377	326
3377	104
3377	136
3377	214
3377	323
3378	127
3378	267
3378	331
3378	293
3379	351
3379	198
3379	230
3379	285
3379	167
3380	163
3380	267
3380	81
3380	291
3380	323
3381	136
3381	291
3381	323
3382	267
3382	198
3382	230
3382	214
3382	111
3382	167
3383	314
3383	14
3383	209
3384	267
3384	264
3384	114
3384	198
3384	146
3384	214
3385	198
3385	136
3385	230
3385	288
3385	146
3385	144
3385	214
3385	242
3386	198
3386	230
3386	146
3386	242
3387	109
3387	104
3387	198
3387	150
3388	203
3388	104
3388	198
3388	230
3388	142
3389	104
3389	276
3389	209
3390	267
3390	203
3390	198
3390	167
3391	267
3391	203
3391	262
3392	267
3392	114
3392	178
3392	326
3392	146
3392	214
3393	267
3393	198
3393	136
3393	230
3393	146
3394	267
3394	114
3394	198
3394	230
3394	150
3394	242
3395	267
3395	198
3395	142
3395	22
3395	242
3396	146
3396	144
3397	149
3397	346
3397	293
3397	349
3397	167
3398	114
3398	116
3398	198
3398	14
3398	230
3398	150
3399	198
3399	230
3399	209
3399	291
3400	203
3400	326
3400	331
3400	146
3400	214
3401	116
3401	198
3401	14
3402	267
3402	101
3402	198
3402	230
3402	167
3403	230
3403	146
3403	144
3403	348
3404	149
3404	192
3404	224
3404	157
3404	285
3405	267
3405	350
3405	198
3405	230
3405	276
3406	264
3406	230
3406	146
3407	167
3407	267
3407	259
3407	198
3407	144
3407	102
3407	242
3408	97
3408	203
3408	104
3409	267
3409	146
3409	323
3409	291
3410	101
3410	104
3410	31
3410	302
3410	167
3411	163
3411	267
3411	291
3411	323
3412	198
3412	142
3413	267
3413	198
3413	230
3413	276
3413	146
3414	331
3414	146
3415	331
3415	150
3416	104
3416	195
3417	351
3417	270
3417	267
3417	350
3417	291
3418	198
3418	142
3418	214
3418	111
3419	270
3419	350
3419	146
3419	347
3420	198
3420	26
3420	146
3420	214
3421	267
3421	276
3421	291
3422	182
3422	92
3422	230
3423	104
3423	346
3423	230
3423	253
3423	146
3424	134
3424	230
3424	276
3424	146
3424	144
3425	267
3425	259
3425	224
3425	146
3426	190
3426	136
3426	21
3426	344
3426	167
3427	270
3427	209
3427	22
3428	267
3428	114
3428	198
3428	230
3428	146
3429	342
3429	30
3429	198
3429	346
3429	344
3440	203
3440	104
3440	230
3440	253
3440	146
3441	267
3441	121
3441	109
3441	144
3441	361
3442	92
3442	285
3442	167
3443	267
3443	114
3443	195
3443	230
3443	150
3444	106
3444	80
3444	146
3444	86
3445	132
3445	245
3445	149
3445	198
3445	148
3445	122
3445	242
3445	225
3446	267
3446	331
3446	230
3446	146
3446	214
3446	167
3447	203
3447	104
3447	11
3448	197
3448	190
3448	198
3448	230
3448	148
3448	225
3449	167
3449	114
3449	197
3449	198
3449	144
3449	242
3450	104
3450	136
3451	19
3451	348
3452	267
3452	198
3452	347
3453	92
3453	88
3453	331
3453	346
3453	146
3454	132
3454	245
3454	149
3454	291
3454	122
3454	242
3454	225
3455	267
3455	146
3455	291
3455	167
3456	331
3456	332
3456	111
3456	359
3456	167
3457	270
3457	167
3457	267
3457	198
3457	146
3457	242
3458	313
3458	267
3458	198
3458	316
3458	225
3459	132
3459	245
3459	140
3459	216
3459	291
3459	122
3459	242
3459	225
3460	327
3460	195
3460	352
3461	267
3461	259
3461	293
3461	146
3461	86
3462	81
3462	306
3462	224
3462	17
3462	355
3463	270
3463	114
3463	266
3463	195
3464	350
3464	259
3464	230
3464	348
3465	267
3465	228
3465	146
3465	214
3465	349
3465	344
3466	350
3466	259
3466	11
3466	146
3466	102
3467	350
3467	80
3467	22
3467	323
3468	314
3468	157
3468	230
3468	253
3469	203
3469	114
3469	326
3469	104
3469	157
3469	136
3469	214
3470	157
3470	11
3471	267
3471	346
3471	136
3471	355
3471	344
3472	195
3473	313
3473	11
3473	98
3473	146
3473	214
3474	270
3474	267
3474	178
3474	350
3474	14
3475	306
3475	326
3475	104
3475	157
3475	136
3475	214
3475	323
3476	157
3476	80
3477	97
3477	104
3477	209
3478	132
3478	267
3478	230
3478	214
3478	285
3478	344
3479	92
3479	114
3479	157
3480	97
3480	136
3480	150
3481	136
3481	230
3481	276
3481	167
3482	116
3482	104
3482	14
3482	226
3482	146
3483	267
3483	195
3483	359
3483	167
3484	104
3484	214
3484	167
3485	92
3485	104
3486	327
3486	195
3486	157
3487	157
3487	80
3488	195
3488	157
3489	92
3489	7
3489	276
3489	209
3489	6
3490	203
3490	81
3490	107
3490	230
3490	209
3490	242
3490	225
3491	246
3491	114
3491	198
3491	230
3491	258
3491	22
3491	242
3491	225
3492	109
3492	114
3492	198
3492	126
3492	258
3492	242
3493	118
3493	114
3493	327
3493	198
3493	146
3493	258
3493	242
3493	225
3494	203
3494	282
3494	114
3494	198
3494	230
3494	242
3494	225
3494	5
3495	92
3495	114
3495	198
3495	230
3495	258
3495	144
3495	242
3495	225
3496	267
3496	203
3496	114
3496	115
3496	258
3496	242
3496	225
3497	149
3497	127
3497	156
3497	112
3497	198
3497	11
3497	242
3497	225
3498	264
3498	114
3498	198
3498	230
3498	258
3498	242
3498	225
3498	255
3499	163
3499	114
3499	198
3499	250
3499	242
3499	225
3499	217
3499	324
3500	203
3500	114
3500	198
3500	87
3500	230
3500	209
3500	242
3500	225
3501	81
3501	114
3501	198
3501	230
3501	276
3501	258
3501	242
3501	225
3502	163
3502	114
3502	198
3502	130
3502	230
3502	258
3502	242
3502	225
3503	203
3503	106
3503	230
3503	22
3503	291
3503	242
3503	225
3504	185
3504	19
3504	242
3505	88
3505	203
3505	114
3505	198
3505	230
3505	276
3505	242
3505	225
3506	203
3506	264
3506	114
3506	198
3506	230
3506	258
3506	242
3506	225
3507	163
3507	264
3507	114
3507	198
3507	230
3507	242
3507	225
3508	88
3508	114
3508	198
3508	26
3508	230
3508	144
3508	242
3508	225
3509	92
3509	114
3509	111
3509	198
3509	230
3509	258
3509	242
3509	225
3510	163
3510	264
3510	114
3510	198
3510	237
3510	31
3510	242
3510	225
3510	324
3511	264
3511	282
3511	198
3511	237
3511	230
3511	242
3511	225
3511	217
3512	81
3512	198
3512	106
3512	230
3512	276
3512	258
3512	242
3512	225
3513	127
3513	264
3513	114
3513	198
3513	237
3513	230
3513	242
3513	225
3514	114
3514	198
3514	185
3514	19
3514	242
3515	267
3515	203
3515	107
3515	209
3515	291
3515	242
3515	225
3516	88
3516	203
3516	114
3516	198
3516	237
3516	230
3516	242
3516	225
3517	163
3517	203
3517	264
3517	114
3517	198
3517	242
3517	225
3517	324
3518	264
3518	198
3518	26
3518	293
3518	226
3518	144
3518	242
3518	225
3519	114
3519	116
3519	198
3519	14
3519	230
3519	242
3519	225
3519	77
3520	114
3520	198
3520	106
3520	276
3520	258
3520	242
3520	225
3520	171
3521	203
3521	276
3521	209
3521	291
3521	242
3521	225
3521	78
3522	203
3522	114
3522	106
3522	230
3522	291
3522	242
3522	225
3523	264
3523	282
3523	114
3523	198
3523	237
3523	230
3523	242
3523	225
3524	26
3524	106
3524	230
3524	291
3524	242
3524	225
3524	5
3525	203
3525	209
3525	144
3525	22
3525	291
3525	242
3525	225
3526	114
3526	198
3526	136
3526	230
3526	250
3526	242
3526	225
3526	89
3527	92
3527	114
3527	198
3527	26
3527	230
3527	10
3527	242
3527	225
3528	81
3528	198
3528	136
3528	230
3528	276
3528	242
3528	225
3528	89
3529	163
3529	264
3529	114
3529	198
3529	230
3529	10
3529	242
3529	225
3529	324
3530	81
3530	114
3530	107
3530	230
3530	291
3530	243
3530	242
3530	225
3531	113
3531	26
3531	230
3531	291
3531	242
3531	225
3531	255
3532	182
3532	81
3532	114
3532	198
3532	106
3532	230
3532	242
3532	225
3533	203
3533	107
3533	106
3533	230
3533	252
3533	291
3533	242
3533	225
3534	264
3534	114
3534	306
3534	237
3534	230
3534	242
3534	225
3535	149
3535	114
3535	219
3535	198
3535	230
3535	242
3535	225
3535	271
3535	324
3536	185
3536	19
3536	242
3537	92
3537	282
3537	114
3537	198
3537	237
3537	230
3537	242
3537	225
3538	182
3538	270
3538	267
3538	114
3538	19
3538	242
3538	225
3539	26
3539	230
3539	10
3539	291
3539	242
3539	225
3539	5
3540	178
3540	113
3540	156
3540	230
3540	242
3540	225
3540	255
3541	263
3541	264
3541	114
3541	198
3541	237
3541	230
3541	242
3541	225
3542	203
3542	114
3542	276
3542	209
3542	21
3542	291
3542	242
3542	225
3543	73
3543	203
3543	114
3543	198
3543	106
3543	230
3543	242
3543	225
3544	203
3544	114
3544	26
3544	258
3544	291
3544	242
3544	225
3545	270
3545	121
3545	178
3545	259
3545	157
3545	136
3545	230
3545	146
3545	345
3546	203
3546	264
3546	114
3546	198
3546	228
3546	230
3546	242
3546	225
3547	230
3547	144
3547	291
3547	242
3547	225
3547	5
3548	163
3548	264
3548	114
3548	198
3548	237
3548	242
3548	225
3548	324
3549	114
3549	257
3549	198
3549	106
3549	230
3549	258
3549	242
3549	225
3550	203
3550	114
3550	198
3550	230
3550	258
3550	242
3550	225
3550	217
3551	81
3551	114
3551	198
3551	230
3551	258
3551	10
3551	242
3551	225
3552	81
3552	282
3552	106
3552	230
3552	276
3552	291
3552	242
3552	225
3553	264
3553	26
3553	237
3553	230
3553	144
3553	291
3553	242
3553	225
3554	114
3554	198
3554	185
3554	19
3554	242
3555	203
3555	264
3555	114
3555	198
3555	230
3555	258
3555	242
3555	225
3556	203
3556	26
3556	291
3556	242
3556	225
3556	78
3557	149
3557	267
3557	114
3557	230
3557	291
3557	242
3557	225
3557	255
3558	203
3558	114
3558	257
3558	106
3558	230
3558	291
3558	242
3558	225
3559	81
3559	114
3559	198
3559	87
3559	230
3559	258
3559	242
3559	225
3559	324
3560	163
3560	264
3560	114
3560	198
3560	237
3560	242
3560	225
3560	324
3561	26
3561	142
3561	21
3561	291
3561	242
3561	225
3562	113
3562	230
3562	293
3562	146
3562	291
3562	242
3562	225
3562	5
3563	81
3563	114
3563	198
3563	230
3563	258
3563	10
3563	242
3563	225
3564	264
3564	114
3564	198
3564	237
3564	230
3564	258
3564	242
3564	225
3565	203
3565	106
3565	209
3565	258
3565	22
3565	291
3565	242
3565	225
3566	264
3566	114
3566	198
3566	31
3566	230
3566	337
3566	242
3566	225
3567	81
3567	276
3567	142
3567	102
3567	291
3567	242
3567	225
3568	313
3568	203
3568	114
3568	198
3568	106
3568	230
3568	242
3568	225
3569	163
3569	72
3569	264
3569	114
3569	198
3569	242
3569	225
3569	324
3570	203
3570	81
3570	107
3570	106
3570	230
3570	291
3570	214
3570	242
3570	225
3571	326
3571	26
3571	230
3571	276
3571	291
3571	242
3571	225
3572	203
3572	114
3572	178
3572	198
3572	230
3572	258
3572	242
3572	225
3573	203
3573	114
3573	26
3573	106
3573	230
3573	291
3573	242
3573	225
3574	92
3574	114
3574	198
3574	237
3574	230
3574	146
3574	214
3574	242
3574	225
3575	26
3575	106
3575	230
3575	144
3575	242
3575	225
3575	5
3576	203
3576	114
3576	198
3576	107
3576	230
3576	258
3576	242
3576	225
3577	203
3577	114
3577	198
3577	107
3577	230
3577	258
3577	242
3577	225
3578	88
3578	114
3578	198
3578	136
3578	230
3578	258
3578	242
3578	225
3579	203
3579	81
3579	113
3579	106
3579	230
3579	291
3579	214
3579	242
3579	225
3580	230
3580	146
3580	10
3580	291
3580	242
3580	225
3580	5
3581	264
3581	114
3581	178
3581	198
3581	31
3581	230
3581	242
3581	225
3582	264
3582	114
3582	198
3582	230
3582	276
3582	258
3582	214
3582	242
3582	225
3583	264
3583	114
3583	178
3583	198
3583	237
3583	230
3583	242
3583	225
3584	81
3584	114
3584	224
3584	198
3584	230
3584	258
3584	242
3584	225
3585	97
3585	203
3585	114
3585	198
3585	230
3585	242
3585	225
3585	78
3586	97
3586	203
3586	115
3586	198
3586	230
3586	258
3586	242
3586	225
3587	203
3587	114
3587	198
3587	106
3587	230
3587	242
3587	225
3587	171
3588	114
3588	106
3588	230
3588	258
3588	10
3588	291
3588	242
3588	225
3589	114
3589	198
3589	237
3589	230
3589	258
3589	10
3589	214
3589	242
3589	225
3590	203
3590	114
3590	198
3590	106
3590	230
3590	258
3590	242
3590	225
3591	264
3591	106
3591	237
3591	230
3591	291
3591	242
3591	225
3592	198
3592	185
3592	19
3592	242
3593	2
3594	198
3594	230
3594	146
3594	144
3594	301
3594	242
3594	225
3594	5
3595	114
3595	276
3595	288
3595	102
3595	291
3595	242
3595	225
3596	81
3596	114
3596	106
3596	230
3596	258
3596	291
3596	242
3596	225
3597	264
3597	114
3597	178
3597	198
3597	237
3597	230
3597	242
3597	225
3598	264
3598	237
3598	230
3598	213
3598	291
3598	242
3598	225
3599	92
3599	282
3599	114
3599	198
3599	230
3599	258
3599	214
3599	242
3599	225
3600	114
3600	198
3600	230
3600	258
3600	22
3600	242
3600	225
3600	79
3601	114
3601	113
3601	106
3601	230
3601	10
3601	291
3601	242
3601	225
3602	114
3602	198
3602	26
3602	237
3602	230
3602	276
3602	242
3602	225
3602	324
3603	264
3603	114
3603	178
3603	198
3603	230
3603	258
3603	242
3603	225
3604	92
3604	114
3604	198
3604	230
3604	258
3604	10
3604	214
3604	242
3604	225
3605	245
3605	237
3605	230
3605	291
3605	242
3605	225
3606	203
3606	114
3606	198
3606	26
3606	106
3606	230
3606	242
3606	225
3607	203
3607	113
3607	26
3607	106
3607	230
3607	291
3607	242
3607	225
3608	267
3608	203
3608	114
3608	178
3608	230
3608	291
3608	214
3608	242
3608	225
3609	203
3609	114
3609	198
3609	272
3609	230
3609	258
3609	242
3609	225
3610	245
3610	114
3610	230
3610	291
3610	242
3610	225
3611	114
3611	198
3611	237
3611	228
3611	230
3611	144
3611	242
3611	225
3612	114
3612	198
3612	237
3612	230
3612	258
3612	214
3612	242
3612	225
3612	89
3613	282
3613	178
3613	26
3613	237
3613	230
3613	291
3613	214
3613	242
3613	225
3614	267
3614	26
3614	106
3614	230
3614	146
3614	291
3614	214
3614	242
3614	225
3615	326
3615	26
3615	230
3615	102
3615	291
3615	242
3615	225
3616	88
3616	203
3616	114
3616	198
3616	106
3616	230
3616	242
3616	225
3617	203
3617	81
3617	230
3617	276
3617	10
3617	291
3617	214
3617	242
3617	225
3618	245
3618	114
3618	198
3618	237
3618	230
3618	242
3618	225
3619	264
3619	282
3619	114
3619	198
3619	237
3619	230
3619	214
3619	242
3619	225
3620	267
3620	203
3620	114
3620	276
3620	102
3620	291
3620	242
3620	225
3621	114
3621	106
3621	230
3621	291
3621	242
3621	225
3622	81
3622	114
3622	198
3622	230
3622	276
3622	258
3622	214
3622	242
3622	225
3623	203
3623	81
3623	264
3623	230
3623	144
3623	291
3623	214
3623	242
3623	225
3624	203
3624	114
3624	198
3624	26
3624	230
3624	258
3624	242
3624	225
3625	203
3625	81
3625	178
3625	106
3625	230
3625	214
3625	225
3626	114
3626	178
3626	198
3626	237
3626	230
3626	258
3626	242
3626	225
3627	267
3627	26
3627	230
3627	144
3627	213
3627	225
3628	264
3628	114
3628	198
3628	228
3628	230
3628	258
3628	242
3628	225
3629	203
3629	209
3629	33
3629	291
3629	225
3629	78
3630	203
3630	106
3630	144
3630	22
3630	291
3630	225
3631	264
3631	282
3631	114
3631	198
3631	230
3631	10
3631	214
3631	242
3631	225
3632	264
3632	237
3632	230
3632	291
3632	225
3633	267
3633	114
3633	26
3633	230
3633	291
3633	225
3634	264
3634	282
3634	114
3634	198
3634	230
3634	258
3634	242
3634	225
3635	276
3635	209
3635	102
3635	291
3635	323
3635	242
3635	225
3636	245
3636	92
3636	114
3636	195
3636	198
3636	230
3636	242
3636	225
3637	203
3637	264
3637	114
3637	178
3637	198
3637	230
3637	214
3637	242
3637	225
3638	203
3638	264
3638	114
3638	198
3638	106
3638	31
3638	242
3638	225
3639	198
3639	185
3639	19
3639	242
3640	326
3640	26
3640	276
3640	144
3640	21
3640	291
3640	214
3640	225
3641	203
3641	114
3641	198
3641	119
3641	230
3641	242
3641	225
3641	78
3642	114
3642	106
3642	258
3642	291
3642	323
3642	242
3642	225
3643	114
3643	257
3643	198
3643	106
3643	230
3643	258
3643	242
3643	225
3644	267
3644	114
3644	288
3644	102
3644	291
3644	225
3645	203
3645	114
3645	198
3645	155
3645	22
3645	150
3645	242
3645	225
3646	88
3646	113
3646	306
3646	198
3646	228
3646	230
3646	214
3646	242
3646	225
3647	264
3647	114
3647	198
3647	230
3647	150
3647	214
3647	242
3647	225
3648	114
3648	198
3648	230
3648	96
3648	146
3648	10
3648	242
3648	225
3648	324
3649	114
3649	198
3649	31
3649	230
3649	258
3649	242
3649	225
3649	78
3650	203
3650	282
3650	114
3650	198
3650	230
3650	258
3650	214
3650	242
3650	225
3650	324
3651	267
3651	26
3651	230
3651	291
3651	225
3652	132
3652	203
3652	264
3652	114
3652	198
3652	242
3652	225
3653	114
3653	198
3653	106
3653	258
3653	242
3653	225
3654	195
3654	26
3654	142
3654	21
3654	291
3654	225
3655	203
3655	264
3655	198
3655	106
3655	230
3655	242
3655	225
3656	282
3656	114
3656	198
3656	237
3656	230
3656	214
3656	242
3656	225
3657	264
3657	114
3657	198
3657	237
3657	230
3657	242
3657	225
3658	114
3658	198
3658	26
3658	230
3658	226
3658	10
3658	242
3658	225
3659	203
3659	282
3659	319
3659	230
3659	291
3659	225
3660	203
3660	114
3660	192
3660	237
3660	230
3660	291
3660	225
3661	92
3661	81
3661	114
3661	198
3661	230
3661	258
3661	214
3661	242
3661	225
3662	114
3662	216
3662	291
3662	323
3662	225
3663	92
3663	114
3663	198
3663	237
3663	130
3663	230
3663	214
3663	242
3663	225
3664	203
3664	264
3664	282
3664	114
3664	198
3664	230
3664	214
3664	242
3664	225
3665	185
3665	19
3665	242
3666	149
3666	168
3666	264
3666	157
3666	230
3666	214
3666	225
3667	264
3667	282
3667	114
3667	198
3667	87
3667	230
3667	242
3667	225
3668	264
3668	282
3668	114
3668	198
3668	106
3668	230
3668	242
3668	225
3669	203
3669	81
3669	106
3669	230
3669	22
3669	291
3669	225
3670	264
3670	114
3670	198
3670	237
3670	230
3670	10
3670	242
3670	225
3671	109
3671	264
3671	114
3671	198
3671	237
3671	230
3671	242
3671	225
3672	245
3672	270
3672	310
3672	114
3672	198
3672	337
3672	242
3672	225
3673	264
3673	114
3673	198
3673	237
3673	230
3673	258
3673	214
3673	242
3673	225
3674	109
3674	114
3674	198
3674	237
3674	230
3674	258
3674	242
3674	225
3674	289
3675	168
3675	267
3675	230
3675	291
3675	323
3675	225
3676	198
3676	185
3676	19
3676	242
3677	114
3677	115
3677	258
3677	291
3677	323
3677	242
3677	225
3678	264
3678	114
3678	198
3678	230
3678	258
3678	242
3678	225
3679	203
3679	81
3679	114
3679	178
3679	198
3679	230
3679	242
3679	225
3679	289
3680	245
3680	270
3680	92
3680	114
3680	198
3680	258
3680	242
3680	225
3681	81
3681	114
3681	198
3681	237
3681	228
3681	230
3681	214
3681	242
3681	225
3682	264
3682	114
3682	198
3682	228
3682	230
3682	214
3682	242
3682	225
3683	149
3683	326
3683	198
3683	237
3683	230
3683	21
3683	242
3683	225
3684	203
3684	114
3684	116
3684	198
3684	26
3684	230
3684	242
3684	225
3685	114
3685	326
3685	198
3685	87
3685	230
3685	144
3685	242
3685	225
3686	114
3686	198
3686	230
3686	10
3686	242
3686	225
3687	81
3687	114
3687	178
3687	198
3687	230
3687	242
3687	225
3688	203
3688	114
3688	115
3688	198
3688	230
3688	258
3688	242
3688	225
3689	114
3689	198
3689	237
3689	230
3689	276
3689	258
3689	242
3689	225
3690	270
3690	192
3690	230
3690	146
3690	291
3690	225
3691	88
3691	114
3691	198
3691	237
3691	230
3691	242
3691	225
3692	203
3692	114
3692	327
3692	258
3692	291
3692	225
3693	203
3693	114
3693	192
3693	198
3693	237
3693	230
3693	242
3693	225
3694	167
3694	230
3694	288
3694	291
3694	225
3695	203
3695	81
3695	114
3695	198
3695	230
3695	80
3695	242
3695	225
3696	264
3696	282
3696	114
3696	198
3696	237
3696	230
3696	214
3696	242
3696	225
3697	264
3697	114
3697	198
3697	230
3697	258
3697	10
3697	242
3697	225
3698	245
3698	114
3698	198
3698	237
3698	230
3698	242
3698	225
3699	167
3699	205
3699	323
3699	225
3700	198
3700	2
3700	19
3700	242
3701	334
3701	81
3701	114
3701	208
3701	198
3701	230
3701	242
3701	225
3702	203
3702	114
3702	198
3702	230
3702	209
3702	146
3702	242
3702	225
3703	109
3703	114
3703	31
3703	276
3703	291
3703	214
3703	225
3704	267
3704	114
3704	276
3704	288
3704	291
3704	225
3705	114
3705	198
3705	237
3705	302
3705	230
3705	209
3705	242
3705	225
3706	245
3706	114
3706	178
3706	91
3706	198
3706	230
3706	242
3706	225
3707	245
3707	26
3707	146
3707	214
3707	225
3708	203
3708	114
3708	115
3708	198
3708	302
3708	230
3708	242
3708	225
3709	264
3709	114
3709	178
3709	198
3709	237
3709	230
3709	242
3709	225
3710	245
3710	237
3710	230
3710	291
3710	225
3711	114
3711	198
3711	26
3711	237
3711	230
3711	258
3711	242
3711	225
3712	334
3712	92
3712	282
3712	114
3712	198
3712	230
3712	242
3712	225
3713	203
3713	114
3713	198
3713	230
3713	258
3713	22
3713	242
3713	225
3714	203
3714	81
3714	114
3714	198
3714	230
3714	258
3714	242
3714	225
3715	114
3715	115
3715	198
3715	276
3715	258
3715	242
3715	225
3716	203
3716	195
3716	209
3716	22
3716	33
3716	214
3716	225
3717	81
3717	114
3717	198
3717	26
3717	230
3717	242
3717	225
3717	89
3718	334
3718	114
3718	198
3718	228
3718	230
3718	242
3718	225
3719	114
3719	219
3719	198
3719	230
3719	80
3719	242
3719	225
3720	92
3720	114
3720	326
3720	198
3720	26
3720	230
3720	242
3720	225
3721	203
3721	114
3721	319
3721	198
3721	230
3721	258
3721	242
3721	225
3722	132
3722	230
3722	291
3722	214
3722	225
3723	203
3723	264
3723	114
3723	198
3723	237
3723	230
3723	242
3723	225
3724	203
3724	264
3724	114
3724	198
3724	155
3724	230
3724	242
3724	225
3725	100
3725	81
3725	114
3725	192
3725	198
3725	230
3725	242
3725	225
3726	114
3726	178
3726	224
3726	198
3726	230
3726	301
3726	242
3726	225
3727	339
3727	114
3727	178
3727	198
3727	230
3727	258
3727	242
3727	225
3728	267
3728	81
3728	114
3728	230
3728	291
3728	214
3728	225
3729	88
3729	114
3729	198
3729	230
3729	288
3729	242
3729	225
3730	264
3730	114
3730	198
3730	106
3730	102
3730	242
3731	114
3731	198
3731	136
3731	230
3731	288
3731	242
3731	225
3732	109
3732	114
3732	198
3732	230
3732	258
3732	242
3732	225
3733	132
3733	203
3733	81
3733	114
3733	198
3733	230
3733	242
3733	225
3734	114
3734	291
3734	214
3734	225
3735	114
3735	198
3735	230
3735	288
3735	242
3735	225
3736	114
3736	198
3736	258
3736	242
3736	225
3737	109
3737	114
3737	198
3737	230
3737	144
3737	242
3737	225
3738	114
3738	198
3738	230
3738	144
3738	207
3738	242
3738	225
3738	131
3739	245
3739	114
3739	314
3739	198
3739	155
3739	230
3739	242
3739	225
3740	203
3740	264
3740	282
3740	114
3740	198
3740	230
3740	242
3740	225
3741	203
3741	81
3741	114
3741	116
3741	198
3741	230
3741	242
3741	225
3742	114
3742	198
3742	14
3742	106
3742	230
3742	258
3742	242
3742	225
3743	264
3743	114
3743	198
3743	237
3743	230
3743	10
3743	242
3743	225
3744	81
3744	114
3744	326
3744	198
3744	230
3744	142
3744	242
3744	225
3745	203
3745	114
3745	198
3745	230
3745	22
3745	242
3745	225
3746	113
3746	156
3746	198
3746	106
3746	103
3746	242
3746	225
3747	109
3747	114
3747	198
3747	230
3747	258
3747	242
3747	225
3748	114
3748	224
3748	198
3748	272
3748	230
3748	258
3748	242
3748	225
3749	270
3749	114
3749	266
3749	106
3749	291
3749	214
3749	225
3750	203
3750	114
3750	327
3750	198
3750	230
3750	258
3750	242
3750	225
3751	109
3751	114
3751	296
3751	115
3751	198
3751	106
3751	214
3751	242
3751	225
3752	88
3752	114
3752	198
3752	21
3752	214
3752	242
3752	225
3753	114
3753	178
3753	115
3753	198
3753	258
3753	102
3753	242
3753	225
3754	151
3754	114
3754	198
3754	230
3754	258
3754	297
3754	242
3754	225
3755	149
3755	163
3755	264
3755	114
3755	198
3755	237
3755	214
3755	242
3755	225
3756	203
3756	81
3756	109
3756	114
3756	198
3756	230
3756	242
3756	225
3757	109
3757	198
3757	136
3757	258
3757	337
3757	214
3757	242
3757	225
3758	203
3758	114
3758	115
3758	198
3758	230
3758	258
3758	242
3758	225
3759	73
3759	114
3759	198
3759	258
3759	337
3759	214
3759	242
3759	225
3760	114
3760	115
3760	198
3760	258
3760	242
3760	225
3761	114
3761	178
3761	223
3761	198
3761	258
3761	214
3761	242
3761	225
3762	88
3762	114
3762	223
3762	198
3762	316
3762	230
3762	242
3762	225
3763	245
3763	264
3763	114
3763	198
3763	230
3763	214
3763	242
3763	225
3764	114
3764	115
3764	198
3764	31
3764	230
3764	258
3764	242
3764	225
3765	81
3765	114
3765	115
3765	198
3765	258
3765	22
3765	214
3765	242
3765	225
3766	92
3766	114
3766	198
3766	26
3766	228
3766	258
3766	242
3766	225
3767	114
3767	178
3767	198
3767	31
3767	302
3767	102
3767	214
3767	242
3767	225
3768	203
3768	114
3768	115
3768	198
3768	258
3768	22
3768	242
3768	225
3769	245
3769	114
3769	198
3769	96
3769	214
3769	242
3769	225
3770	245
3770	264
3770	114
3770	198
3770	237
3770	230
3770	242
3770	225
3771	203
3771	264
3771	114
3771	198
3771	22
3771	33
3771	214
3771	242
3771	225
3772	235
3772	84
3772	114
3772	198
3772	106
3772	258
3772	242
3772	225
3773	203
3773	81
3773	114
3773	198
3773	276
3773	258
3773	214
3773	242
3773	225
3774	203
3774	114
3774	115
3774	198
3774	209
3774	258
3774	242
3774	225
3775	88
3775	264
3775	114
3775	198
3775	237
3775	214
3775	242
3775	225
3776	264
3776	114
3776	198
3776	230
3776	258
3776	242
3776	225
3777	88
3777	114
3777	198
3777	230
3777	258
3777	6
3777	242
3778	245
3778	149
3778	166
3778	81
3778	114
3778	198
3778	214
3778	242
3778	225
3779	267
3779	114
3779	26
3779	106
3779	291
3779	242
3779	273
3780	203
3780	114
3780	178
3780	198
3780	258
3780	33
3780	242
3780	225
3781	270
3781	267
3781	114
3781	291
3781	323
3781	242
3782	264
3782	114
3782	198
3782	237
3782	258
3782	148
3782	214
3782	242
3782	225
3783	264
3783	114
3783	198
3783	237
3783	230
3783	10
3783	242
3783	225
3784	339
3784	114
3784	198
3784	237
3784	258
3784	214
3784	242
3784	225
3785	132
3785	267
3785	114
3785	291
3785	242
3786	114
3786	178
3786	115
3786	198
3786	230
3786	258
3786	242
3786	225
3787	264
3787	114
3787	198
3787	237
3787	228
3787	214
3787	242
3787	225
3788	114
3788	115
3788	198
3788	31
3788	293
3788	258
3788	242
3788	225
3789	203
3789	114
3789	178
3789	198
3789	272
3789	258
3789	214
3789	242
3789	225
3790	88
3790	114
3790	198
3790	209
3790	258
3790	242
3790	225
3791	149
3791	114
3791	319
3791	198
3791	258
3791	214
3791	242
3791	225
3792	264
3792	114
3792	115
3792	198
3792	228
3792	258
3792	242
3792	225
3793	88
3793	203
3793	178
3793	7
3793	214
3793	291
3793	347
3794	114
3794	178
3794	115
3794	198
3794	205
3794	258
3794	242
3794	225
3794	54
3795	339
3795	81
3795	114
3795	198
3795	258
3795	22
3795	214
3795	242
3795	225
3796	109
3796	230
3796	291
3796	214
3796	225
3797	114
3797	198
3797	106
3797	22
3797	150
3797	103
3797	214
3797	242
3797	225
3798	114
3798	198
3798	228
3798	31
3798	230
3798	258
3798	242
3798	225
3799	114
3799	115
3799	14
3799	237
3799	291
3799	225
3800	88
3800	114
3800	319
3800	198
3800	230
3800	214
3800	242
3800	225
3801	114
3801	136
3801	106
3801	258
3801	291
3801	317
3802	109
3802	114
3802	178
3802	198
3802	337
3802	242
3802	225
3803	114
3803	115
3803	209
3803	291
3803	207
3803	317
3804	293
3804	146
3804	291
3804	214
3804	225
3805	114
3805	198
3805	2
3805	19
3805	242
3806	114
3806	326
3806	198
3806	272
3806	258
3806	214
3806	242
3806	225
3807	88
3807	114
3807	198
3807	230
3807	242
3807	225
3808	109
3808	114
3808	230
3808	258
3808	337
3808	291
3808	225
3809	114
3809	115
3809	337
3809	291
3809	207
3809	317
3810	203
3810	114
3810	198
3810	214
3810	242
3810	225
3811	114
3811	178
3811	198
3811	258
3811	242
3811	225
3812	132
3812	114
3812	146
3812	291
3812	317
3813	270
3813	114
3813	115
3813	198
3813	26
3813	146
3813	242
3813	225
3814	245
3814	270
3814	114
3814	198
3814	230
3814	214
3814	225
3814	171
3815	291
3815	323
3815	225
3816	81
3816	209
3816	146
3816	291
3816	214
3816	225
3817	313
3817	114
3817	115
3817	198
3817	258
3817	242
3817	225
3818	270
3818	114
3818	178
3818	115
3818	198
3818	258
3818	214
3818	242
3818	225
3819	203
3819	114
3819	198
3819	237
3819	230
3819	258
3819	242
3819	225
3820	267
3820	81
3820	11
3820	214
3820	291
3820	347
3821	114
3821	326
3821	198
3821	258
3821	144
3821	214
3821	242
3821	225
3822	114
3822	115
3822	198
3822	136
3822	230
3822	258
3822	242
3822	225
3823	114
3823	198
3823	136
3823	230
3823	258
3823	225
3823	171
3824	203
3824	114
3824	326
3824	258
3824	214
3824	242
3824	225
3825	114
3825	342
3825	198
3825	94
3825	87
3825	150
3826	203
3826	81
3826	276
3826	209
3826	291
3826	225
3827	114
3827	198
3827	155
3827	230
3827	258
3827	242
3827	225
3828	351
3828	88
3828	151
3828	214
3828	291
3828	285
3828	344
3829	114
3829	198
3829	136
3829	146
3829	10
3829	214
3829	242
3829	225
3830	203
3830	81
3830	114
3830	106
3830	291
3830	225
3831	334
3831	109
3831	114
3831	198
3831	136
3831	242
3831	225
3832	114
3832	106
3832	258
3832	291
3832	207
3832	317
3833	203
3833	81
3833	7
3833	214
3833	291
3833	347
3834	264
3834	114
3834	198
3834	107
3834	237
3834	214
3834	291
3835	132
3835	245
3835	264
3835	198
3835	258
3835	214
3835	242
3835	225
3836	88
3836	267
3836	203
3836	142
3836	214
3836	323
3836	225
3837	203
3837	113
3837	156
3837	106
3837	291
3837	225
3838	264
3838	114
3838	115
3838	198
3838	228
3838	230
3838	242
3838	225
3839	267
3839	195
3839	291
3839	225
3839	162
3840	264
3840	114
3840	178
3840	198
3840	228
3840	214
3840	242
3840	225
3841	114
3841	327
3841	198
3841	301
3841	242
3841	225
3842	198
3842	19
3842	348
3843	198
3843	2
3843	19
3843	242
3844	264
3844	114
3844	198
3844	230
3844	148
3844	242
3844	225
3845	298
3845	198
3845	209
3845	258
3845	22
3845	214
3845	242
3845	225
3846	114
3846	314
3846	198
3846	136
3846	230
3846	242
3846	225
3847	114
3847	198
3847	237
3847	250
3847	214
3847	242
3847	225
3848	114
3848	115
3848	258
3848	291
3848	317
3849	114
3849	115
3849	198
3849	230
3849	258
3849	242
3849	225
3850	195
3850	198
3850	230
3850	214
3850	291
3851	81
3851	114
3851	198
3851	107
3851	214
3851	242
3851	225
3852	114
3852	198
3852	2
3852	19
3852	242
3853	264
3853	114
3853	115
3853	198
3853	230
3853	242
3853	225
3854	270
3854	81
3854	114
3854	198
3854	230
3854	291
3854	214
3854	225
3855	203
3855	114
3855	198
3855	130
3855	230
3855	258
3855	214
3855	242
3855	225
3856	282
3856	114
3856	115
3856	198
3856	230
3856	242
3856	225
3857	313
3857	81
3857	114
3857	198
3857	258
3857	214
3857	242
3857	225
3858	198
3858	19
3858	348
3859	114
3859	115
3859	195
3859	291
3859	207
3859	317
3860	164
3860	114
3860	198
3860	237
3860	130
3860	230
3860	242
3860	225
3861	132
3861	245
3861	81
3861	264
3861	114
3861	198
3861	214
3861	242
3861	225
3862	168
3862	95
3862	81
3862	114
3862	198
3862	230
3862	242
3862	225
3863	88
3863	203
3863	114
3863	115
3863	258
3863	291
3863	225
3863	162
3864	203
3864	114
3864	115
3864	319
3864	291
3864	225
3865	81
3865	114
3865	327
3865	198
3865	106
3865	214
3865	242
3865	225
3866	203
3866	81
3866	114
3866	291
3866	225
3867	163
3867	264
3867	114
3867	106
3867	214
3867	291
3868	81
3868	114
3868	198
3868	14
3868	230
3868	258
3868	242
3868	225
3869	267
3869	114
3869	209
3869	22
3869	291
3869	214
3869	225
3870	245
3870	114
3870	198
3870	146
3870	22
3870	214
3870	242
3870	225
3871	114
3871	198
3871	2
3871	19
3871	242
3872	88
3872	114
3872	198
3872	230
3872	242
3872	225
3873	114
3873	115
3873	198
3873	225
3873	171
3873	162
3874	81
3874	264
3874	114
3874	198
3874	237
3874	214
3874	242
3874	225
3875	114
3875	115
3875	323
3875	317
3876	270
3876	114
3876	115
3876	198
3876	230
3876	258
3876	242
3876	225
3877	163
3877	339
3877	203
3877	264
3877	291
3877	225
3878	245
3878	125
3878	114
3878	198
3878	228
3878	214
3878	242
3878	225
3879	264
3879	114
3879	115
3879	198
3879	230
3879	258
3879	242
3879	225
3880	109
3880	114
3880	178
3880	198
3880	258
3880	214
3880	242
3880	225
3881	209
3881	291
3881	225
3882	114
3882	26
3882	364
3883	203
3883	114
3883	115
3883	198
3883	258
3883	242
3883	225
3884	270
3884	114
3884	115
3884	230
3884	258
3884	291
3884	225
3884	162
3885	163
3885	264
3885	178
3885	228
3885	291
3885	225
3886	109
3886	114
3886	198
3886	230
3886	214
3886	242
3886	225
3887	88
3887	95
3887	114
3887	258
3887	291
3887	214
3887	317
3888	166
3888	114
3888	115
3888	198
3888	230
3888	258
3888	242
3888	225
3889	114
3889	115
3889	198
3889	26
3889	146
3889	225
3889	171
3890	245
3890	163
3890	264
3890	291
3890	214
3890	225
3891	245
3891	198
3891	225
3891	171
3892	114
3892	115
3892	276
3892	258
3892	291
3892	317
3893	81
3893	114
3893	198
3893	214
3893	242
3893	225
3894	114
3894	198
3894	225
3894	171
3895	245
3895	114
3895	91
3895	115
3895	198
3895	230
3895	242
3895	225
3896	270
3896	109
3896	114
3896	115
3896	258
3896	291
3896	225
3897	236
3897	197
3897	342
3897	136
3897	291
3897	214
3897	225
3897	162
3898	88
3898	114
3898	261
3898	308
3898	198
3898	6
3898	214
3898	242
3898	225
3899	114
3899	115
3899	258
3899	323
3899	207
3899	291
3900	81
3900	114
3900	115
3900	198
3900	302
3900	258
3900	242
3900	225
3901	92
3901	114
3901	276
3901	258
3901	291
3901	317
3902	114
3902	198
3902	146
3902	214
3902	242
3902	225
3903	114
3903	115
3903	291
3903	323
3903	207
3903	317
3904	97
3904	203
3904	114
3904	115
3904	198
3904	106
3904	242
3904	225
3905	203
3905	26
3905	276
3905	142
3905	214
3905	323
3905	225
3906	264
3906	80
3906	291
3907	81
3907	114
3907	198
3907	230
3907	258
3907	214
3907	242
3907	225
3908	245
3908	291
3908	323
3908	225
3909	339
3909	264
3909	114
3909	115
3909	198
3909	258
3909	242
3909	225
3910	156
3910	291
3910	225
3911	149
3911	214
3911	291
3911	347
3912	114
3912	136
3912	258
3912	291
3912	323
3912	317
3913	114
3913	178
3913	258
3913	144
3913	214
3913	242
3913	225
3914	267
3914	326
3914	276
3914	144
3914	291
3914	214
3914	225
3915	114
3915	115
3915	258
3915	323
3915	207
3915	291
3916	203
3916	114
3916	115
3916	198
3916	230
3916	258
3916	242
3916	225
3917	245
3917	173
3917	81
3917	114
3917	261
3917	198
3917	242
3917	225
3918	132
3918	216
3918	291
3918	225
3919	326
3919	288
3919	291
3919	225
3920	109
3920	114
3920	115
3920	198
3920	230
3920	258
3920	242
3920	225
3921	97
3921	203
3921	114
3921	198
3921	214
3921	207
3921	242
3921	225
3922	270
3922	114
3922	115
3922	198
3922	230
3922	258
3922	242
3922	225
3923	270
3923	81
3923	114
3923	115
3923	258
3923	291
3923	225
3924	163
3924	114
3924	198
3924	237
3924	225
3924	171
3924	162
3925	114
3925	178
3925	195
3925	319
3925	198
3925	214
3925	242
3925	225
3926	114
3926	115
3926	195
3926	291
3926	317
3927	88
3927	114
3927	198
3927	242
3927	225
3928	195
3928	276
3928	291
3928	214
3928	225
3929	264
3929	228
3929	230
3929	291
3929	225
3930	339
3930	114
3930	198
3930	258
3930	150
3930	214
3930	242
3930	225
3931	114
3931	111
3931	115
3931	198
3931	258
3931	242
3931	225
3932	114
3932	26
3932	291
3932	225
3933	95
3933	114
3933	198
3933	214
3933	242
3933	225
3934	267
3934	230
3934	11
3934	142
3934	291
3934	214
3934	225
3935	163
3935	264
3935	114
3935	198
3935	242
3935	225
3936	114
3936	306
3936	198
3936	19
3936	242
3937	245
3937	114
3937	198
3937	26
3937	140
3937	214
3937	242
3937	225
3938	163
3938	203
3938	276
3938	142
3938	291
3938	214
3938	225
3939	203
3939	276
3939	102
3939	22
3939	291
3939	225
3940	114
3940	115
3940	80
3940	291
3940	207
3940	317
3941	73
3941	264
3941	114
3941	198
3941	237
3941	242
3941	225
3942	149
3942	264
3942	114
3942	319
3942	198
3942	258
3942	214
3942	242
3942	225
3943	151
3943	264
3943	114
3943	156
3943	291
3943	214
3943	225
3944	127
3944	203
3944	156
3944	103
3944	291
3944	214
3944	225
3945	291
3945	214
3945	242
3945	225
3946	203
3946	114
3946	230
3946	291
3946	214
3946	225
3947	270
3947	114
3947	115
3947	230
3947	258
3947	291
3947	323
3947	225
3948	114
3948	115
3948	258
3948	225
3949	245
3949	88
3949	114
3949	198
3949	242
3949	225
3950	114
3950	291
3950	225
3951	149
3951	92
3951	114
3951	198
3951	214
3951	242
3951	225
3952	291
3952	214
3952	225
3953	245
3953	264
3953	198
3953	237
3953	228
3953	242
3953	225
3954	245
3954	203
3954	114
3954	198
3954	258
3954	214
3954	242
3954	225
3955	264
3955	237
3955	291
3955	214
3955	225
3956	245
3956	291
3956	225
3956	162
3957	114
3957	198
3957	31
3957	209
3957	258
3957	6
3957	214
3957	242
3957	225
3958	276
3958	291
3958	214
3958	225
3958	162
3959	163
3959	114
3959	198
3959	242
3959	225
3960	245
3960	264
3960	291
3960	225
3960	162
3961	81
3961	114
3961	198
3961	136
3961	293
3961	146
3961	214
3961	242
3961	225
3962	203
3962	114
3962	198
3962	225
3962	171
3963	264
3963	282
3963	114
3963	178
3963	198
3963	242
3963	225
3964	163
3964	264
3964	276
3964	291
3964	214
3964	225
3965	245
3965	264
3965	291
3965	225
3966	276
3966	142
3966	102
3966	214
3966	323
3966	291
3967	203
3967	114
3967	7
3967	198
3967	106
3967	22
3967	103
3967	214
3967	242
3967	225
3968	134
3968	195
3968	291
3968	214
3968	323
3968	225
3969	163
3969	264
3969	114
3969	198
3969	237
3969	242
3969	225
3970	114
3970	195
3970	26
3970	291
3970	225
3971	245
3971	163
3971	264
3971	291
3971	214
3971	225
3972	23
3972	203
3972	114
3972	178
3972	198
3972	258
3972	214
3972	242
3972	225
3973	151
3973	136
3973	291
3973	214
3973	323
3973	225
3974	327
3974	214
3974	291
3975	114
3975	178
3975	319
3975	198
3975	242
3975	225
3976	163
3976	264
3976	237
3976	291
3976	214
3976	225
3977	163
3977	339
3977	291
3977	214
3977	225
3978	132
3978	245
3978	264
3978	114
3978	198
3978	237
3978	214
3978	242
3978	225
3979	291
3979	214
3979	323
3979	225
3980	164
3980	114
3980	26
3980	323
3981	114
3981	115
3981	195
3981	106
3981	291
3982	203
3982	107
3982	291
3982	225
3983	245
3983	149
3983	163
3983	264
3983	114
3983	306
3983	198
3983	242
3983	225
3984	81
3984	114
3984	198
3984	136
3984	258
3984	242
3984	225
3985	203
3985	276
3985	291
3985	225
3986	97
3986	114
3986	115
3986	230
3986	323
3986	291
3987	106
3987	291
3987	214
3987	323
3987	225
3988	264
3988	114
3988	198
3988	237
3988	230
3988	242
3988	225
3989	114
3989	26
3989	102
3989	291
3989	225
3990	245
3990	114
3990	198
3990	136
3990	214
3990	242
3990	225
3991	203
3991	261
3991	7
3991	291
3991	323
3991	225
3992	163
3992	339
3992	109
3992	114
3992	198
3992	242
3992	225
3993	163
3993	302
3993	291
3993	214
3993	225
3994	114
3994	326
3994	146
3994	258
3994	214
3994	242
3994	225
3995	114
3995	115
3995	302
3995	258
3995	337
3995	225
3996	114
3996	26
3996	214
3996	291
3997	270
3997	114
3997	115
3997	195
3997	214
3997	207
3998	245
3998	163
3998	310
3998	264
3998	114
3998	342
3998	198
3998	242
3998	225
3999	163
3999	114
3999	195
3999	291
3999	323
3999	225
4000	109
4000	114
4000	178
4000	115
4000	198
4000	258
4000	214
4000	242
4000	225
4001	203
4001	114
4001	136
4001	291
4001	225
4002	114
4002	258
4002	291
4002	242
4003	163
4003	114
4003	258
4004	88
4004	114
4004	178
4004	198
4004	214
4004	242
4004	225
4005	163
4005	264
4005	114
4005	306
4005	291
4005	214
4005	323
4005	225
4006	92
4006	114
4006	115
4006	258
4006	317
4007	245
4007	264
4007	114
4007	198
4007	237
4007	225
4007	171
4008	163
4008	339
4008	114
4008	228
4008	291
4008	214
4008	225
4009	245
4009	264
4009	198
4009	242
4009	225
4010	114
4010	115
4010	258
4010	214
4010	291
4011	104
4011	195
4011	214
4011	291
4011	347
4012	114
4012	178
4012	198
4012	258
4012	242
4012	225
4013	203
4013	146
4013	22
4013	291
4013	225
4014	114
4014	115
4014	323
4015	164
4015	114
4015	198
4015	242
4015	225
4016	276
4016	102
4016	21
4016	242
4017	203
4017	114
4017	115
4017	198
4017	136
4017	258
4017	214
4017	242
4017	225
4018	245
4018	163
4018	264
4018	198
4018	237
4018	242
4018	225
4019	114
4019	178
4019	224
4019	198
4019	258
4019	214
4019	242
4019	225
4020	163
4020	88
4020	114
4020	198
4020	150
4020	242
4020	225
4021	203
4021	114
4021	104
4021	198
4021	209
4021	258
4021	214
4021	242
4021	225
4022	276
4022	291
4022	214
4022	323
4022	225
4023	163
4023	339
4023	114
4023	198
4023	258
4023	214
4023	242
4023	225
4024	245
4024	264
4024	198
4024	242
4024	225
4025	264
4025	198
4025	237
4025	242
4025	225
4026	114
4026	178
4026	198
4026	136
4026	258
4026	102
4026	214
4026	242
4026	225
4027	114
4027	115
4027	291
4027	214
4027	323
4027	225
4028	270
4028	203
4028	26
4028	291
4028	225
4029	203
4029	264
4029	282
4029	114
4029	115
4029	258
4030	114
4030	115
4030	276
4030	291
4030	225
4030	317
4031	114
4031	291
4032	245
4032	339
4032	264
4032	114
4032	198
4032	242
4032	225
4033	114
4033	115
4033	258
4034	114
4034	178
4034	198
4034	258
4034	147
4034	214
4034	242
4034	225
4035	114
4035	115
4035	106
4035	323
4035	291
4036	339
4036	114
4036	198
4036	144
4036	214
4036	242
4036	225
4037	114
4037	178
4037	106
4037	144
4037	291
4038	114
4038	178
4038	115
4038	198
4038	214
4038	242
4038	225
4039	114
4039	115
4039	258
4039	291
4039	317
4040	163
4040	72
4040	116
4040	209
4040	291
4040	317
4041	264
4041	114
4041	115
4041	198
4041	258
4041	323
4041	225
4041	171
4042	114
4042	178
4042	291
4042	242
4042	225
4043	114
4043	115
4043	291
4043	225
4044	261
4044	7
4044	291
4044	323
4044	225
4045	149
4045	163
4045	264
4045	253
4045	291
4045	214
4045	323
4045	225
4046	203
4046	114
4046	291
4046	225
4047	114
4047	115
4047	291
4048	163
4048	264
4048	114
4048	116
4048	291
4048	225
4049	114
4049	115
4049	198
4049	225
4049	171
4049	162
4050	114
4050	115
4050	258
4050	250
4050	291
4051	151
4051	264
4051	114
4051	115
4051	214
4051	291
4052	291
4052	214
4052	323
4052	225
4053	114
4053	115
4053	258
4053	291
4054	114
4054	198
4054	323
4054	225
4054	171
4055	203
4055	291
4055	225
4056	102
4056	291
4056	214
4056	323
4056	225
4057	114
4057	291
4057	242
4057	225
4058	203
4058	106
4058	291
4058	225
4059	114
4059	115
4059	224
4060	72
4060	114
4060	116
4061	104
4061	291
4061	225
4061	162
4062	104
4062	291
4062	323
4063	163
4063	319
4063	144
4063	291
4063	214
4063	225
4064	264
4064	114
4064	296
4064	198
4064	147
4064	214
4064	242
4064	225
4065	203
4065	114
4065	198
4065	106
4065	258
4065	144
4065	242
4065	225
4066	203
4066	291
4066	225
4067	291
4067	225
4068	326
4068	331
4068	214
4068	291
4069	177
4069	114
4069	115
4069	106
4069	258
4070	163
4070	72
4070	264
4070	114
4070	116
4070	198
4070	225
4071	114
4071	115
4071	276
4072	114
4072	195
4072	291
4072	225
4073	291
4073	214
4073	225
4074	146
4074	320
4074	291
4074	225
4075	151
4075	114
4075	198
4075	214
4076	114
4076	115
4076	258
4076	291
4076	323
4076	225
4077	114
4077	198
4077	106
4077	146
4077	258
4077	144
4077	242
4077	225
4078	163
4078	72
4078	195
4078	80
4079	163
4079	72
4079	106
4079	225
4079	317
4080	264
4080	114
4080	115
4080	198
4080	242
4080	225
4081	264
4081	114
4081	198
4081	237
4081	214
4081	242
4081	225
4082	195
4082	291
4082	225
4083	114
4083	115
4083	258
4084	114
4084	115
4084	276
4085	163
4085	72
4085	264
4085	114
4085	116
4085	198
4085	225
4086	114
4086	115
4086	209
4086	225
4086	317
4087	132
4087	198
4087	258
4087	144
4087	214
4087	242
4087	225
4088	95
4088	114
4088	261
4088	115
4089	163
4089	291
4089	214
4089	225
4090	291
4090	225
4091	114
4091	104
4091	198
4091	106
4091	214
4092	114
4092	115
4092	258
4092	291
4093	114
4093	198
4093	106
4093	144
4093	320
4093	242
4093	225
4094	127
4094	114
4094	115
4094	198
4094	258
4094	242
4094	225
4095	114
4095	115
4095	258
4096	149
4096	114
4096	115
4096	144
4096	291
4097	163
4097	72
4097	276
4097	209
4097	147
4097	317
4098	88
4098	114
4098	198
4098	258
4098	144
4098	214
4098	242
4098	225
4099	110
4099	114
4099	330
4100	132
4100	264
4100	114
4100	198
4101	264
4101	114
4101	198
4101	258
4101	144
4101	242
4101	225
4102	80
4102	86
4102	225
4103	291
4103	225
4104	114
4104	115
4104	198
4104	106
4104	258
4104	242
4104	225
4105	114
4105	291
4105	225
4106	97
4106	114
4106	101
4106	115
4106	106
4107	114
4107	146
4107	291
4107	225
4108	195
4108	253
4108	80
4109	264
4109	114
4109	198
4109	258
4109	144
4109	214
4109	242
4109	225
4110	132
4110	114
4110	198
4110	106
4110	146
4110	144
4110	242
4110	225
4111	114
4111	198
4111	230
4111	144
4111	242
4111	225
4112	177
4112	114
4112	198
4112	258
4112	144
4112	242
4112	225
4113	97
4113	114
4113	115
4113	198
4113	258
4113	144
4113	242
4113	225
4114	264
4114	114
4114	198
4114	258
4114	102
4114	214
4114	242
4114	225
4115	114
4115	198
4115	106
4115	258
4115	214
4115	242
4115	225
4116	114
4116	291
4116	225
4117	132
4117	198
4117	144
4117	102
4117	337
4117	214
4117	242
4117	225
4118	114
4118	198
4118	258
4118	250
4119	88
4119	114
4119	198
4119	107
4119	106
4119	144
4119	242
4119	225
4120	149
4120	264
4120	104
4120	198
4120	214
4121	114
4121	115
4121	198
4121	258
4121	144
4121	250
4121	242
4121	225
4122	198
4122	258
4122	102
4122	214
4122	242
4123	132
4123	114
4123	198
4123	144
4123	22
4123	214
4123	242
4123	225
4124	114
4124	107
4124	291
4124	225
4125	114
4125	115
4125	80
4126	92
4126	114
4126	198
4126	258
4127	270
4127	97
4127	114
4127	327
4127	198
4127	258
4128	203
4128	114
4128	198
4128	107
4128	209
4128	144
4128	242
4128	225
4129	245
4129	230
4129	11
4129	98
4129	291
4129	225
4130	245
4130	114
4130	115
4130	198
4130	258
4130	144
4130	225
4130	317
4131	114
4131	115
4131	198
4131	258
4131	144
4131	242
4131	225
4132	264
4132	282
4132	114
4132	115
4132	198
4132	242
4132	225
4133	88
4133	114
4133	198
4133	209
4133	320
4133	225
4134	264
4134	114
4134	157
4134	198
4134	106
4134	144
4135	114
4135	198
4135	230
4135	258
4135	214
4135	242
4135	225
4136	203
4136	114
4136	198
4136	276
4136	214
4136	242
4136	225
4137	114
4137	115
4137	258
4137	225
4137	317
4138	149
4138	319
4138	198
4138	258
4138	214
4139	88
4139	114
4139	198
4139	144
4139	214
4139	242
4140	88
4140	114
4140	115
4140	198
4140	258
4140	250
4140	242
4140	225
4141	164
4141	114
4141	198
4141	258
4142	97
4142	163
4142	114
4142	115
4142	198
4142	258
4142	317
4143	114
4143	178
4143	115
4143	291
4143	225
4144	264
4144	319
4144	198
4144	258
4144	214
4144	242
4144	225
4145	114
4145	198
4145	288
4145	21
4145	242
4145	225
4146	114
4146	115
4146	198
4146	272
4146	230
4146	288
4146	258
4146	242
4146	225
4147	114
4147	106
4147	80
4147	86
4147	225
4148	114
4148	115
4148	258
4148	144
4148	344
4149	195
4149	316
4149	80
4149	22
4149	320
4149	225
4150	264
4150	114
4150	115
4150	198
4150	230
4150	258
4150	242
4150	225
4151	114
4151	115
4151	198
4151	258
4151	144
4151	225
4152	114
4152	198
4152	209
4152	258
4152	144
4153	114
4153	115
4153	106
4153	209
4153	258
4154	114
4154	198
4154	107
4154	106
4154	146
4154	147
4154	144
4154	242
4154	225
4155	114
4155	198
4155	106
4155	258
4155	320
4155	242
4155	225
4156	114
4156	198
4156	146
4156	102
4156	320
4156	215
4156	242
4156	225
4157	163
4157	264
4157	250
4157	291
4157	323
4157	242
4157	225
4157	32
4158	114
4158	178
4158	230
4158	291
4158	323
4158	242
4158	225
4159	163
4159	114
4159	178
4159	291
4159	323
4159	242
4159	225
4159	32
4160	97
4160	203
4160	114
4160	156
4160	258
4160	242
4161	270
4161	114
4161	178
4161	230
4161	291
4161	225
4162	245
4162	149
4162	163
4162	72
4162	264
4162	323
4162	242
4163	114
4163	206
4163	198
4163	185
4163	19
4163	242
4164	270
4164	163
4164	259
4164	291
4164	323
4164	242
4164	225
4164	32
4165	203
4165	121
4165	276
4165	291
4165	269
4165	242
4165	225
4166	151
4166	114
4166	155
4166	291
4166	323
4166	242
4166	225
4167	163
4167	264
4167	237
4167	291
4167	323
4167	242
4168	245
4168	26
4168	230
4168	291
4168	242
4168	225
4169	203
4169	114
4169	113
4169	185
4169	22
4169	225
4170	88
4170	144
4170	291
4170	242
4170	225
4170	34
4171	163
4171	80
4171	86
4171	291
4171	242
4171	225
4171	32
4172	203
4172	114
4172	178
4172	198
4172	230
4172	242
4172	89
4172	324
4173	163
4173	203
4173	81
4173	230
4173	323
4173	225
4174	121
4174	114
4174	276
4174	291
4174	269
4174	242
4174	225
4175	264
4175	282
4175	237
4175	291
4175	323
4175	242
4175	225
4176	163
4176	113
4176	291
4176	323
4176	242
4176	225
4176	255
4176	32
4177	163
4177	264
4177	114
4177	178
4177	198
4177	230
4177	242
4177	225
4177	32
4177	324
4178	127
4178	121
4178	146
4178	213
4178	242
4178	225
4179	163
4179	203
4179	80
4179	291
4179	323
4179	242
4179	225
4180	198
4180	237
4180	302
4180	230
4180	337
4180	242
4180	225
4181	270
4181	163
4181	114
4181	291
4181	323
4181	242
4181	225
4181	32
4182	203
4182	121
4182	230
4182	291
4182	269
4182	242
4182	225
4183	163
4183	264
4183	114
4183	116
4183	198
4183	230
4183	225
4184	114
4184	206
4184	198
4184	185
4184	19
4184	242
4185	100
4185	88
4185	203
4185	114
4185	198
4185	228
4185	242
4185	225
4185	324
4186	203
4186	136
4186	205
4186	225
4187	203
4187	121
4187	276
4187	291
4187	269
4187	242
4187	225
4188	203
4188	330
4188	7
4188	156
4188	205
4188	225
4189	163
4189	114
4189	276
4189	291
4189	323
4189	242
4189	225
4189	32
4190	163
4190	264
4190	114
4190	291
4190	323
4190	242
4190	225
4190	32
4191	203
4191	81
4191	178
4191	195
4191	156
4191	198
4191	242
4192	163
4192	264
4192	114
4192	116
4192	198
4192	230
4192	225
4193	203
4193	106
4193	230
4193	291
4193	225
4194	114
4194	198
4194	230
4194	146
4194	258
4194	10
4194	242
4194	225
4195	203
4195	106
4195	276
4195	291
4195	242
4195	225
4196	163
4196	264
4196	114
4196	198
4196	237
4196	230
4196	225
4197	163
4197	114
4197	230
4197	291
4197	323
4197	242
4197	225
4197	32
4198	127
4198	163
4198	264
4198	116
4198	198
4198	230
4198	225
4199	203
4199	319
4199	26
4199	291
4199	323
4199	242
4199	225
4200	109
4200	114
4200	230
4200	291
4200	323
4200	242
4200	225
4201	163
4201	264
4201	116
4201	198
4201	26
4201	230
4201	225
4202	267
4202	203
4202	114
4202	130
4202	230
4202	291
4202	214
4202	242
4202	225
4203	114
4203	175
4203	258
4203	353
4204	114
4204	300
4204	113
4204	291
4204	323
4204	242
4204	225
4205	163
4205	264
4205	114
4205	198
4205	230
4205	144
4205	225
4206	245
4206	257
4206	144
4206	291
4206	225
4207	163
4207	264
4207	282
4207	114
4207	198
4207	230
4207	242
4207	225
4207	32
4208	95
4208	203
4208	114
4208	198
4208	106
4208	230
4208	242
4208	225
4209	114
4209	206
4209	198
4209	185
4209	19
4209	242
4210	2
4210	114
4210	206
4210	185
4211	114
4211	178
4211	198
4211	130
4211	230
4211	242
4211	225
4211	75
4212	163
4212	264
4212	114
4212	198
4212	26
4212	230
4212	242
4212	225
4212	324
4213	163
4213	114
4213	195
4213	291
4213	323
4213	242
4213	225
4214	163
4214	203
4214	264
4214	114
4214	198
4214	230
4214	242
4214	225
4214	324
4215	114
4215	155
4215	230
4215	291
4215	323
4215	242
4215	225
4216	163
4216	264
4216	116
4216	198
4216	230
4216	242
4216	324
4217	277
4217	264
4217	228
4217	291
4217	323
4217	242
4217	225
4218	264
4218	114
4218	178
4218	198
4218	323
4218	242
4218	225
4218	171
4219	264
4219	282
4219	114
4219	291
4219	323
4219	242
4219	225
4219	32
4220	276
4220	80
4220	291
4220	323
4220	242
4220	225
4220	85
4221	72
4221	116
4221	230
4221	291
4221	323
4221	242
4221	225
4222	270
4222	163
4222	230
4222	291
4222	323
4222	242
4222	225
4222	32
4223	7
4223	156
4223	205
4223	80
4223	323
4223	242
4223	225
4224	163
4224	264
4224	282
4224	114
4224	198
4224	230
4224	242
4224	225
4224	324
4225	163
4225	114
4225	259
4225	291
4225	323
4225	242
4226	270
4226	163
4226	178
4226	291
4226	323
4226	242
4226	225
4226	32
4227	163
4227	178
4227	230
4227	291
4227	323
4227	242
4227	225
4228	163
4228	264
4228	198
4228	237
4228	230
4228	242
4228	324
4229	163
4229	264
4229	282
4229	291
4229	323
4229	242
4229	225
4230	163
4230	264
4230	116
4230	198
4230	230
4230	10
4230	242
4230	225
4230	324
4231	264
4231	237
4231	230
4231	213
4231	291
4231	242
4231	225
4232	163
4232	264
4232	114
4232	198
4232	237
4232	230
4232	242
4232	225
4232	324
4233	163
4233	264
4233	198
4233	237
4233	130
4233	230
4233	214
4233	242
4233	225
4233	324
4234	114
4234	116
4234	198
4234	230
4234	242
4234	225
4234	83
4234	85
4235	163
4235	264
4235	114
4235	198
4235	230
4235	242
4235	225
4235	89
4235	239
4235	324
4236	163
4236	203
4236	114
4236	209
4236	258
4236	242
4237	302
4237	276
4237	209
4237	337
4237	323
4237	242
4237	225
4237	289
4238	163
4238	264
4238	114
4238	198
4238	237
4238	230
4238	242
4238	225
4238	324
4239	81
4239	107
4239	106
4239	230
4239	10
4239	291
4239	214
4239	242
4239	225
4240	163
4240	114
4240	291
4240	323
4240	242
4241	203
4241	26
4241	80
4241	86
4241	242
4241	225
4241	5
4242	277
4242	264
4242	114
4242	291
4242	323
4242	242
4242	225
4243	113
4243	156
4243	291
4243	323
4243	242
4243	255
4244	163
4244	114
4244	80
4244	291
4244	323
4244	242
4244	225
4244	32
4245	163
4245	264
4245	114
4245	291
4245	323
4245	242
4245	225
4246	203
4246	308
4246	7
4246	156
4246	225
4247	163
4247	203
4247	264
4247	114
4247	198
4247	230
4247	242
4247	225
4247	324
4248	163
4248	264
4248	282
4248	291
4248	323
4248	242
4248	225
4249	163
4249	264
4249	114
4249	291
4249	323
4249	242
4250	163
4250	88
4250	264
4250	114
4250	198
4250	230
4250	242
4250	225
4250	324
4251	108
4251	88
4251	198
4251	26
4251	230
4251	144
4251	242
4251	225
4252	114
4252	113
4252	259
4252	198
4252	323
4252	242
4252	225
4252	171
4253	203
4253	81
4253	106
4253	230
4253	10
4253	291
4253	214
4253	242
4253	225
4254	264
4254	114
4254	198
4254	26
4254	237
4254	242
4254	225
4255	203
4255	114
4255	291
4255	323
4255	242
4255	225
4256	163
4256	114
4256	113
4256	331
4256	80
4256	293
4256	86
4256	147
4256	320
4256	332
4256	242
4256	225
4257	310
4257	114
4257	144
4257	291
4257	323
4257	242
4257	225
4258	163
4258	203
4258	264
4258	114
4258	198
4258	276
4258	242
4258	225
4259	109
4259	264
4259	114
4259	291
4259	323
4259	242
4259	225
4260	163
4260	264
4260	114
4260	198
4260	237
4260	230
4260	242
4260	225
4260	324
4261	203
4261	230
4261	252
4261	291
4261	225
4262	203
4262	121
4262	230
4262	276
4262	252
4262	242
4262	225
4263	198
4263	185
4263	19
4263	242
4264	264
4264	114
4264	223
4264	198
4264	230
4264	242
4264	225
4265	163
4265	264
4265	114
4265	80
4265	144
4265	242
4266	163
4266	224
4266	198
4266	272
4266	230
4266	242
4266	324
4267	203
4267	80
4267	86
4267	323
4267	242
4267	225
4267	5
4268	163
4268	264
4268	114
4268	198
4268	237
4268	230
4268	242
4268	225
4268	324
4269	267
4269	114
4269	230
4269	291
4269	323
4269	242
4269	225
4270	203
4270	114
4270	106
4270	230
4270	242
4270	225
4270	89
4271	264
4271	114
4271	198
4271	237
4271	242
4271	225
4271	268
4272	203
4272	107
4272	276
4272	291
4272	323
4272	225
4273	203
4273	114
4273	31
4273	302
4273	258
4273	242
4273	324
4274	264
4274	114
4274	178
4274	291
4274	323
4274	225
4275	97
4275	163
4275	261
4275	156
4275	103
4275	242
4276	203
4276	264
4276	114
4276	198
4276	237
4276	230
4276	214
4276	242
4276	225
4277	151
4277	114
4277	198
4277	155
4277	17
4277	230
4277	242
4278	163
4278	264
4278	237
4278	291
4278	323
4278	225
4279	163
4279	264
4279	114
4279	116
4279	198
4279	230
4279	225
4280	274
4280	81
4280	114
4280	228
4280	230
4280	242
4280	225
4281	163
4281	88
4281	264
4281	198
4281	230
4281	242
4281	324
4282	88
4282	114
4282	314
4282	326
4282	155
4282	242
4283	264
4283	114
4283	198
4283	237
4283	230
4283	144
4283	225
4283	32
4284	203
4284	7
4284	156
4284	262
4284	291
4284	323
4284	242
4285	163
4285	264
4285	282
4285	250
4285	323
4285	225
4286	335
4286	261
4286	330
4286	7
4286	156
4286	323
4286	225
4287	163
4287	114
4287	259
4287	291
4287	323
4287	242
4288	203
4288	114
4288	258
4288	144
4288	252
4288	242
4288	225
4289	203
4289	276
4289	209
4289	144
4289	33
4289	291
4289	214
4289	225
4290	163
4290	264
4290	116
4290	198
4290	230
4290	242
4290	324
4291	163
4291	264
4291	114
4291	198
4291	237
4291	242
4291	225
4292	97
4292	203
4292	156
4292	209
4292	103
4292	242
4293	163
4293	264
4293	114
4293	178
4293	198
4293	230
4293	225
4294	114
4294	178
4294	265
4294	198
4294	230
4294	225
4295	88
4295	114
4295	155
4295	17
4295	144
4295	242
4296	264
4296	114
4296	178
4296	230
4296	291
4296	323
4296	225
4296	32
4297	264
4297	230
4297	11
4297	148
4297	291
4297	323
4297	242
4298	163
4298	264
4298	291
4298	323
4298	242
4299	261
4299	7
4299	156
4299	205
4299	323
4299	242
4299	225
4300	270
4300	335
4300	198
4300	272
4300	288
4300	102
4300	242
4301	31
4301	276
4301	209
4301	258
4301	103
4301	242
4302	113
4302	156
4302	291
4302	323
4302	242
4302	225
4303	127
4303	264
4303	282
4303	114
4303	198
4303	31
4303	302
4303	230
4303	276
4303	258
4303	337
4303	242
4304	92
4304	163
4304	264
4304	261
4304	230
4304	323
4304	242
4305	109
4305	114
4305	230
4305	258
4305	242
4305	225
4306	163
4306	113
4306	198
4306	323
4306	242
4306	225
4306	171
4307	134
4307	264
4307	114
4307	198
4307	237
4307	213
4307	242
4307	225
4308	264
4308	195
4308	107
4308	230
4308	291
4308	323
4308	242
4309	163
4309	264
4309	114
4309	178
4309	198
4309	230
4309	225
4310	264
4310	282
4310	114
4310	291
4310	323
4310	225
4310	32
4311	149
4311	163
4311	264
4311	114
4311	116
4311	237
4311	228
4311	230
4311	293
4311	146
4311	323
4311	242
4312	114
4312	115
4312	242
4313	270
4313	178
4313	230
4313	291
4313	323
4313	242
4314	167
4314	264
4314	253
4314	216
4314	323
4314	242
4315	114
4315	178
4315	230
4315	291
4315	323
4315	242
4316	114
4316	178
4316	198
4316	230
4316	323
4316	242
4316	171
4317	163
4317	203
4317	264
4317	114
4317	198
4317	237
4317	214
4317	242
4317	225
4318	163
4318	264
4318	114
4318	178
4318	198
4318	230
4318	242
4318	225
4319	198
4319	185
4319	19
4319	242
4320	72
4320	114
4320	116
4320	223
4320	198
4320	228
4320	242
4321	163
4321	264
4321	282
4321	237
4321	228
4321	242
4321	225
4322	31
4322	302
4322	230
4322	291
4322	323
4322	242
4322	225
4323	163
4323	114
4323	195
4323	291
4323	323
4323	242
4324	264
4324	114
4324	178
4324	198
4324	237
4324	230
4324	214
4324	242
4324	225
4325	245
4325	114
4325	257
4325	198
4325	144
4325	242
4326	151
4326	203
4326	261
4326	106
4326	230
4326	242
4327	163
4327	264
4327	114
4327	178
4327	198
4327	230
4327	242
4327	225
4328	308
4328	31
4328	302
4328	209
4328	22
4328	214
4328	242
4328	225
4329	264
4329	114
4329	224
4329	198
4329	237
4329	230
4329	242
4329	225
4330	310
4330	276
4330	242
4331	163
4331	264
4331	114
4331	230
4331	291
4331	242
4332	203
4332	230
4332	22
4332	291
4332	242
4333	264
4333	116
4333	195
4333	198
4333	228
4333	242
4333	75
4334	119
4334	230
4334	242
4334	225
4334	171
4335	203
4335	107
4335	209
4335	242
4336	163
4336	80
4336	291
4336	242
4337	264
4337	114
4337	198
4337	237
4337	228
4337	130
4337	214
4337	242
4337	225
4338	132
4338	88
4338	259
4338	242
4339	264
4339	230
4339	291
4339	323
4339	242
4339	75
4340	163
4340	203
4340	259
4340	276
4340	258
4340	242
4341	264
4341	114
4341	178
4341	291
4341	323
4341	242
4342	132
4342	230
4342	288
4342	21
4342	323
4342	242
4342	225
4344	163
4344	264
4344	282
4344	114
4344	178
4344	198
4344	242
4344	225
4344	32
4345	7
4345	195
4345	22
4345	6
4345	33
4345	242
4345	225
4345	317
4346	163
4346	203
4346	114
4346	113
4346	230
4346	242
4346	225
4347	121
4347	114
4347	291
4347	323
4347	242
4347	75
4348	163
4348	178
4348	259
4348	291
4348	323
4348	242
4349	163
4349	264
4349	146
4349	213
4349	291
4349	323
4349	242
4350	264
4350	114
4350	178
4350	259
4350	198
4350	237
4350	276
4350	80
4350	242
4351	163
4351	264
4351	114
4351	178
4351	198
4351	230
4351	242
4351	225
4352	203
4352	319
4352	198
4352	26
4352	288
4352	144
4352	242
4352	225
4353	270
4353	163
4353	178
4353	291
4353	323
4353	242
4354	114
4354	31
4354	302
4354	291
4354	323
4354	242
4354	225
4355	163
4355	203
4355	114
4355	106
4355	209
4355	242
4356	148
4356	291
4356	242
4357	163
4357	178
4357	230
4357	291
4357	323
4357	242
4358	182
4358	277
4358	151
4358	113
4358	261
4358	104
4358	7
4358	156
4358	26
4358	230
4358	226
4358	6
4358	323
4358	242
4359	72
4359	114
4359	116
4359	291
4359	323
4359	242
4360	308
4360	7
4360	156
4360	262
4360	198
4360	242
4361	203
4361	114
4361	113
4361	106
4361	230
4361	242
4362	198
4362	185
4362	2
4362	19
4362	242
4363	264
4363	114
4363	198
4363	237
4363	230
4363	146
4363	214
4363	242
4363	225
4364	203
4364	262
4364	80
4364	22
4364	242
4365	92
4365	335
4365	97
4365	88
4365	203
4365	114
4365	178
4365	7
4365	198
4365	6
4365	242
4366	114
4366	113
4366	198
4366	130
4366	230
4366	258
4366	242
4366	225
4367	163
4367	114
4367	113
4367	106
4367	230
4367	242
4368	264
4368	114
4368	116
4368	155
4368	291
4368	323
4368	242
4369	163
4369	264
4369	114
4369	198
4369	230
4369	22
4369	242
4370	163
4370	264
4370	282
4370	237
4370	228
4370	323
4370	242
4371	264
4371	114
4371	342
4371	237
4371	87
4371	230
4371	242
4371	328
4372	267
4372	114
4372	156
4372	323
4372	242
4373	109
4373	114
4373	230
4373	276
4373	252
4373	214
4373	242
4373	225
4373	289
4374	203
4374	195
4374	26
4374	22
4374	33
4374	214
4374	242
4374	225
4375	264
4375	114
4375	228
4375	230
4375	291
4375	323
4375	242
4376	109
4376	230
4376	22
4376	291
4376	323
4376	242
4377	270
4377	81
4377	104
4377	323
4378	92
4378	264
4378	230
4378	291
4378	242
4379	282
4379	114
4379	91
4379	198
4379	230
4379	10
4379	214
4379	242
4379	225
4380	270
4380	81
4380	178
4380	198
4380	288
4380	142
4380	242
4381	163
4381	264
4381	80
4381	291
4381	323
4381	242
4382	109
4382	230
4382	242
4382	255
4383	117
4383	203
4383	81
4383	106
4383	291
4383	225
4384	270
4384	198
4384	230
4384	242
4384	105
4384	289
4384	85
4385	109
4385	114
4385	104
4385	195
4385	198
4385	230
4385	242
4385	255
4386	203
4386	81
4386	106
4386	230
4386	291
4386	225
4387	114
4387	230
4387	150
4387	252
4387	291
4387	323
4387	242
4388	264
4388	195
4388	198
4388	107
4388	230
4388	242
4389	109
4389	114
4389	106
4389	230
4389	337
4389	242
4390	270
4390	163
4390	264
4390	114
4390	198
4390	230
4390	242
4391	228
4391	291
4391	225
4392	203
4392	114
4392	106
4392	230
4392	242
4393	235
4393	101
4393	262
4393	6
4393	291
4393	214
4393	225
4394	110
4394	330
4394	291
4394	323
4394	242
4395	203
4395	106
4395	230
4395	291
4395	214
4395	225
4396	114
4396	261
4396	198
4396	230
4396	276
4396	213
4396	242
4396	289
4396	255
4397	259
4397	107
4397	230
4397	291
4397	323
4397	242
4398	88
4398	81
4398	242
4399	114
4399	91
4399	148
4399	242
4400	163
4400	114
4400	113
4400	80
4400	242
4401	116
4401	237
4401	148
4401	323
4401	242
4402	92
4402	314
4402	155
4402	291
4402	323
4402	242
4403	92
4403	151
4403	261
4403	308
4403	291
4403	214
4403	225
4404	203
4404	114
4404	223
4404	252
4404	291
4404	323
4404	242
4405	261
4405	17
4405	291
4405	323
4405	242
4406	132
4406	203
4406	106
4406	230
4406	291
4406	225
4407	132
4407	245
4407	270
4407	114
4407	230
4407	148
4407	242
4408	163
4408	264
4408	198
4408	230
4408	242
4409	267
4409	114
4409	230
4409	291
4409	323
4409	242
4410	237
4410	291
4410	323
4410	242
4411	245
4411	88
4411	288
4411	102
4411	242
4412	203
4412	81
4412	264
4412	113
4412	156
4412	214
4412	242
4412	225
4413	245
4413	127
4413	264
4413	114
4413	198
4413	228
4413	276
4413	242
4414	245
4414	264
4414	114
4414	237
4414	230
4414	242
4415	270
4415	163
4415	264
4415	198
4415	230
4415	242
4416	118
4416	163
4416	264
4416	114
4416	198
4416	237
4416	214
4416	242
4416	225
4417	163
4417	116
4417	223
4417	230
4417	242
4418	203
4418	209
4418	11
4418	33
4418	242
4419	230
4419	144
4419	252
4419	291
4419	323
4419	242
4420	270
4420	163
4420	114
4420	198
4420	230
4420	242
4420	171
4421	114
4421	115
4421	136
4421	230
4421	102
4421	291
4421	323
4421	242
4422	270
4422	203
4422	264
4422	114
4422	178
4422	26
4422	230
4422	146
4422	291
4422	323
4422	242
4423	163
4423	114
4423	30
4423	198
4423	26
4423	148
4423	242
4424	163
4424	264
4424	198
4424	230
4424	323
4424	242
4424	171
4425	163
4425	264
4425	114
4425	116
4425	130
4425	214
4425	242
4425	225
4426	114
4426	331
4426	332
4426	242
4426	225
4427	114
4427	230
4427	291
4427	225
4428	251
4428	203
4428	81
4428	114
4428	230
4428	242
4429	149
4429	264
4429	237
4429	242
4430	114
4430	308
4430	259
4430	258
4430	354
4430	360
4430	347
4431	109
4431	114
4431	198
4431	230
4431	258
4431	242
4432	145
4432	132
4432	163
4432	198
4432	148
4432	140
4432	242
4433	267
4433	114
4433	230
4433	146
4433	291
4433	323
4433	242
4434	270
4434	114
4434	298
4434	230
4434	226
4434	21
4434	323
4434	242
4435	114
4435	259
4435	198
4435	26
4435	230
4435	10
4435	242
4436	203
4436	114
4436	276
4436	11
4436	252
4436	214
4436	242
4436	225
4437	114
4437	230
4437	258
4437	144
4437	252
4437	242
4438	163
4438	264
4438	282
4438	230
4438	291
4438	242
4439	264
4439	230
4439	242
4440	203
4440	114
4440	198
4440	31
4440	302
4440	209
4440	214
4440	242
4440	225
4441	163
4441	114
4441	198
4441	26
4441	230
4441	242
4442	282
4442	114
4442	198
4442	106
4442	228
4442	230
4442	242
4442	225
4443	198
4443	26
4443	302
4443	258
4443	102
4443	337
4443	242
4443	317
4444	114
4444	113
4444	230
4444	291
4444	323
4444	242
4445	163
4445	109
4445	264
4445	230
4445	291
4445	242
4446	118
4446	116
4446	156
4446	230
4446	11
4446	242
4447	149
4447	270
4447	264
4447	259
4447	258
4447	242
4448	245
4448	264
4448	114
4448	237
4448	228
4448	230
4448	291
4448	323
4448	242
4449	270
4449	264
4449	116
4449	230
4449	144
4449	242
4450	163
4450	203
4450	264
4450	114
4450	198
4450	230
4450	242
4451	264
4451	156
4451	155
4451	228
4451	144
4451	242
4452	267
4452	114
4452	101
4452	230
4452	242
4453	163
4453	264
4453	237
4453	276
4453	213
4453	323
4453	242
4454	113
4454	237
4454	291
4454	323
4454	207
4454	225
4455	339
4455	72
4455	114
4455	314
4455	327
4455	26
4455	106
4455	228
4455	230
4455	146
4455	86
4455	144
4455	242
4456	114
4456	326
4456	195
4456	198
4456	107
4456	276
4456	242
4457	163
4457	264
4457	114
4457	327
4457	198
4457	230
4457	242
4458	163
4458	264
4458	276
4458	291
4458	323
4458	242
4459	132
4459	245
4459	259
4459	242
4460	132
4460	198
4460	230
4460	242
4461	167
4461	267
4461	114
4461	291
4461	242
4462	339
4462	264
4462	282
4462	198
4462	242
4462	32
4463	114
4463	331
4463	293
4463	25
4463	214
4463	242
4463	225
4464	277
4464	163
4464	203
4464	198
4464	258
4464	102
4464	242
4465	81
4465	114
4465	223
4465	198
4465	26
4465	228
4465	242
4465	225
4466	163
4466	264
4466	114
4466	291
4466	214
4466	323
4466	242
4467	229
4467	163
4467	264
4467	114
4467	198
4467	230
4467	242
4468	245
4468	163
4468	264
4468	291
4468	323
4468	242
4469	182
4469	277
4469	151
4469	261
4469	104
4469	7
4469	156
4469	26
4469	230
4469	226
4469	6
4469	242
4470	163
4470	264
4470	114
4470	291
4470	323
4470	242
4471	118
4471	163
4471	264
4471	116
4471	198
4471	242
4472	180
4472	92
4472	104
4472	331
4472	228
4472	242
4473	163
4473	264
4473	114
4473	198
4473	237
4473	214
4473	225
4473	171
4474	72
4474	114
4474	342
4474	116
4474	198
4474	228
4474	230
4474	242
4475	203
4475	114
4475	195
4475	276
4475	242
4476	114
4476	156
4476	198
4476	230
4476	258
4476	225
4476	171
4477	149
4477	264
4477	282
4477	114
4477	198
4477	237
4477	228
4477	230
4477	276
4477	242
4478	178
4478	230
4478	291
4478	323
4478	242
4479	198
4479	148
4479	242
4480	163
4480	203
4480	113
4480	156
4480	198
4480	11
4480	242
4481	264
4481	228
4481	230
4481	252
4481	242
4481	225
4482	267
4482	326
4482	230
4482	291
4482	225
4483	132
4483	88
4483	198
4483	288
4483	148
4483	242
4483	317
4484	245
4484	114
4484	115
4484	291
4484	323
4485	339
4485	264
4485	198
4485	237
4485	205
4485	230
4485	242
4485	32
4486	81
4486	114
4486	326
4486	331
4486	214
4486	242
4486	225
4487	270
4487	267
4487	81
4487	114
4487	195
4487	156
4487	112
4487	11
4487	242
4488	163
4488	134
4488	264
4488	114
4488	198
4488	230
4488	214
4488	242
4488	225
4489	313
4489	114
4489	198
4489	136
4489	230
4489	225
4489	171
4490	203
4490	264
4490	114
4490	198
4490	228
4490	242
4491	114
4491	198
4491	107
4491	230
4491	144
4491	242
4492	203
4492	114
4492	198
4492	26
4492	107
4492	230
4492	242
4492	225
4493	245
4493	203
4493	264
4493	237
4493	228
4493	323
4493	242
4494	163
4494	264
4494	114
4494	198
4494	230
4494	242
4494	249
4495	163
4495	264
4495	114
4495	237
4495	291
4495	214
4495	225
4496	114
4496	198
4496	237
4496	228
4496	230
4496	258
4496	242
4496	225
4497	198
4497	185
4497	2
4497	19
4497	242
4498	163
4498	114
4498	113
4498	258
4498	102
4498	242
4499	149
4499	163
4499	264
4499	114
4499	306
4499	198
4499	214
4499	242
4499	225
4500	163
4500	282
4500	114
4500	198
4500	230
4500	80
4500	242
4501	114
4501	259
4501	198
4501	26
4501	230
4501	146
4501	242
4501	225
4502	127
4502	339
4502	264
4502	114
4502	327
4502	198
4502	26
4502	106
4502	228
4502	230
4502	209
4502	80
4502	216
4502	242
4503	203
4503	114
4503	230
4503	291
4503	242
4504	91
4504	198
4504	96
4504	148
4504	6
4504	140
4504	242
4504	317
4505	163
4505	114
4505	26
4505	80
4505	22
4505	242
4505	317
4506	195
4506	156
4506	198
4506	11
4506	242
4507	264
4507	116
4507	195
4507	198
4507	228
4507	230
4507	242
4508	127
4508	163
4508	331
4508	26
4508	332
4508	242
4509	245
4509	339
4509	114
4509	327
4509	259
4509	198
4509	237
4509	228
4509	242
4510	114
4510	327
4510	198
4510	230
4510	253
4510	226
4510	146
4510	216
4510	242
4511	104
4511	224
4511	250
4511	291
4511	214
4511	323
4511	242
4512	114
4512	230
4512	258
4512	144
4512	242
4513	163
4513	264
4513	114
4513	113
4513	198
4513	237
4513	214
4513	242
4513	225
4514	203
4514	264
4514	114
4514	198
4514	106
4514	230
4514	214
4514	242
4514	225
4515	267
4515	106
4515	150
4515	242
4516	132
4516	114
4516	30
4516	198
4516	230
4516	21
4516	242
4517	270
4517	264
4517	342
4517	87
4517	276
4517	242
4518	88
4518	114
4518	198
4518	230
4518	22
4518	150
4518	242
4518	225
4519	264
4519	114
4519	178
4519	198
4519	228
4519	230
4519	242
4520	81
4520	261
4520	330
4520	198
4520	17
4520	242
4521	270
4521	114
4521	115
4521	198
4521	230
4521	242
4522	203
4522	109
4522	114
4522	198
4522	230
4522	258
4522	214
4522	242
4522	225
4523	203
4523	81
4523	109
4523	116
4523	198
4523	230
4523	242
4523	225
4524	267
4524	114
4524	242
4525	114
4525	198
4525	26
4525	11
4525	144
4525	242
4526	113
4526	198
4526	242
4527	109
4527	264
4527	114
4527	198
4527	230
4527	337
4527	242
4527	225
4528	132
4528	339
4528	114
4528	198
4528	230
4528	146
4528	242
4529	132
4529	245
4529	88
4529	198
4529	216
4529	242
4530	163
4530	264
4530	198
4530	237
4530	228
4530	230
4530	242
4531	203
4531	81
4531	114
4531	258
4531	144
4531	214
4531	242
4531	225
4532	203
4532	114
4532	198
4532	33
4532	242
4533	163
4533	203
4533	264
4533	114
4533	198
4533	230
4533	242
4534	163
4534	264
4534	114
4534	178
4534	195
4534	198
4534	242
4535	163
4535	264
4535	114
4535	178
4535	192
4535	259
4535	230
4535	98
4535	146
4535	291
4535	323
4535	242
4536	270
4536	264
4536	237
4536	230
4536	242
4537	163
4537	151
4537	264
4537	114
4537	198
4537	237
4537	214
4537	242
4537	225
4538	132
4538	114
4538	198
4538	146
4538	86
4538	214
4538	301
4538	242
4538	225
4539	203
4539	81
4539	114
4539	198
4539	106
4539	22
4539	214
4539	242
4539	225
4540	114
4540	115
4540	198
4540	230
4540	258
4540	22
4540	242
4540	225
4541	109
4541	114
4541	198
4541	150
4541	242
4542	203
4542	114
4542	223
4542	198
4542	155
4542	242
4543	163
4543	198
4543	26
4543	230
4543	288
4543	144
4543	242
4544	203
4544	114
4544	198
4544	230
4544	242
4545	88
4545	114
4545	326
4545	198
4545	230
4545	214
4545	242
4545	225
4546	203
4546	109
4546	114
4546	198
4546	155
4546	230
4546	242
4546	225
4547	163
4547	198
4547	230
4547	144
4547	21
4547	242
4548	121
4548	264
4548	114
4548	101
4548	198
4548	230
4548	242
4548	225
4549	163
4549	264
4549	116
4549	198
4549	228
4549	230
4549	242
4550	163
4550	114
4550	331
4550	26
4550	107
4550	242
4551	224
4551	230
4551	10
4551	291
4551	323
4551	242
4552	245
4552	264
4552	198
4552	237
4552	230
4552	242
4552	225
4553	270
4553	264
4553	342
4553	87
4553	276
4554	245
4554	264
4554	198
4554	242
4554	225
4555	264
4555	114
4555	116
4555	230
4555	242
4556	92
4556	203
4556	114
4556	198
4556	242
4557	118
4557	163
4557	203
4557	264
4557	114
4557	198
4557	230
4557	242
4558	81
4558	224
4558	198
4558	242
4558	32
4559	109
4559	114
4559	230
4559	144
4559	252
4559	214
4559	242
4559	225
4560	114
4560	116
4560	223
4560	198
4560	230
4560	258
4560	242
4560	225
4561	245
4561	149
4561	163
4561	72
4561	264
4561	282
4561	114
4561	178
4561	116
4561	198
4561	237
4561	230
4561	214
4561	242
4562	149
4562	114
4562	198
4562	230
4562	258
4562	242
4563	163
4563	114
4563	237
4563	228
4563	242
4563	225
4564	88
4564	203
4564	114
4564	198
4564	230
4564	258
4564	214
4564	242
4564	225
4565	163
4565	264
4565	114
4565	115
4565	198
4565	144
4565	242
4566	114
4566	198
4566	230
4566	288
4566	209
4566	258
4566	242
4566	225
4567	163
4567	114
4567	314
4567	198
4567	155
4567	228
4567	230
4567	242
4568	264
4568	114
4568	198
4568	155
4568	230
4568	242
4569	110
4569	81
4569	330
4569	198
4569	242
4570	163
4570	114
4570	198
4570	26
4570	146
4570	301
4570	242
4571	291
4571	323
4571	242
4572	245
4572	264
4572	314
4572	198
4572	155
4572	230
4572	242
4572	225
4573	277
4573	72
4573	264
4573	114
4573	116
4573	104
4573	115
4573	223
4573	230
4573	276
4573	209
4573	258
4573	191
4573	242
4574	270
4574	267
4574	114
4574	291
4574	242
4575	114
4575	319
4575	198
4575	293
4575	146
4575	242
4576	81
4576	114
4576	116
4576	198
4576	230
4576	258
4576	214
4576	242
4576	225
4577	203
4577	232
4577	198
4577	99
4577	230
4577	242
4578	163
4578	109
4578	264
4578	114
4578	116
4578	198
4578	242
4579	114
4579	326
4579	230
4579	258
4579	150
4579	242
4579	225
4580	114
4580	113
4580	156
4580	198
4580	106
4580	103
4580	242
4580	225
4581	114
4581	178
4581	198
4581	107
4581	258
4581	214
4581	242
4581	225
4582	118
4582	114
4582	178
4582	198
4582	228
4582	242
4583	109
4583	114
4583	331
4583	337
4583	332
4583	242
4584	264
4584	282
4584	198
4584	237
4584	228
4584	242
4585	203
4585	114
4585	326
4585	198
4585	230
4585	258
4585	214
4585	242
4585	225
4586	203
4586	81
4586	114
4586	198
4586	230
4586	258
4586	242
4586	225
4587	177
4587	203
4587	114
4587	198
4587	31
4587	150
4587	225
4587	283
4588	109
4588	114
4588	106
4588	230
4588	258
4588	242
4589	88
4589	203
4589	114
4589	198
4589	230
4589	22
4589	242
4589	225
4590	270
4590	92
4590	264
4590	114
4590	198
4590	228
4590	242
4591	245
4591	88
4591	198
4591	230
4591	242
4592	310
4592	104
4592	198
4592	230
4592	242
4593	114
4593	107
4593	276
4593	21
4593	214
4593	291
4594	335
4594	261
4594	330
4594	7
4594	156
4594	198
4594	136
4594	242
4595	163
4595	203
4595	114
4595	198
4595	293
4595	146
4595	242
4596	134
4596	114
4596	198
4596	26
4596	230
4596	213
4596	242
4596	225
4597	114
4597	91
4597	326
4597	198
4597	102
4597	214
4597	242
4597	225
4598	242
4598	225
4599	203
4599	114
4599	259
4599	198
4599	106
4599	216
4599	242
4600	163
4600	264
4600	114
4600	104
4600	223
4600	198
4600	230
4600	242
4601	114
4601	326
4601	198
4601	230
4601	146
4601	258
4601	214
4601	242
4601	225
4602	81
4602	114
4602	195
4602	198
4602	214
4602	242
4602	225
4603	81
4603	114
4603	195
4603	198
4603	230
4603	22
4603	242
4603	225
4604	313
4604	114
4604	198
4604	230
4604	150
4604	242
4604	225
4605	109
4605	264
4605	114
4605	198
4605	237
4605	230
4605	242
4605	225
4606	270
4606	109
4606	264
4606	114
4606	178
4606	198
4606	214
4606	242
4606	225
4607	121
4607	114
4607	195
4607	198
4607	31
4607	230
4607	242
4607	225
4608	163
4608	331
4608	26
4608	144
4608	332
4608	242
4609	245
4609	163
4609	264
4609	114
4609	198
4609	237
4609	214
4609	242
4609	225
4610	339
4610	114
4610	331
4610	107
4610	228
4610	242
4610	225
4611	163
4611	114
4611	198
4611	31
4611	302
4611	11
4611	242
4612	127
4612	302
4612	337
4612	291
4612	323
4612	242
4613	339
4613	114
4613	104
4613	198
4613	230
4613	242
4614	203
4614	114
4614	230
4614	258
4614	22
4614	214
4614	242
4614	225
4615	115
4615	198
4615	230
4615	293
4615	146
4615	258
4615	242
4615	225
4616	163
4616	264
4616	114
4616	331
4616	332
4616	214
4616	242
4616	225
4617	282
4617	114
4617	326
4617	259
4617	198
4617	237
4617	242
4617	225
4618	163
4618	264
4618	114
4618	230
4618	242
4619	264
4619	114
4619	198
4619	237
4619	230
4619	258
4619	242
4619	225
4620	203
4620	114
4620	115
4620	198
4620	106
4620	258
4620	214
4620	242
4620	225
4621	224
4621	198
4621	250
4621	214
4621	242
4622	109
4622	198
4622	230
4622	22
4622	242
4623	163
4623	326
4623	7
4623	224
4623	26
4623	242
4624	203
4624	114
4624	113
4624	230
4624	144
4624	242
4624	225
4625	203
4625	114
4625	198
4625	106
4625	272
4625	230
4625	214
4625	242
4625	225
4626	88
4626	114
4626	198
4626	237
4626	228
4626	144
4626	214
4626	242
4626	225
4627	339
4627	264
4627	114
4627	198
4627	237
4627	228
4627	242
4627	225
4628	313
4628	264
4628	114
4628	198
4628	237
4628	230
4628	242
4628	225
4629	203
4629	114
4629	223
4629	230
4629	242
4630	81
4630	109
4630	114
4630	198
4630	230
4630	21
4630	214
4630	242
4630	225
4631	264
4631	116
4631	195
4631	198
4631	228
4631	242
4632	116
4632	198
4632	228
4632	242
4632	225
4633	92
4633	114
4633	198
4633	230
4633	293
4633	242
4633	225
4634	198
4634	26
4634	31
4634	302
4634	96
4634	21
4634	242
4634	225
4635	109
4635	114
4635	115
4635	198
4635	258
4635	214
4635	242
4635	225
4636	267
4636	114
4636	198
4636	230
4636	209
4636	225
4636	273
4636	283
4637	81
4637	114
4637	198
4637	230
4637	258
4637	242
4638	109
4638	114
4638	219
4638	198
4638	150
4638	214
4638	242
4638	225
4639	114
4639	198
4639	230
4639	209
4639	242
4639	225
4640	114
4640	331
4640	237
4640	332
4640	242
4640	225
4641	264
4641	114
4641	198
4641	228
4641	230
4641	242
4641	225
4642	203
4642	114
4642	259
4642	198
4642	258
4642	22
4642	242
4643	182
4643	114
4643	115
4643	198
4643	155
4643	17
4643	242
4644	88
4644	203
4644	114
4644	195
4644	198
4644	214
4644	242
4644	225
4645	203
4645	114
4645	198
4645	230
4645	22
4645	214
4645	242
4645	225
4646	270
4646	264
4646	114
4646	198
4646	237
4646	31
4646	242
4646	225
4647	163
4647	264
4647	282
4647	114
4647	198
4647	237
4647	214
4647	242
4647	225
4648	203
4648	81
4648	114
4648	198
4648	106
4648	230
4648	242
4648	225
4649	264
4649	114
4649	198
4649	237
4649	230
4649	10
4649	242
4649	225
4650	203
4650	114
4650	198
4650	209
4650	146
4650	214
4650	242
4650	225
4651	264
4651	114
4651	259
4651	198
4651	228
4651	230
4651	337
4651	242
4652	114
4652	327
4652	257
4652	198
4652	136
4652	230
4652	242
4652	225
4653	203
4653	114
4653	198
4653	230
4653	258
4653	10
4653	214
4653	242
4653	225
4654	81
4654	114
4654	261
4654	198
4654	205
4654	242
4654	225
4655	203
4655	109
4655	114
4655	198
4655	230
4655	22
4655	242
4655	225
4656	203
4656	114
4656	230
4656	252
4656	33
4656	242
4656	225
4657	109
4657	114
4657	198
4657	230
4657	258
4657	214
4657	242
4657	225
4658	27
4658	114
4658	198
4658	237
4658	258
4658	144
4658	214
4658	242
4658	225
4659	203
4659	114
4659	178
4659	192
4659	198
4659	237
4659	242
4659	225
4660	270
4660	163
4660	264
4660	114
4660	219
4660	198
4660	214
4660	242
4660	225
4661	118
4661	203
4661	114
4661	116
4661	198
4661	230
4661	242
4661	225
4662	114
4662	178
4662	115
4662	198
4662	230
4662	258
4662	242
4662	225
4663	203
4663	114
4663	198
4663	106
4663	230
4663	22
4663	242
4663	225
4664	109
4664	114
4664	258
4664	144
4664	252
4664	214
4664	242
4664	225
4665	264
4665	114
4665	219
4665	31
4665	258
4665	242
4665	225
4666	114
4666	326
4666	104
4666	157
4666	209
4666	214
4666	323
4666	242
4667	114
4667	91
4667	198
4667	146
4667	148
4667	242
4667	225
4668	114
4668	198
4668	31
4668	230
4668	209
4668	242
4668	225
4669	114
4669	198
4669	14
4669	106
4669	230
4669	258
4669	242
4669	225
4670	203
4670	81
4670	114
4670	198
4670	106
4670	230
4670	214
4670	242
4670	225
4671	81
4671	264
4671	114
4671	198
4671	106
4671	205
4671	242
4671	225
4672	114
4672	104
4672	195
4672	31
4672	302
4672	242
4673	109
4673	264
4673	342
4673	198
4673	230
4673	337
4673	242
4673	225
4674	88
4674	203
4674	114
4674	198
4674	230
4674	242
4674	225
4675	81
4675	114
4675	198
4675	14
4675	237
4675	230
4675	242
4675	225
4676	109
4676	114
4676	198
4676	146
4676	337
4676	215
4676	242
4676	225
4677	7
4677	291
4677	349
4677	363
4678	298
4678	30
4678	291
4679	167
4679	26
4679	230
4679	21
4679	291
4679	323
4679	242
4679	225
4680	203
4680	150
4680	291
4680	242
4680	225
4680	79
4681	182
4681	266
4681	205
4681	230
4681	291
4681	242
4681	225
4682	167
4682	203
4682	230
4682	291
4682	323
4682	242
4682	225
4683	26
4683	230
4683	291
4683	323
4683	242
4683	225
4683	5
4684	74
4684	178
4684	198
4684	230
4684	250
4684	242
4684	225
4684	217
4685	203
4685	114
4685	230
4685	291
4685	323
4685	242
4685	225
4686	114
4686	106
4686	230
4686	291
4686	323
4686	242
4686	225
4687	274
4687	149
4687	160
4687	291
4687	242
4687	225
4688	264
4688	114
4688	195
4688	175
4688	276
4688	225
4688	317
4689	114
4689	178
4689	26
4689	146
4689	242
4689	225
4689	5
4690	121
4690	106
4690	11
4690	291
4690	242
4690	225
4690	255
4691	245
4691	178
4691	112
4691	230
4691	21
4691	242
4691	225
4692	314
4692	266
4692	198
4692	14
4692	107
4692	230
4692	242
4692	225
4693	145
4693	167
4693	26
4693	21
4693	291
4693	323
4693	242
4693	225
4694	267
4694	114
4694	178
4694	26
4694	230
4694	242
4694	225
4695	178
4695	26
4695	106
4695	291
4695	242
4695	225
4695	5
4696	203
4696	121
4696	113
4696	106
4696	230
4696	242
4696	225
4697	267
4697	266
4697	306
4697	198
4697	136
4697	19
4697	242
4697	225
4697	324
4698	182
4698	267
4698	178
4698	307
4698	198
4698	230
4698	242
4698	225
4699	203
4699	198
4699	106
4699	272
4699	230
4699	144
4699	242
4699	225
4700	267
4700	203
4700	230
4700	291
4700	323
4700	242
4700	225
4701	267
4701	114
4701	146
4701	291
4701	242
4701	225
4701	5
4702	182
4702	267
4702	259
4702	230
4702	291
4702	242
4702	225
4703	267
4703	203
4703	114
4703	209
4703	242
4703	225
4703	289
4704	203
4704	198
4704	107
4704	106
4704	119
4704	230
4704	242
4704	225
4705	114
4705	14
4705	106
4705	209
4705	242
4706	127
4706	267
4706	178
4706	112
4706	198
4706	276
4706	242
4706	225
4707	182
4707	167
4707	267
4707	230
4707	291
4707	242
4707	225
4708	113
4708	195
4708	156
4708	276
4708	102
4708	242
4708	225
4709	182
4709	133
4709	307
4709	198
4709	107
4709	106
4709	230
4709	242
4709	225
4710	270
4710	114
4710	266
4710	86
4710	242
4710	225
4710	5
4711	146
4711	86
4711	291
4711	323
4711	242
4711	5
4712	259
4712	26
4712	230
4712	21
4712	291
4712	323
4712	242
4712	225
4713	267
4713	203
4713	170
4713	331
4713	144
4713	242
4713	225
4714	267
4714	114
4714	316
4714	136
4714	225
4715	114
4715	113
4715	185
4715	230
4715	323
4715	242
4715	5
4716	182
4716	167
4716	267
4716	291
4716	323
4716	242
4716	225
4717	114
4717	26
4717	230
4717	291
4717	323
4717	242
4717	225
4718	251
4718	26
4718	291
4718	323
4718	242
4718	225
4718	255
4719	149
4719	182
4719	198
4719	323
4719	242
4719	225
4719	171
4720	178
4720	198
4720	106
4720	237
4720	272
4720	230
4720	242
4720	225
4721	203
4721	178
4721	198
4721	31
4721	230
4721	242
4721	225
4722	182
4722	167
4722	203
4722	230
4722	252
4722	242
4722	225
4723	182
4723	167
4723	21
4723	291
4723	323
4723	242
4723	225
4724	195
4724	288
4724	102
4724	337
4724	291
4724	242
4724	225
4725	203
4725	121
4725	106
4725	291
4725	242
4725	225
4726	266
4726	178
4726	198
4726	106
4726	31
4726	230
4726	242
4726	225
4727	267
4727	114
4727	326
4727	272
4727	252
4727	242
4727	225
4728	339
4728	267
4728	178
4728	198
4728	230
4728	10
4728	242
4728	225
4729	87
4729	144
4729	291
4729	242
4729	225
4729	85
4730	267
4730	266
4730	106
4730	291
4730	323
4730	242
4730	225
4731	270
4731	267
4731	250
4731	291
4731	323
4731	242
4731	225
4732	178
4732	26
4732	230
4732	291
4732	323
4732	242
4732	225
4733	267
4733	209
4733	144
4733	150
4733	33
4733	242
4733	225
4734	182
4734	326
4734	107
4734	230
4734	252
4734	242
4734	225
4735	267
4735	203
4735	136
4735	230
4735	276
4735	323
4735	242
4735	225
4736	182
4736	203
4736	276
4736	209
4736	291
4736	323
4736	242
4736	225
4737	245
4737	267
4737	178
4737	198
4737	230
4737	21
4737	242
4737	225
4738	262
4738	22
4738	323
4738	242
4738	225
4739	182
4739	178
4739	156
4739	230
4739	242
4739	225
4739	255
4740	267
4740	114
4740	26
4740	230
4740	291
4740	323
4740	242
4740	225
4741	267
4741	203
4741	114
4741	291
4741	323
4741	242
4741	225
4742	267
4742	203
4742	276
4742	291
4742	323
4742	242
4742	225
4743	167
4743	267
4743	178
4743	17
4743	230
4743	242
4743	225
4744	182
4744	203
4744	198
4744	230
4744	276
4744	144
4744	242
4744	225
4745	203
4745	114
4745	306
4745	119
4745	230
4745	323
4745	242
4746	167
4746	267
4746	198
4746	230
4746	102
4746	160
4746	242
4746	225
4747	267
4747	26
4747	106
4747	230
4747	291
4747	242
4747	225
4748	132
4748	198
4748	148
4748	22
4748	323
4748	242
4748	225
4748	171
4749	267
4749	266
4749	86
4749	291
4749	323
4749	242
4749	225
4750	182
4750	167
4750	203
4750	276
4750	102
4750	242
4750	225
4751	267
4751	114
4751	326
4751	230
4751	144
4751	242
4751	225
4752	267
4752	26
4752	230
4752	276
4752	291
4752	242
4752	225
4753	182
4753	267
4753	198
4753	230
4753	276
4753	242
4753	225
4754	203
4754	266
4754	178
4754	209
4754	291
4754	242
4754	225
4755	267
4755	233
4755	230
4755	144
4755	242
4755	225
4755	217
4756	245
4756	149
4756	182
4756	167
4756	230
4756	242
4756	225
4757	267
4757	230
4757	144
4757	291
4757	242
4757	225
4758	270
4758	267
4758	266
4758	291
4758	242
4758	225
4759	178
4759	198
4759	107
4759	94
4759	230
4759	242
4759	225
4759	217
4760	182
4760	267
4760	203
4760	209
4760	291
4760	242
4760	225
4761	101
4761	230
4761	293
4761	146
4761	291
4761	242
4761	225
4762	267
4762	203
4762	178
4762	7
4762	198
4762	6
4762	242
4762	225
4763	270
4763	267
4763	276
4763	291
4763	323
4763	242
4764	267
4764	203
4764	113
4764	230
4764	242
4764	225
4764	289
4765	209
4765	258
4765	252
4765	242
4765	225
4765	289
4765	85
4766	267
4766	230
4766	144
4766	252
4766	242
4766	225
4766	238
4767	267
4767	133
4767	266
4767	291
4767	323
4767	242
4768	167
4768	267
4768	178
4768	198
4768	230
4768	242
4768	225
4769	182
4769	267
4769	276
4769	144
4769	102
4769	242
4769	225
4770	267
4770	266
4770	178
4770	291
4770	323
4770	242
4770	225
4771	26
4771	146
4771	337
4771	291
4771	323
4771	242
4771	225
4772	114
4772	331
4772	86
4772	332
4772	225
4772	5
4773	113
4773	198
4773	107
4773	106
4773	230
4773	6
4773	242
4773	225
4774	203
4774	264
4774	178
4774	198
4774	230
4774	144
4774	242
4774	225
4775	267
4775	266
4775	195
4775	291
4775	323
4775	242
4775	225
4776	267
4776	203
4776	113
4776	156
4776	198
4776	11
4776	242
4776	225
4777	182
4777	270
4777	267
4777	331
4777	332
4777	242
4777	225
4778	245
4778	108
4778	298
4778	140
4778	225
4778	5
4779	245
4779	108
4779	26
4779	21
4779	291
4779	242
4779	225
4780	203
4780	113
4780	106
4780	230
4780	291
4780	242
4780	225
4781	251
4781	167
4781	178
4781	198
4781	230
4781	242
4781	225
4781	5
4782	167
4782	267
4782	276
4782	102
4782	242
4782	225
4782	5
4783	267
4783	114
4783	230
4783	146
4783	323
4783	242
4784	149
4784	168
4784	237
4784	230
4784	21
4784	242
4784	225
4785	274
4785	236
4785	208
4785	259
4785	136
4785	225
4786	167
4786	267
4786	26
4786	230
4786	291
4786	323
4786	242
4786	225
4787	167
4787	267
4787	230
4787	291
4787	323
4787	242
4787	225
4788	195
4788	237
4788	291
4788	323
4788	242
4788	171
4789	226
4789	291
4789	323
4789	242
4789	171
4790	267
4790	114
4790	178
4790	26
4790	230
4790	242
4790	225
4791	245
4791	167
4791	267
4791	133
4791	178
4791	307
4791	198
4791	242
4791	225
4792	267
4792	331
4792	107
4792	332
4792	242
4792	225
4792	5
4793	167
4793	267
4793	230
4793	242
4793	225
4793	171
4793	5
4794	203
4794	26
4794	80
4794	86
4794	225
4794	5
4795	267
4795	203
4795	14
4795	291
4795	323
4795	242
4795	225
4796	267
4796	331
4796	107
4796	332
4796	291
4796	242
4796	225
4797	182
4797	167
4797	114
4797	178
4797	230
4797	291
4797	242
4797	225
4798	267
4798	203
4798	107
4798	209
4798	144
4798	291
4798	242
4798	225
4799	178
4799	307
4799	326
4799	198
4799	230
4799	288
4799	242
4799	225
4800	267
4800	203
4800	266
4800	224
4800	198
4800	272
4800	242
4800	225
4801	203
4801	276
4801	209
4801	144
4801	291
4801	242
4801	225
4802	266
4802	178
4802	106
4802	230
4802	291
4802	242
4802	225
4802	255
4803	192
4803	195
4803	291
4803	323
4803	345
4804	167
4804	267
4804	178
4804	198
4804	230
4804	86
4804	242
4804	225
4805	203
4805	276
4805	288
4805	209
4805	102
4805	291
4805	242
4805	225
4806	114
4806	331
4806	146
4806	332
4806	225
4807	203
4807	198
4807	107
4807	106
4807	230
4807	276
4807	242
4807	225
4808	72
4808	116
4808	26
4808	230
4808	242
4808	225
4808	311
4809	203
4809	26
4809	107
4809	276
4809	102
4809	291
4809	242
4809	225
4810	267
4810	203
4810	224
4810	198
4810	136
4810	230
4810	242
4810	225
4811	182
4811	167
4811	267
4811	230
4811	291
4811	242
4811	225
4811	5
4812	267
4812	266
4812	230
4812	291
4812	323
4812	242
4812	225
4813	264
4813	114
4813	195
4813	175
4813	276
4813	323
4813	242
4813	225
4813	317
4814	145
4814	132
4814	108
4814	140
4814	323
4814	242
4814	225
4814	5
4815	182
4815	267
4815	198
4815	14
4815	230
4815	276
4815	242
4815	225
4816	127
4816	267
4816	195
4816	112
4816	146
4816	291
4816	242
4816	225
4817	92
4817	167
4817	261
4817	230
4817	291
4817	242
4817	225
4817	255
4818	14
4818	228
4818	230
4818	150
4818	242
4818	5
4819	203
4819	331
4819	26
4819	332
4819	242
4819	225
4819	5
4820	266
4820	198
4820	185
4820	19
4820	242
4821	108
4821	167
4821	267
4821	21
4821	291
4821	323
4821	242
4821	225
4822	270
4822	203
4822	230
4822	291
4822	323
4822	242
4822	225
4823	114
4823	331
4823	87
4823	332
4823	225
4823	328
4824	267
4824	259
4824	230
4824	291
4824	323
4824	242
4824	225
4825	109
4825	266
4825	224
4825	198
4825	230
4825	242
4825	225
4825	289
4826	267
4826	326
4826	230
4826	252
4826	242
4826	225
4827	267
4827	178
4827	198
4827	106
4827	87
4827	230
4827	242
4827	225
4828	195
4828	262
4828	112
4828	200
4828	242
4828	225
4828	317
4828	324
4829	167
4829	230
4829	291
4829	242
4829	225
4830	267
4830	266
4830	178
4830	259
4830	198
4830	230
4830	150
4830	242
4830	324
4831	114
4831	178
4831	113
4831	195
4831	112
4831	242
4832	114
4832	113
4832	291
4832	323
4832	242
4832	225
4832	255
4833	182
4833	114
4833	230
4833	144
4833	291
4833	242
4833	225
4834	26
4834	106
4834	230
4834	146
4834	10
4834	291
4834	242
4834	225
4835	92
4835	203
4835	198
4835	230
4835	6
4835	242
4835	225
4836	267
4836	178
4836	326
4836	198
4836	230
4836	144
4836	242
4836	225
4837	339
4837	267
4837	150
4837	291
4837	323
4837	242
4837	225
4838	267
4838	178
4838	198
4838	230
4838	276
4838	142
4838	242
4838	225
4839	267
4839	178
4839	307
4839	230
4839	291
4839	242
4839	225
4840	182
4840	167
4840	114
4840	102
4840	250
4840	323
4840	242
4841	267
4841	203
4841	178
4841	198
4841	228
4841	230
4841	242
4841	225
4842	203
4842	195
4842	276
4842	209
4842	150
4842	242
4842	324
4843	145
4843	108
4843	267
4843	266
4843	326
4843	242
4843	225
4844	182
4844	167
4844	267
4844	230
4844	291
4844	242
4844	225
4845	267
4845	224
4845	198
4845	107
4845	230
4845	242
4845	225
4845	217
4846	149
4846	203
4846	26
4846	11
4846	291
4846	242
4846	225
4847	167
4847	267
4847	195
4847	209
4847	150
4847	242
4848	262
4848	219
4848	230
4848	226
4848	250
4848	323
4848	242
4849	81
4849	326
4849	26
4849	276
4849	144
4849	291
4849	242
4849	225
4850	149
4850	26
4850	230
4850	144
4850	21
4850	291
4850	242
4850	225
4851	267
4851	178
4851	146
4851	291
4851	242
4851	225
4852	182
4852	267
4852	190
4852	230
4852	213
4852	225
4853	113
4853	156
4853	291
4853	323
4853	242
4853	225
4853	255
4854	267
4854	178
4854	198
4854	106
4854	230
4854	146
4854	242
4854	225
4855	267
4855	133
4855	266
4855	178
4855	26
4855	225
4856	203
4856	11
4856	33
4856	12
4856	291
4856	242
4856	225
4857	74
4857	266
4857	198
4857	107
4857	228
4857	230
4857	242
4857	225
4858	167
4858	114
4858	190
4858	331
4858	332
4858	225
4859	127
4859	267
4859	203
4859	178
4859	259
4859	198
4859	136
4859	106
4859	230
4859	276
4859	209
4859	80
4859	147
4859	320
4859	216
4859	103
4859	269
4859	242
4859	225
4859	255
4859	324
4860	230
4860	11
4860	252
4860	33
4860	242
4860	225
4860	78
4861	267
4861	266
4861	116
4861	259
4861	198
4861	230
4861	242
4862	121
4862	266
4862	198
4862	107
4862	86
4862	144
4862	337
4862	242
4862	5
4863	203
4863	261
4863	7
4863	198
4863	136
4863	22
4863	225
4864	267
4864	203
4864	209
4864	33
4864	291
4864	242
4864	225
4864	78
4865	267
4865	178
4865	230
4865	144
4865	33
4865	242
4865	225
4866	198
4866	14
4866	106
4866	230
4866	276
4866	150
4866	242
4867	167
4867	121
4867	178
4867	291
4867	269
4867	242
4867	225
4868	267
4868	116
4868	198
4868	106
4868	230
4868	242
4869	267
4869	266
4869	178
4869	291
4869	323
4869	242
4869	225
4870	245
4870	163
4870	30
4870	198
4870	148
4870	225
4871	267
4871	331
4871	107
4871	332
4871	242
4871	225
4872	167
4872	72
4872	133
4872	266
4872	198
4872	230
4872	242
4872	225
4872	317
4872	324
4873	127
4873	182
4873	267
4873	259
4873	198
4873	136
4873	107
4873	106
4873	230
4873	276
4873	209
4873	147
4873	6
4873	320
4873	216
4873	103
4873	242
4873	225
4873	255
4873	324
4874	203
4874	114
4874	106
4874	230
4874	144
4874	291
4874	242
4874	225
4875	267
4875	133
4875	266
4875	178
4875	208
4875	259
4875	198
4875	107
4875	2
4875	21
4875	242
4875	324
4876	167
4876	331
4876	86
4876	332
4876	150
4876	242
4876	225
4877	275
4877	331
4877	11
4877	86
4877	332
4877	323
4877	242
4877	225
4878	167
4878	114
4878	230
4878	291
4878	323
4878	242
4878	225
4879	178
4879	113
4879	107
4879	106
4879	230
4879	242
4879	225
4880	267
4880	203
4880	198
4880	230
4880	276
4880	242
4880	225
4880	286
4881	132
4881	203
4881	121
4881	266
4881	198
4881	230
4881	337
4882	121
4882	74
4882	198
4882	230
4882	276
4882	269
4882	242
4882	225
4883	267
4883	121
4883	113
4883	262
4883	198
4883	230
4883	242
4883	225
4884	203
4884	230
4884	209
4884	252
4884	33
4884	242
4884	225
4885	167
4885	267
4885	178
4885	230
4885	291
4885	242
4885	225
4886	167
4886	101
4886	230
4886	144
4886	242
4886	78
4887	167
4887	267
4887	259
4887	230
4887	252
4887	242
4887	225
4888	18
4888	267
4888	195
4888	80
4888	225
4888	317
4889	91
4889	331
4889	26
4889	332
4889	242
4889	225
4889	171
4890	114
4890	26
4890	230
4890	291
4890	242
4890	225
4890	5
4891	245
4891	198
4891	26
4891	136
4891	230
4891	144
4891	214
4891	242
4891	225
4892	267
4892	203
4892	209
4892	22
4892	291
4892	214
4892	242
4892	225
4892	78
4893	267
4893	330
4893	198
4893	26
4893	230
4893	276
4893	242
4894	267
4894	266
4894	259
4894	291
4894	323
4894	242
4894	225
4895	236
4895	203
4895	178
4895	259
4895	198
4895	14
4895	106
4895	237
4895	230
4895	276
4895	209
4895	253
4895	80
4895	142
4895	216
4895	103
4895	269
4895	242
4895	225
4895	255
4895	324
4896	267
4896	266
4896	116
4896	291
4896	323
4896	242
4897	203
4897	121
4897	266
4897	198
4897	107
4897	230
4897	276
4897	86
4897	258
4897	144
4897	242
4898	167
4898	266
4898	198
4898	230
4898	209
4898	33
4898	242
4898	225
4898	317
4898	324
4899	121
4899	114
4899	276
4899	291
4899	269
4899	242
4899	225
4900	267
4900	266
4900	111
4900	198
4900	136
4900	230
4900	242
4901	182
4901	30
4901	198
4901	228
4901	148
4901	242
4901	225
4902	178
4902	198
4902	26
4902	230
4902	146
4902	10
4902	242
4902	225
4903	114
4903	331
4903	320
4903	332
4903	225
4903	5
4904	267
4904	230
4904	291
4904	323
4904	242
4904	225
4904	255
4905	267
4905	203
4905	178
4905	119
4905	230
4905	242
4905	225
4906	267
4906	259
4906	230
4906	291
4906	323
4906	242
4907	127
4907	167
4907	267
4907	320
4907	291
4907	214
4907	242
4907	225
4908	342
4908	259
4908	198
4908	130
4908	230
4908	214
4908	242
4908	225
4909	127
4909	167
4909	203
4909	198
4909	107
4909	230
4909	225
4910	276
4910	209
4910	150
4910	291
4910	323
4910	242
4910	225
4911	203
4911	326
4911	331
4911	26
4911	291
4911	242
4911	225
4912	167
4912	267
4912	198
4912	237
4912	230
4912	242
4912	225
4912	317
4912	324
4913	267
4913	203
4913	81
4913	230
4913	252
4913	214
4913	242
4913	225
4914	339
4914	264
4914	282
4914	114
4914	115
4914	237
4914	228
4914	230
4914	291
4914	323
4914	242
4914	324
4915	167
4915	203
4915	113
4915	198
4915	230
4915	323
4915	242
4916	267
4916	116
4916	14
4916	291
4916	323
4916	242
4917	178
4917	230
4917	146
4917	242
4918	107
4918	106
4918	230
4918	276
4918	252
4918	291
4918	242
4918	225
4919	266
4919	198
4919	185
4919	19
4919	242
4920	2
4920	266
4920	185
4921	195
4921	262
4921	112
4921	200
4921	225
4921	317
4922	167
4922	203
4922	107
4922	230
4922	144
4922	214
4922	242
4922	225
4923	121
4923	230
4923	291
4923	269
4923	242
4923	225
4924	267
4924	178
4924	224
4924	86
4924	250
4924	323
4924	242
4924	225
4925	267
4925	331
4925	230
4925	144
4925	225
4926	167
4926	107
4926	230
4926	144
4926	242
4926	78
4927	267
4927	116
4927	14
4927	291
4927	323
4927	242
4927	225
4928	267
4928	190
4928	230
4928	291
4928	323
4928	242
4929	267
4929	203
4929	178
4929	198
4929	106
4929	230
4929	214
4929	242
4929	225
4930	331
4930	11
4930	332
4930	291
4930	242
4930	225
4931	259
4931	136
4931	230
4931	276
4931	323
4931	242
4931	225
4931	255
4932	203
4932	106
4932	230
4932	144
4932	252
4932	214
4932	242
4932	225
4933	203
4933	113
4933	198
4933	106
4933	230
4933	242
4933	225
4933	171
4934	121
4934	114
4934	113
4934	230
4934	250
4934	323
4934	242
4934	225
4934	317
4935	298
4935	198
4935	230
4935	144
4935	33
4936	267
4936	307
4936	331
4936	332
4936	291
4936	242
4936	225
4937	270
4937	178
4937	230
4937	291
4937	323
4937	242
4938	267
4938	30
4938	198
4938	242
4938	225
4938	336
4939	270
4939	267
4939	195
4939	112
4939	323
4939	242
4939	225
4940	114
4940	331
4940	146
4940	332
4940	323
4940	242
4940	225
4941	167
4941	203
4941	198
4941	230
4941	150
4941	10
4941	242
4941	225
4942	267
4942	178
4942	198
4942	136
4942	228
4942	230
4942	242
4942	225
4943	203
4943	121
4943	230
4943	209
4943	252
4943	242
4943	225
4944	267
4944	266
4944	198
4944	86
4944	144
4944	337
4944	353
4945	264
4945	114
4945	195
4945	175
4945	276
4945	225
4945	317
4946	198
4946	237
4946	302
4946	230
4946	337
4946	242
4946	225
4947	167
4947	267
4947	276
4947	291
4947	323
4947	242
4948	182
4948	267
4948	266
4948	198
4948	230
4948	242
4948	171
4949	334
4949	267
4949	259
4949	250
4949	323
4949	242
4949	225
4950	267
4950	203
4950	198
4950	237
4950	230
4950	242
4950	225
4951	167
4951	203
4951	178
4951	252
4951	291
4951	225
4951	283
4951	241
4952	267
4952	178
4952	198
4952	107
4952	230
4952	276
4952	242
4952	225
4953	132
4953	266
4953	198
4953	140
4953	242
4953	5
4954	192
4954	198
4954	136
4954	86
4954	250
4955	97
4955	203
4955	198
4955	209
4955	33
4955	214
4955	242
4955	225
4955	78
4956	267
4956	170
4956	331
4956	230
4956	242
4956	225
4956	217
4957	267
4957	101
4957	116
4957	291
4957	323
4957	242
4957	225
4958	339
4958	264
4958	282
4958	237
4958	230
4958	291
4958	323
4958	242
4958	249
4958	324
4959	108
4959	167
4959	198
4959	237
4959	230
4959	242
4959	225
4959	317
4959	324
4960	100
4960	167
4960	198
4960	26
4960	148
4960	242
4960	225
4960	34
4961	331
4961	228
4961	226
4961	242
4961	225
4962	167
4962	203
4962	107
4962	144
4962	252
4962	291
4962	214
4962	242
4962	225
4963	203
4963	121
4963	259
4963	198
4963	269
4963	242
4963	225
4963	324
4964	267
4964	74
4964	198
4964	106
4964	230
4964	242
4964	225
4964	238
4965	267
4965	203
4965	74
4965	230
4965	252
4965	214
4965	242
4965	225
4966	203
4966	121
4966	114
4966	230
4966	291
4966	242
4966	225
4967	198
4967	230
4967	144
4967	365
4968	167
4968	121
4968	198
4968	230
4968	96
4968	242
4968	225
4969	334
4969	167
4969	267
4969	291
4969	323
4969	242
4969	225
4970	121
4970	178
4970	230
4970	250
4970	242
4970	225
4970	317
4971	267
4971	106
4971	144
4971	252
4971	214
4971	242
4971	225
4971	217
4972	245
4972	88
4972	134
4972	198
4972	213
4972	242
4972	225
4973	267
4973	266
4973	178
4973	230
4973	291
4973	242
4973	225
4974	127
4974	203
4974	121
4974	178
4974	259
4974	198
4974	107
4974	106
4974	119
4974	230
4974	276
4974	209
4974	147
4974	103
4974	269
4974	242
4974	225
4974	255
4974	324
4975	267
4975	203
4975	266
4975	198
4975	272
4975	33
4975	242
4976	267
4976	266
4976	178
4976	116
4976	259
4976	198
4976	230
4976	291
4976	323
4976	365
4977	267
4977	203
4977	109
4977	198
4977	230
4977	323
4977	242
4977	225
4977	171
4978	267
4978	266
4978	198
4978	230
4978	22
4978	242
4978	79
4979	182
4979	266
4979	198
4979	230
4979	366
4980	203
4980	7
4980	205
4980	242
4980	225
4981	267
4981	178
4981	230
4981	146
4981	291
4981	214
4981	301
4981	242
4981	225
4982	109
4982	266
4982	230
4982	252
4982	225
4982	283
4982	241
4983	267
4983	203
4983	107
4983	276
4983	150
4983	291
4983	214
4983	242
4983	225
4984	314
4984	230
4984	102
4984	291
4984	323
4984	242
4984	225
4985	267
4985	331
4985	250
4985	242
4985	225
4985	217
4986	267
4986	178
4986	224
4986	198
4986	106
4986	230
4986	242
4986	225
4987	167
4987	230
4987	291
4987	323
4987	242
4988	198
4988	144
4988	216
4989	203
4989	198
4989	205
4989	33
4989	242
4989	225
4990	132
4990	267
4990	96
4990	21
4990	291
4990	323
4990	242
4990	225
4991	203
4991	121
4991	326
4991	252
4991	269
4991	242
4991	225
4992	198
4992	185
4992	19
4992	242
4993	2
4994	167
4994	266
4994	113
4994	156
4994	198
4994	230
4994	242
4994	225
4994	317
4994	324
4995	114
4995	195
4995	276
4995	291
4995	242
4995	225
4996	167
4996	101
4996	331
4996	320
4996	332
4996	242
4996	225
4997	267
4997	109
4997	257
4997	106
4997	230
4997	242
4997	225
4998	167
4998	267
4998	198
4998	106
4998	230
4998	242
4998	225
4999	167
4999	267
4999	230
4999	80
4999	291
4999	323
4999	242
5000	266
5000	198
5000	14
5000	106
5000	230
5000	6
5000	214
5000	242
5000	225
5001	203
5001	306
5001	119
5001	230
5001	144
5001	242
5002	266
5002	259
5002	14
5002	291
5002	323
5002	242
5002	225
5003	167
5003	203
5003	198
5003	237
5003	12
5003	242
5003	225
5004	245
5004	267
5004	178
5004	26
5004	230
5004	291
5004	214
5004	242
5004	225
5005	339
5005	264
5005	282
5005	114
5005	230
5005	291
5005	323
5005	242
5005	249
5005	324
5006	267
5006	276
5006	291
5006	242
5006	225
5007	267
5007	178
5007	198
5007	107
5007	106
5007	230
5007	225
5007	283
5007	241
5008	270
5008	167
5008	267
5008	116
5008	230
5008	323
5008	283
5008	241
5009	114
5009	331
5009	224
5009	320
5009	332
5009	242
5009	225
5010	195
5010	259
5010	230
5010	291
5010	323
5010	242
5010	225
5011	245
5011	108
5011	264
5011	326
5011	144
5011	323
5011	242
5011	225
5012	167
5012	339
5012	267
5012	291
5012	323
5012	242
5013	267
5013	178
5013	198
5013	107
5013	228
5013	94
5013	242
5014	132
5014	198
5014	144
5014	216
5014	21
5015	245
5015	81
5015	230
5015	146
5015	148
5015	291
5015	214
5015	242
5015	225
5016	245
5016	182
5016	280
5016	230
5016	332
5016	214
5016	242
5016	225
5017	267
5017	276
5017	102
5017	150
5017	323
5017	242
5017	225
5018	91
5018	331
5018	96
5018	144
5018	332
5018	242
5018	225
5019	267
5019	203
5019	230
5019	144
5019	252
5019	214
5019	242
5019	225
5020	245
5020	182
5020	30
5020	198
5020	148
5020	242
5020	225
5021	182
5021	267
5021	203
5021	230
5021	146
5021	225
5021	283
5021	241
5022	246
5022	339
5022	276
5022	291
5022	323
5022	242
5022	225
5023	167
5023	267
5023	308
5023	101
5023	230
5023	323
5023	242
5023	225
5024	267
5024	203
5024	106
5024	230
5024	10
5024	242
5024	225
5025	267
5025	230
5025	276
5025	144
5025	252
5025	242
5025	225
5026	267
5026	262
5026	106
5026	230
5026	252
5026	214
5026	242
5026	225
5027	245
5027	81
5027	26
5027	276
5027	21
5027	291
5027	214
5027	242
5027	225
5028	167
5028	267
5028	266
5028	230
5028	291
5028	242
5028	225
5029	203
5029	198
5029	31
5029	230
5029	33
5029	12
5029	242
5030	267
5030	106
5030	130
5030	323
5030	242
5030	225
5030	289
5030	34
5031	178
5031	198
5031	26
5031	272
5031	33
5031	242
5031	225
5031	78
5032	114
5032	331
5032	332
5032	291
5032	323
5032	242
5032	225
5033	267
5033	259
5033	230
5033	291
5033	323
5033	242
5034	167
5034	267
5034	230
5034	291
5034	225
5034	283
5034	241
5035	132
5035	116
5035	331
5035	228
5035	242
5036	267
5036	116
5036	276
5036	291
5036	323
5036	242
5036	225
5037	267
5037	203
5037	230
5037	291
5037	323
5037	242
5037	225
5038	167
5038	203
5038	144
5038	252
5038	323
5038	225
5038	283
5038	241
5039	270
5039	163
5039	203
5039	264
5039	198
5039	230
5039	214
5039	242
5039	225
5040	267
5040	203
5040	113
5040	198
5040	230
5040	276
5040	242
5040	225
5041	203
5041	326
5041	319
5041	198
5041	26
5041	288
5041	242
5041	225
5042	267
5042	203
5042	230
5042	252
5042	33
5042	214
5042	242
5042	225
5043	182
5043	167
5043	267
5043	230
5043	250
5043	291
5043	214
5043	242
5043	225
5044	267
5044	121
5044	114
5044	230
5044	291
5044	214
5044	323
5044	242
5044	225
5044	317
5045	267
5045	203
5045	230
5045	144
5045	252
5045	242
5045	225
5046	167
5046	203
5046	331
5046	142
5046	252
5046	242
5046	225
5047	267
5047	276
5047	288
5047	291
5048	198
5048	230
5048	269
5048	242
5049	114
5049	230
5049	144
5049	252
5049	291
5049	323
5049	242
5049	225
5050	267
5050	266
5050	224
5050	198
5050	230
5050	250
5050	214
5050	242
5050	225
5051	267
5051	198
5051	86
5051	21
5052	267
5052	203
5052	178
5052	198
5052	230
5052	214
5052	242
5052	225
5053	339
5053	264
5053	282
5053	114
5053	230
5053	291
5053	323
5053	242
5053	249
5053	324
5054	270
5054	267
5054	198
5054	230
5054	142
5054	214
5054	242
5054	225
5054	78
5055	178
5055	198
5055	26
5055	230
5055	144
5055	21
5055	242
5055	225
5056	167
5056	101
5056	230
5056	291
5056	323
5056	242
5056	225
5057	267
5057	266
5057	259
5057	230
5057	291
5057	323
5057	242
5057	225
5058	267
5058	203
5058	230
5058	144
5058	252
5058	242
5058	225
5059	121
5059	114
5059	113
5059	230
5059	250
5059	323
5059	242
5059	225
5059	317
5059	324
5060	198
5060	230
5060	209
5060	86
5060	237
5061	182
5061	267
5061	261
5061	7
5061	230
5061	214
5061	242
5061	225
5062	182
5062	167
5062	267
5062	230
5062	250
5062	214
5062	242
5062	225
5063	167
5063	203
5063	114
5063	237
5063	144
5063	242
5064	30
5064	331
5064	332
5064	21
5064	242
5064	225
5065	167
5065	261
5065	7
5065	230
5065	6
5065	242
5065	225
5066	245
5066	182
5066	198
5066	148
5066	242
5066	225
5067	167
5067	203
5067	291
5067	242
5067	225
5068	267
5068	266
5068	178
5068	259
5068	198
5068	230
5068	242
5069	203
5069	224
5069	33
5069	291
5069	323
5069	242
5069	225
5070	267
5070	101
5070	230
5070	291
5070	323
5070	242
5070	225
5071	182
5071	267
5071	113
5071	198
5071	106
5071	230
5071	242
5071	225
5072	182
5072	167
5072	144
5072	252
5072	242
5072	225
5072	289
5073	270
5073	167
5073	267
5073	198
5073	14
5073	230
5073	242
5073	225
5074	267
5074	113
5074	106
5074	230
5074	144
5074	214
5074	242
5074	225
5075	267
5075	178
5075	195
5075	198
5075	230
5075	276
5075	214
5075	242
5075	225
5076	132
5076	267
5076	190
5076	257
5076	198
5076	337
5076	242
5076	225
5076	324
5077	331
5077	26
5077	107
5077	332
5077	250
5077	242
5077	225
5078	182
5078	203
5078	133
5078	198
5078	230
5078	33
5078	242
5078	225
5078	317
5079	270
5079	267
5079	276
5079	291
5079	242
5079	225
5080	245
5080	182
5080	228
5080	242
5080	225
5081	132
5081	167
5081	198
5081	146
5081	144
5081	21
5081	242
5082	267
5082	195
5082	156
5082	291
5082	323
5082	242
5082	225
5083	167
5083	267
5083	230
5083	291
5083	323
5083	242
5083	225
5084	151
5084	109
5084	230
5084	291
5084	323
5084	242
5084	225
5085	182
5085	203
5085	276
5085	144
5085	102
5085	242
5085	225
5086	267
5086	326
5086	230
5086	276
5086	252
5086	242
5086	225
5087	195
5087	106
5087	230
5087	276
5087	291
5087	225
5088	267
5088	114
5088	276
5088	291
5088	323
5088	242
5088	225
5088	317
5089	266
5089	178
5089	259
5089	230
5089	323
5089	242
5090	167
5090	267
5090	116
5090	259
5090	323
5090	242
5091	267
5091	203
5091	22
5091	252
5091	33
5091	242
5091	225
5091	317
5092	203
5092	7
5092	22
5092	6
5092	33
5092	242
5092	225
5092	317
5093	167
5093	178
5093	113
5093	327
5093	230
5093	242
5093	225
5094	113
5094	156
5094	106
5094	291
5094	323
5094	242
5094	225
5095	267
5095	192
5095	26
5095	230
5095	323
5095	269
5095	242
5095	225
5096	267
5096	203
5096	197
5096	209
5096	191
5096	242
5096	225
5097	267
5097	26
5097	106
5097	144
5097	291
5097	214
5097	225
5098	167
5098	101
5098	331
5098	228
5098	332
5098	242
5098	225
5099	167
5099	267
5099	101
5099	80
5099	291
5099	242
5099	225
5100	267
5100	2
5100	230
5100	291
5100	323
5100	242
5100	225
5101	270
5101	109
5101	230
5101	291
5101	323
5101	242
5101	225
5102	149
5102	270
5102	163
5102	264
5102	282
5102	198
5102	214
5102	242
5102	225
5103	182
5103	167
5103	267
5103	266
5103	116
5103	198
5103	242
5104	167
5104	267
5104	116
5104	291
5104	323
5104	242
5105	145
5105	149
5105	198
5105	96
5105	140
5105	242
5105	225
5106	267
5106	203
5106	114
5106	178
5106	230
5106	323
5106	242
5106	225
5106	317
5107	149
5107	100
5107	167
5107	230
5107	80
5107	323
5107	242
5108	267
5108	276
5108	258
5108	291
5108	323
5108	242
5108	225
5109	267
5109	198
5109	237
5109	228
5109	230
5109	242
5109	225
5109	239
5110	267
5110	203
5110	262
5110	230
5110	144
5110	242
5110	225
5111	167
5111	267
5111	178
5111	198
5111	230
5111	214
5111	242
5111	225
5112	267
5112	26
5112	107
5112	230
5112	10
5112	291
5112	214
5112	225
5113	267
5113	133
5113	266
5113	178
5113	288
5113	242
5113	225
5113	317
5114	267
5114	203
5114	230
5114	252
5114	242
5114	225
5114	78
5115	203
5115	81
5115	26
5115	230
5115	252
5115	291
5115	225
5116	149
5116	92
5116	198
5116	293
5116	146
5116	323
5116	242
5117	267
5117	203
5117	230
5117	33
5117	12
5117	214
5117	242
5117	225
5118	168
5118	306
5118	198
5118	86
5119	267
5119	203
5119	230
5119	144
5119	252
5119	242
5119	225
5120	121
5120	178
5120	192
5120	198
5120	242
5120	225
5120	328
5120	317
5121	127
5121	267
5121	331
5121	11
5121	332
5121	242
5121	225
5122	92
5122	264
5122	156
5122	288
5122	242
5122	225
5122	317
5123	182
5123	167
5123	267
5123	203
5123	198
5123	242
5123	225
5123	324
5124	203
5124	81
5124	26
5124	230
5124	323
5124	242
5124	225
5125	267
5125	203
5125	198
5125	272
5125	230
5125	33
5125	242
5126	114
5126	230
5126	150
5126	291
5126	323
5126	242
5126	225
5127	267
5127	136
5127	230
5127	291
5127	323
5127	242
5127	225
5128	267
5128	326
5128	136
5128	230
5128	252
5128	242
5128	225
5129	145
5129	132
5129	149
5129	148
5129	140
5129	242
5129	225
5130	339
5130	264
5130	282
5130	307
5130	223
5130	198
5130	228
5130	230
5130	242
5130	249
5130	324
5131	267
5131	156
5131	198
5131	242
5131	225
5131	324
5132	267
5132	266
5132	198
5132	230
5132	150
5132	250
5132	225
5133	267
5133	203
5133	272
5133	230
5133	144
5133	242
5133	225
5134	182
5134	203
5134	7
5134	156
5134	262
5134	198
5134	214
5134	242
5134	225
5135	203
5135	114
5135	106
5135	291
5135	323
5135	225
5136	267
5136	116
5136	198
5136	26
5136	230
5136	146
5136	214
5136	242
5136	225
5137	203
5137	209
5137	22
5137	150
5137	33
5137	242
5137	225
5137	317
5138	92
5138	178
5138	307
5138	116
5138	198
5138	242
5138	225
5139	178
5139	307
5139	198
5139	230
5139	142
5139	21
5139	323
5139	242
5140	182
5140	267
5140	230
5140	276
5140	144
5140	214
5140	242
5140	225
5141	267
5141	266
5141	307
5141	198
5141	86
5141	10
5141	214
5141	242
5141	225
5142	203
5142	264
5142	106
5142	237
5142	230
5142	323
5142	242
5142	225
5143	266
5143	198
5143	19
5143	242
5144	245
5144	108
5144	167
5144	198
5144	148
5144	140
5144	225
5145	266
5145	101
5145	198
5145	237
5145	230
5145	242
5145	225
5145	317
5146	127
5146	203
5146	156
5146	112
5146	230
5146	323
5146	225
5147	182
5147	167
5147	267
5147	198
5147	230
5147	242
5147	225
5148	339
5148	264
5148	237
5148	228
5148	230
5148	291
5148	225
5149	203
5149	198
5149	107
5149	230
5149	33
5149	242
5149	324
5150	81
5150	114
5150	230
5150	291
5150	323
5150	225
5151	267
5151	203
5151	230
5151	252
5151	214
5151	242
5151	225
5152	267
5152	178
5152	198
5152	276
5152	144
5152	269
5152	242
5152	225
5152	317
5153	167
5153	203
5153	104
5153	136
5153	242
5154	167
5154	267
5154	230
5154	86
5154	323
5154	225
5155	261
5155	7
5155	156
5155	205
5155	230
5155	323
5155	242
5155	225
5156	203
5156	121
5156	113
5156	198
5156	14
5156	230
5156	214
5156	242
5156	225
5157	270
5157	116
5157	156
5157	14
5157	209
5157	242
5158	92
5158	167
5158	190
5158	198
5158	288
5158	242
5158	225
5158	317
5159	245
5159	182
5159	134
5159	198
5159	242
5159	225
5160	339
5160	203
5160	264
5160	282
5160	114
5160	237
5160	230
5160	291
5160	323
5160	242
5160	249
5160	324
5161	267
5161	266
5161	156
5161	106
5161	230
5161	214
5161	242
5161	225
5162	203
5162	272
5162	230
5162	33
5162	242
5162	225
5163	182
5163	167
5163	106
5163	230
5163	291
5163	225
5164	267
5164	203
5164	266
5164	230
5164	33
5164	214
5164	242
5164	225
5165	167
5165	203
5165	133
5165	198
5165	276
5165	242
5165	225
5166	203
5166	224
5166	198
5166	272
5166	230
5166	33
5166	225
5167	314
5167	327
5167	230
5167	21
5167	225
5167	34
5168	167
5168	203
5168	107
5168	144
5168	252
5168	214
5168	242
5168	225
5169	132
5169	245
5169	108
5169	167
5169	230
5169	291
5169	214
5169	225
5170	182
5170	267
5170	252
5170	242
5170	225
5171	149
5171	334
5171	267
5171	291
5171	323
5171	225
5172	132
5172	178
5172	198
5172	230
5172	21
5172	214
5172	242
5172	225
5173	267
5173	114
5173	266
5173	230
5173	252
5173	242
5173	225
5174	267
5174	230
5174	22
5174	242
5174	225
5175	133
5175	266
5175	307
5175	259
5175	323
5175	242
5175	78
5176	267
5176	266
5176	198
5176	230
5176	150
5176	242
5176	225
5177	313
5177	259
5177	136
5177	230
5177	150
5177	225
5178	267
5178	203
5178	31
5178	230
5178	209
5178	214
5178	242
5178	225
5179	167
5179	267
5179	266
5179	291
5179	323
5179	242
5180	267
5180	276
5180	291
5180	225
5181	167
5181	326
5181	106
5181	230
5181	144
5181	242
5181	225
5182	203
5182	121
5182	232
5182	230
5182	252
5182	242
5182	225
5183	267
5183	101
5183	198
5183	237
5183	230
5183	225
5184	167
5184	267
5184	101
5184	230
5184	225
5185	203
5185	264
5185	178
5185	198
5185	237
5185	230
5185	214
5185	242
5185	225
5186	182
5186	167
5186	266
5186	259
5186	198
5186	150
5186	242
5187	267
5187	203
5187	262
5187	242
5187	225
5187	324
5188	307
5188	198
5188	228
5188	276
5188	80
5188	242
5188	225
5189	267
5189	203
5189	14
5189	237
5189	230
5189	291
5189	214
5189	225
5190	267
5190	266
5190	307
5190	223
5190	259
5190	198
5190	323
5190	242
5191	270
5191	267
5191	114
5191	104
5191	7
5191	242
5192	267
5192	266
5192	178
5192	190
5192	259
5192	198
5192	242
5193	132
5193	168
5193	190
5193	198
5193	242
5193	225
5193	324
5194	267
5194	198
5194	237
5194	230
5194	276
5194	150
5194	242
5194	225
5195	267
5195	276
5195	102
5195	291
5195	225
5196	267
5196	266
5196	116
5196	291
5196	323
5196	242
5197	245
5197	108
5197	267
5197	266
5197	326
5197	242
5198	267
5198	198
5198	106
5198	230
5198	150
5198	283
5198	241
5199	267
5199	307
5199	259
5199	291
5199	323
5199	242
5199	225
5200	267
5200	266
5200	178
5200	230
5200	214
5200	225
5201	270
5201	267
5201	307
5201	116
5201	198
5201	230
5201	242
5201	225
5202	81
5202	31
5202	230
5202	11
5202	144
5202	242
5202	225
5203	167
5203	267
5203	230
5203	291
5203	323
5203	242
5204	114
5204	266
5204	178
5204	259
5204	157
5204	230
5204	80
5204	144
5204	102
5204	250
5204	291
5204	269
5204	242
5205	149
5205	100
5205	88
5205	167
5205	14
5205	242
5206	120
5206	180
5206	168
5206	266
5206	104
5206	198
5206	242
5207	203
5207	198
5207	106
5207	22
5207	150
5207	33
5207	225
5207	317
5208	267
5208	195
5208	209
5208	150
5208	242
5209	307
5209	113
5209	156
5209	198
5209	242
5209	225
5210	267
5210	276
5210	258
5210	291
5210	323
5210	242
5210	225
5211	267
5211	114
5211	266
5211	291
5211	323
5211	242
5212	267
5212	203
5212	150
5212	252
5212	242
5212	225
5213	116
5213	14
5213	291
5213	323
5213	242
5214	267
5214	114
5214	195
5214	150
5214	242
5215	167
5215	264
5215	228
5215	230
5215	144
5215	225
5216	266
5216	307
5216	330
5216	198
5216	130
5216	230
5216	214
5216	242
5216	225
5217	264
5217	178
5217	198
5217	237
5217	228
5217	230
5217	242
5217	225
5218	182
5218	266
5218	116
5218	259
5218	198
5218	14
5218	242
5219	267
5219	81
5219	178
5219	116
5219	259
5219	198
5219	230
5219	242
5220	270
5220	157
5220	198
5220	106
5220	242
5221	334
5221	267
5221	101
5221	291
5221	323
5221	242
5221	225
5222	167
5222	178
5222	230
5222	144
5222	102
5222	214
5222	242
5222	225
5223	267
5223	259
5223	146
5223	144
5223	10
5223	242
5223	225
5224	203
5224	262
5224	22
5224	242
5224	225
5225	116
5225	156
5225	198
5225	14
5225	242
5225	225
5225	255
5226	127
5226	331
5226	224
5226	320
5226	332
5226	242
5226	225
5227	182
5227	167
5227	178
5227	228
5227	230
5227	242
5228	267
5228	203
5228	262
5228	230
5228	144
5228	214
5228	242
5228	225
5229	167
5229	267
5229	203
5229	198
5229	237
5229	12
5229	214
5229	242
5229	225
5230	267
5230	307
5230	198
5230	94
5230	242
5230	225
5231	182
5231	167
5231	156
5231	230
5231	291
5231	214
5231	323
5231	225
5231	255
5232	133
5232	266
5232	178
5232	116
5232	259
5232	198
5232	242
5233	236
5233	267
5233	266
5233	208
5233	198
5233	14
5233	242
5233	225
5234	203
5234	178
5234	230
5234	144
5234	22
5234	242
5234	225
5235	197
5235	80
5235	22
5235	150
5235	242
5236	203
5236	307
5236	198
5236	14
5236	230
5236	33
5236	242
5236	225
5237	267
5237	121
5237	198
5237	230
5237	21
5237	242
5237	225
5238	339
5238	264
5238	282
5238	114
5238	115
5238	198
5238	237
5238	228
5238	230
5238	242
5239	267
5239	276
5239	102
5239	291
5239	323
5239	242
5240	149
5240	267
5240	307
5240	208
5240	198
5240	276
5240	242
5240	225
5241	178
5241	326
5241	259
5241	198
5241	14
5241	230
5241	214
5241	242
5241	225
5242	267
5242	266
5242	198
5242	106
5242	230
5242	242
5242	225
5242	273
5242	78
5242	317
5243	182
5243	267
5243	198
5243	14
5243	230
5243	150
5243	242
5244	182
5244	267
5244	14
5244	230
5244	150
5244	242
5245	267
5245	266
5245	178
5245	291
5245	323
5245	242
5246	267
5246	178
5246	198
5246	272
5246	230
5246	276
5246	242
5246	225
5247	267
5247	203
5247	266
5247	198
5247	99
5247	150
5247	214
5247	242
5247	225
5248	127
5248	267
5248	266
5248	198
5248	276
5248	320
5248	242
5249	267
5249	198
5249	136
5249	230
5249	250
5249	242
5250	266
5250	178
5250	307
5250	259
5250	198
5250	21
5250	242
5251	203
5251	178
5251	198
5251	31
5251	230
5251	22
5251	242
5251	225
5252	182
5252	167
5252	203
5252	198
5252	230
5252	214
5252	242
5252	225
5253	267
5253	203
5253	156
5253	106
5253	230
5253	214
5253	242
5253	225
5254	167
5254	121
5254	219
5254	198
5254	230
5254	242
5254	225
5255	167
5255	178
5255	228
5255	144
5255	102
5255	242
5255	225
5256	109
5256	327
5256	198
5256	26
5256	230
5256	337
5256	214
5256	242
5256	225
5256	289
5257	245
5257	109
5257	264
5257	198
5257	237
5257	230
5257	242
5257	225
5257	289
5258	267
5258	266
5258	307
5258	198
5258	302
5258	214
5258	242
5258	225
5259	331
5259	219
5259	107
5259	332
5259	242
5259	225
5260	267
5260	198
5260	228
5260	242
5260	225
5261	267
5261	198
5261	316
5261	14
5261	230
5261	80
5261	150
5261	242
5262	182
5262	267
5262	198
5262	316
5262	14
5262	302
5262	230
5262	150
5262	242
5263	167
5263	262
5263	198
5263	136
5263	22
5263	242
5263	225
5264	178
5264	342
5264	198
5264	237
5264	228
5264	214
5264	242
5264	225
5265	339
5265	267
5265	178
5265	198
5265	237
5265	230
5265	242
5265	225
5266	267
5266	198
5266	291
5266	323
5266	242
5267	149
5267	101
5267	157
5267	198
5267	230
5267	338
5267	242
5268	167
5268	198
5268	228
5268	230
5268	144
5268	102
5268	242
5268	225
5269	182
5269	267
5269	266
5269	178
5269	198
5269	230
5269	242
5269	225
5270	267
5270	203
5270	198
5270	237
5270	230
5270	22
5270	242
5270	225
5271	132
5271	198
5271	146
5271	21
5271	213
5271	242
5271	225
5272	267
5272	133
5272	266
5272	307
5272	198
5272	230
5272	216
5272	242
5273	178
5273	198
5273	26
5273	291
5273	323
5273	242
5273	225
5273	317
5274	203
5274	264
5274	198
5274	237
5274	228
5274	276
5274	242
5274	225
5275	267
5275	190
5275	198
5275	107
5275	276
5275	214
5275	242
5275	225
5276	149
5276	267
5276	22
5276	150
5276	33
5276	242
5277	182
5277	267
5277	198
5277	230
5277	276
5277	150
5277	242
5278	116
5278	14
5278	242
5279	167
5279	203
5279	266
5279	198
5279	237
5279	230
5279	242
5279	225
5280	267
5280	203
5280	266
5280	198
5280	276
5280	33
5280	242
5281	334
5281	167
5281	178
5281	208
5281	198
5281	230
5281	214
5281	242
5281	225
5282	267
5282	203
5282	26
5282	237
5282	150
5282	242
5282	225
5283	116
5283	14
5283	107
5283	228
5283	230
5283	242
5283	225
5284	266
5284	178
5284	259
5284	198
5284	230
5284	10
5284	214
5284	242
5284	225
5285	267
5285	203
5285	198
5285	106
5285	230
5285	22
5285	242
5285	225
5286	198
5286	185
5286	19
5286	242
5287	167
5287	267
5287	190
5287	291
5287	323
5287	242
5288	264
5288	259
5288	198
5288	237
5288	230
5288	242
5288	225
5289	132
5289	203
5289	116
5289	195
5289	198
5289	96
5289	242
5290	313
5290	267
5290	198
5290	230
5290	276
5290	150
5290	242
5291	146
5291	291
5291	242
5291	5
5292	182
5292	14
5292	22
5292	242
5293	267
5293	136
5293	150
5293	242
5294	267
5294	195
5294	198
5294	230
5294	276
5294	150
5294	242
5295	108
5295	307
5295	198
5295	96
5295	242
5296	182
5296	266
5296	198
5296	237
5296	230
5296	144
5296	242
5296	225
5296	317
5297	121
5297	178
5297	307
5297	198
5297	230
5297	276
5297	242
5297	225
5298	167
5298	198
5298	228
5298	230
5298	276
5298	102
5298	242
5298	225
5299	109
5299	114
5299	106
5299	230
5299	337
5299	242
5300	182
5300	97
5300	230
5300	242
5301	267
5301	223
5301	230
5301	102
5301	252
5301	214
5301	242
5301	225
5302	167
5302	198
5302	228
5302	230
5302	144
5302	102
5302	242
5302	225
5303	182
5303	167
5303	267
5303	203
5303	198
5303	276
5303	242
5303	225
5304	267
5304	203
5304	178
5304	198
5304	14
5304	230
5304	214
5304	242
5304	225
5305	313
5305	267
5305	198
5305	230
5305	276
5305	150
5305	242
5306	291
5306	323
5306	242
5306	5
5307	267
5307	203
5307	198
5307	106
5307	230
5307	276
5307	214
5307	242
5307	225
5308	267
5308	178
5308	198
5308	230
5308	102
5308	250
5308	242
5308	225
5309	167
5309	261
5309	7
5309	156
5309	198
5309	205
5309	242
5309	225
5310	307
5310	259
5310	198
5310	237
5310	230
5310	242
5310	225
5311	182
5311	267
5311	156
5311	198
5311	230
5311	242
5311	225
5312	116
5312	198
5312	14
5312	237
5312	230
5312	214
5312	242
5312	225
5313	245
5313	182
5313	198
5313	228
5313	242
5313	225
5314	245
5314	313
5314	267
5314	178
5314	198
5314	230
5314	214
5314	242
5314	225
5315	167
5315	267
5315	203
5315	266
5315	116
5315	198
5315	242
5315	225
5315	311
5315	317
5316	182
5316	235
5316	267
5316	178
5316	198
5316	6
5316	214
5316	242
5316	225
5317	167
5317	116
5317	331
5317	228
5317	242
5318	182
5318	167
5318	267
5318	266
5318	230
5318	242
5318	225
5318	317
5319	182
5319	100
5319	267
5319	178
5319	198
5319	230
5319	214
5319	242
5319	225
5320	245
5320	339
5320	264
5320	178
5320	198
5320	96
5320	214
5320	242
5320	225
5320	249
5321	334
5321	167
5321	74
5321	208
5321	198
5321	230
5321	214
5321	242
5321	225
5322	182
5322	167
5322	267
5322	203
5322	198
5322	242
5322	225
5323	167
5323	267
5323	266
5323	178
5323	259
5323	198
5323	230
5323	80
5323	242
5324	266
5324	178
5324	259
5324	198
5324	302
5324	276
5324	214
5324	242
5324	225
5325	167
5325	267
5325	266
5325	178
5325	113
5325	242
5326	267
5326	178
5326	307
5326	198
5326	230
5326	276
5326	242
5327	167
5327	133
5327	266
5327	178
5327	198
5327	250
5327	242
5327	225
5327	317
5328	245
5328	267
5328	266
5328	198
5328	146
5328	242
5329	267
5329	203
5329	198
5329	276
5329	142
5329	144
5329	242
5329	225
5330	245
5330	167
5330	307
5330	198
5330	214
5330	242
5330	225
5331	245
5331	168
5331	178
5331	198
5331	87
5331	148
5331	242
5331	225
5332	167
5332	267
5332	266
5332	178
5332	116
5332	259
5332	198
5332	230
5332	242
5333	182
5333	267
5333	178
5333	116
5333	198
5333	230
5333	214
5333	242
5333	225
5334	182
5334	167
5334	267
5334	266
5334	198
5334	276
5334	242
5335	266
5335	307
5335	116
5335	259
5335	198
5335	230
5335	242
5335	311
5336	224
5336	157
5336	250
5336	291
5336	214
5336	323
5336	242
5337	167
5337	267
5337	178
5337	198
5337	230
5337	242
5338	267
5338	266
5338	178
5338	101
5338	259
5338	198
5338	242
5339	167
5339	178
5339	101
5339	156
5339	198
5339	214
5339	242
5340	178
5340	101
5340	259
5340	198
5340	214
5340	215
5340	242
5341	114
5341	26
5341	230
5341	291
5341	242
5341	225
5341	5
5342	203
5342	114
5342	230
5342	291
5342	323
5342	242
5342	225
5344	92
5344	203
5344	261
5344	31
5344	6
5344	242
5344	225
5344	317
5345	109
5345	114
5345	209
5345	146
5345	103
5345	242
5346	203
5346	114
5346	146
5346	323
5346	242
5346	225
5346	171
5347	114
5347	115
5347	195
5347	276
5347	291
5347	242
5347	225
5348	145
5348	245
5348	108
5348	140
5348	242
5348	225
5348	5
5349	114
5349	115
5349	230
5349	291
5349	242
5349	225
5349	5
5350	163
5350	114
5350	331
5350	337
5350	332
5350	242
5350	225
5351	203
5351	81
5351	26
5351	106
5351	291
5351	242
5351	225
5352	163
5352	264
5352	114
5352	198
5352	228
5352	230
5352	225
5353	92
5353	163
5353	203
5353	261
5353	291
5353	323
5353	242
5353	89
5354	121
5354	265
5354	232
5354	195
5354	230
5354	242
5354	225
5355	282
5355	114
5355	291
5355	323
5355	242
5355	225
5355	89
5356	114
5356	178
5356	230
5356	291
5356	242
5356	225
5357	203
5357	86
5357	291
5357	323
5357	242
5357	225
5357	268
5358	270
5358	114
5358	242
5358	271
5359	331
5359	146
5359	332
5359	225
5359	211
5359	5
5360	264
5360	114
5360	113
5360	291
5360	242
5361	114
5361	115
5361	106
5361	230
5361	337
5361	291
5361	242
5361	225
5362	113
5362	26
5362	106
5362	230
5362	291
5362	242
5362	225
5363	127
5363	331
5363	320
5363	332
5363	323
5363	242
5363	225
5364	114
5364	331
5364	226
5364	146
5364	332
5364	323
5364	242
5364	225
5365	203
5365	331
5365	26
5365	332
5365	291
5365	242
5365	225
5366	264
5366	237
5366	230
5366	291
5366	242
5366	225
5367	127
5367	114
5367	331
5367	332
5367	323
5367	242
5367	225
5368	114
5368	259
5368	258
5368	291
5368	242
5369	114
5369	178
5369	300
5369	258
5369	291
5369	242
5369	225
5370	267
5370	116
5370	224
5370	14
5370	230
5370	291
5370	218
5370	323
5370	242
5371	113
5371	156
5371	26
5371	230
5371	291
5371	323
5371	242
5371	225
5372	264
5372	114
5372	178
5372	198
5372	106
5372	230
5372	323
5372	242
5372	225
5373	203
5373	306
5373	111
5373	291
5373	323
5373	242
5373	225
5374	203
5374	272
5374	33
5374	291
5374	323
5374	242
5374	225
5375	203
5375	114
5375	326
5375	230
5375	323
5375	242
5375	225
5375	171
5376	19
5376	242
5377	203
5377	114
5377	230
5377	291
5377	242
5377	225
5378	203
5378	209
5378	22
5378	291
5378	323
5378	242
5378	225
5379	270
5379	163
5379	203
5379	113
5379	198
5379	106
5379	276
5379	22
5379	6
5379	103
5379	242
5379	225
5379	281
5380	114
5380	331
5380	146
5380	291
5380	323
5380	242
5380	225
5381	114
5381	113
5381	26
5381	230
5381	291
5381	323
5381	242
5381	225
5382	113
5382	156
5382	112
5382	31
5382	242
5382	322
5383	30
5383	331
5383	332
5383	291
5383	323
5383	225
5384	203
5384	114
5384	230
5384	291
5384	323
5384	225
5385	97
5385	164
5385	203
5385	230
5385	291
5385	323
5385	242
5385	225
5386	230
5386	144
5386	252
5386	291
5386	323
5386	242
5386	225
5387	203
5387	81
5387	106
5387	230
5387	323
5387	225
5387	171
5388	331
5388	11
5388	337
5388	323
5388	354
5388	242
5388	353
5389	127
5389	331
5389	22
5389	332
5389	291
5389	225
5390	203
5390	114
5390	198
5390	230
5390	209
5390	258
5390	225
5391	114
5391	106
5391	230
5391	291
5391	323
5391	242
5391	225
5392	114
5392	150
5392	252
5392	291
5392	323
5392	242
5392	225
5393	331
5393	11
5393	337
5393	323
5393	354
5393	242
5393	353
5394	203
5394	178
5394	31
5394	230
5394	144
5394	242
5394	225
5395	251
5395	109
5395	114
5395	198
5395	106
5395	242
5396	132
5396	203
5396	81
5396	230
5396	252
5396	242
5396	225
5397	182
5397	203
5397	223
5397	106
5397	323
5397	242
5398	163
5398	264
5398	228
5398	291
5398	323
5398	242
5398	225
5399	114
5399	230
5399	291
5399	323
5399	242
5399	225
5400	163
5400	114
5400	178
5400	198
5400	323
5400	242
5400	171
5401	163
5401	114
5401	113
5401	22
5401	291
5401	323
5401	242
5401	225
5402	178
5402	113
5402	156
5402	291
5402	323
5402	242
5402	225
5402	32
5403	203
5403	106
5403	276
5403	291
5403	323
5403	242
5403	225
5404	203
5404	296
5404	198
5404	230
5404	276
5404	22
5404	214
5404	242
5404	225
5405	203
5405	81
5405	198
5405	106
5405	230
5405	242
5405	225
5406	203
5406	198
5406	31
5406	11
5406	12
5406	242
5406	225
5407	264
5407	114
5407	198
5407	237
5407	230
5407	242
5407	225
5408	203
5408	109
5408	327
5408	252
5408	225
5409	149
5409	81
5409	195
5409	209
5409	323
5409	242
5410	127
5410	31
5410	276
5410	144
5410	102
5410	242
5410	324
5411	168
5411	232
5411	195
5411	331
5411	198
5411	332
5411	242
5411	225
5412	270
5412	264
5412	114
5412	198
5412	26
5412	237
5412	228
5412	230
5412	242
5412	324
5413	331
5413	146
5413	86
5413	291
5413	323
5413	242
5413	225
5414	203
5414	26
5414	106
5414	291
5414	323
5414	242
5414	225
5415	81
5415	198
5415	106
5415	230
5415	276
5415	214
5415	242
5415	225
5416	26
5416	230
5416	144
5416	102
5416	21
5416	214
5416	225
5417	132
5417	203
5417	198
5417	26
5417	230
5417	226
5417	214
5417	242
5417	225
5418	267
5418	298
5418	331
5418	332
5418	242
5418	225
5418	211
5419	114
5419	230
5419	291
5419	323
5419	242
5420	106
5420	230
5420	276
5420	144
5420	242
5420	225
5421	264
5421	114
5421	228
5421	230
5421	242
5421	225
5422	267
5422	114
5422	230
5422	291
5422	323
5422	242
5422	225
5423	97
5423	203
5423	114
5423	198
5423	276
5423	10
5423	214
5423	242
5423	225
5424	326
5424	331
5424	107
5424	332
5424	291
5424	225
5425	270
5425	258
5425	242
5425	322
5425	312
5425	240
5426	203
5426	195
5426	156
5426	112
5426	323
5426	242
5427	92
5427	282
5427	114
5427	178
5427	198
5427	214
5427	242
5427	89
5428	267
5428	114
5428	230
5428	291
5428	323
5428	242
5429	203
5429	264
5429	262
5429	198
5429	155
5429	242
5430	132
5430	203
5430	198
5430	230
5430	11
5430	242
5430	225
5430	78
5431	203
5431	114
5431	106
5431	237
5431	22
5431	242
5432	118
5432	163
5432	72
5432	342
5432	116
5432	228
5432	230
5432	323
5432	242
5432	85
5433	264
5433	114
5433	178
5433	291
5433	323
5433	242
5434	203
5434	198
5434	276
5434	209
5434	144
5434	33
5434	242
5435	203
5435	198
5435	230
5435	22
5435	242
5435	225
5435	78
5436	114
5436	198
5436	230
5436	323
5436	242
5436	171
5437	114
5437	331
5437	106
5437	291
5437	323
5437	242
5437	225
5438	203
5438	113
5438	156
5438	106
5438	144
5438	242
5438	225
5438	89
5439	203
5439	109
5439	230
5439	276
5439	209
5439	242
5439	225
5440	203
5440	113
5440	31
5440	230
5440	252
5440	214
5440	242
5440	225
5441	198
5441	136
5441	242
5442	282
5442	198
5442	237
5442	228
5442	230
5442	242
5442	225
5443	163
5443	203
5443	264
5443	114
5443	198
5443	230
5443	242
5443	225
5444	203
5444	157
5444	237
5444	94
5444	230
5444	323
5444	242
5444	225
5445	203
5445	264
5445	291
5445	323
5445	242
5445	239
5445	240
5446	203
5446	178
5446	91
5446	106
5446	230
5446	214
5446	242
5446	225
5447	106
5447	276
5447	209
5447	243
5447	242
5447	225
5448	203
5448	156
5448	198
5448	106
5448	230
5448	214
5448	225
5448	171
5449	203
5449	114
5449	224
5449	106
5449	33
5449	242
5449	225
5449	317
5450	114
5450	276
5450	209
5450	258
5450	242
5450	312
5451	114
5451	230
5451	146
5451	144
5451	323
5451	242
5452	81
5452	106
5452	31
5452	276
5452	337
5452	242
5453	203
5453	114
5453	342
5453	198
5453	106
5453	33
5453	242
5454	203
5454	331
5454	22
5454	291
5454	323
5454	242
5454	225
5455	88
5455	203
5455	114
5455	115
5455	198
5455	258
5455	242
5455	225
5456	203
5456	106
5456	230
5456	291
5456	323
5456	242
5456	225
5457	132
5457	245
5457	92
5457	114
5457	198
5457	230
5457	214
5457	242
5457	225
5458	203
5458	114
5458	198
5458	209
5458	22
5458	6
5458	242
5458	225
5459	334
5459	109
5459	114
5459	198
5459	228
5459	230
5459	214
5459	242
5459	225
5459	289
5460	267
5460	2
5460	230
5460	291
5460	323
5460	242
5461	203
5461	276
5461	209
5461	22
5461	6
5461	242
5461	225
5461	317
5462	114
5462	331
5462	26
5462	291
5462	323
5462	242
5462	225
5463	114
5463	104
5463	331
5463	332
5463	291
5463	323
5463	242
5463	225
5464	163
5464	264
5464	331
5464	332
5464	291
5464	323
5464	242
5465	114
5465	195
5465	198
5465	316
5465	22
5465	150
5465	242
5465	225
5466	277
5466	81
5466	114
5466	261
5466	116
5466	7
5466	195
5466	156
5466	226
5466	242
5467	92
5467	81
5467	109
5467	198
5467	33
5467	242
5468	203
5468	81
5468	114
5468	198
5468	230
5468	22
5468	291
5468	242
5469	203
5469	81
5469	223
5469	250
5469	323
5469	242
5469	225
5470	203
5470	114
5470	106
5470	230
5470	252
5470	242
5470	225
5471	114
5471	104
5471	331
5471	332
5471	291
5471	323
5471	242
5471	225
5472	264
5472	114
5472	197
5472	104
5472	106
5472	230
5472	258
5472	103
5472	242
5473	182
5473	277
5473	113
5473	116
5473	104
5473	156
5473	107
5473	230
5473	242
5474	81
5474	116
5474	331
5474	228
5474	252
5474	242
5474	225
5475	127
5475	203
5475	81
5475	198
5475	276
5475	338
5475	216
5475	242
5476	203
5476	331
5476	106
5476	146
5476	332
5476	242
5476	225
5477	264
5477	198
5477	107
5477	106
5477	230
5477	22
5477	214
5477	242
5477	225
5478	314
5478	342
5478	242
5478	89
5478	240
5479	203
5479	81
5479	114
5479	113
5479	198
5479	31
5479	214
5479	242
5479	225
5480	203
5480	198
5480	106
5480	276
5480	22
5480	103
5480	242
5481	114
5481	230
5481	276
5481	252
5481	214
5481	242
5481	225
5482	132
5482	169
5482	204
5482	144
5482	242
5483	132
5483	169
5483	151
5483	26
5483	242
5484	114
5484	198
5484	237
5484	228
5484	230
5484	242
5484	225
5485	132
5485	169
5485	91
5485	11
5485	146
5485	242
5486	169
5486	91
5486	11
5486	146
5486	86
5486	242
5487	203
5487	114
5487	198
5487	106
5487	230
5487	242
5487	225
5488	114
5488	91
5488	198
5488	230
5488	214
5488	242
5488	225
5489	270
5489	219
5489	17
5489	124
5489	320
5489	242
5490	277
5490	81
5490	113
5490	104
5490	156
5490	106
5490	237
5490	230
5490	242
5491	203
5491	114
5491	113
5491	198
5491	276
5491	22
5491	214
5491	242
5491	225
5492	264
5492	198
5492	237
5492	242
5492	225
5493	73
5493	114
5493	314
5493	342
5493	331
5493	87
5493	291
5493	242
5494	264
5494	198
5494	237
5494	228
5494	242
5494	225
5495	203
5495	81
5495	272
5495	230
5495	144
5495	242
5495	225
5496	203
5496	106
5496	230
5496	276
5496	252
5496	214
5496	242
5496	225
5497	203
5497	114
5497	198
5497	323
5497	242
5497	171
5498	203
5498	81
5498	113
5498	198
5498	106
5498	230
5498	242
5498	225
5499	127
5499	331
5499	31
5499	144
5499	301
5499	242
5499	225
5500	92
5500	203
5500	81
5500	114
5500	261
5500	7
5500	230
5500	144
5500	33
5500	242
5500	268
5501	224
5501	198
5501	250
5501	214
5501	242
5502	117
5502	203
5502	156
5502	198
5502	106
5502	230
5502	214
5502	242
5502	225
5503	203
5503	112
5503	106
5503	80
5503	323
5504	203
5504	156
5504	198
5504	31
5504	230
5504	22
5504	242
5504	225
5505	97
5505	114
5505	104
5505	198
5505	106
5505	230
5505	242
5506	114
5506	197
5506	101
5506	14
5506	80
5506	242
5507	81
5507	264
5507	114
5507	327
5507	223
5507	323
5507	242
5508	151
5508	203
5508	114
5508	314
5508	291
5508	242
5509	163
5509	267
5509	291
5509	323
5509	242
5509	328
5510	270
5510	203
5510	104
5510	198
5510	26
5510	146
5510	242
5511	104
5511	26
5511	136
5511	230
5511	252
5511	242
5512	331
5512	332
5512	291
5512	225
5513	136
5513	276
5513	142
5513	21
5513	242
5513	171
5514	23
5514	114
5514	111
5514	230
5514	150
5514	252
5514	242
5515	178
5515	204
5515	31
5515	230
5515	22
5515	242
5516	81
5516	114
5516	195
5516	155
5516	230
5516	242
5517	114
5517	104
5517	26
5517	230
5517	213
5517	242
5518	203
5518	114
5518	237
5518	230
5518	252
5518	214
5518	242
5518	225
5519	261
5519	7
5519	198
5519	205
5519	230
5519	6
5519	242
5519	317
5520	267
5520	326
5520	230
5520	276
5520	252
5520	214
5520	242
5520	225
5521	203
5521	114
5521	198
5521	106
5521	230
5521	33
5521	214
5521	242
5521	225
5522	163
5522	264
5522	113
5522	261
5522	198
5522	237
5522	214
5522	242
5522	225
5523	114
5523	326
5523	232
5523	119
5523	87
5523	242
5524	81
5524	327
5524	115
5524	258
5524	242
5525	127
5525	76
5525	264
5525	282
5525	114
5525	115
5525	198
5525	106
5525	237
5525	228
5525	230
5525	276
5525	242
5526	203
5526	114
5526	106
5526	237
5526	230
5526	242
5527	97
5527	223
5527	237
5527	272
5527	230
5527	22
5527	332
5527	242
5527	271
5528	164
5528	167
5528	203
5528	308
5528	223
5528	107
5528	106
5528	276
5528	209
5528	10
5528	269
5528	242
5529	203
5529	198
5529	106
5529	209
5529	22
5529	33
5529	242
5530	92
5530	331
5530	293
5530	242
5530	225
5531	203
5531	113
5531	156
5531	106
5531	103
5531	214
5531	242
5531	225
5532	26
5532	107
5532	209
5532	291
5532	323
5532	242
5533	132
5533	267
5533	203
5533	114
5533	307
5533	242
5534	97
5534	203
5534	276
5534	22
5534	252
5534	214
5534	242
5534	225
5535	92
5535	261
5535	230
5535	150
5535	252
5535	242
5536	331
5536	320
5536	332
5536	291
5536	323
5536	242
5537	245
5537	163
5537	264
5537	282
5537	228
5537	242
5538	245
5538	264
5538	114
5538	91
5538	198
5538	230
5538	214
5538	242
5538	225
5539	203
5539	81
5539	230
5539	144
5539	252
5539	214
5539	242
5539	225
5540	203
5540	326
5540	104
5540	150
5540	252
5540	242
5541	92
5541	203
5541	81
5541	114
5541	230
5541	242
5541	225
5542	203
5542	81
5542	114
5542	106
5542	33
5542	242
5542	225
5543	97
5543	114
5543	230
5543	144
5543	150
5543	252
5543	242
5543	105
5544	203
5544	81
5544	114
5544	276
5544	22
5544	214
5544	242
5544	225
5544	105
5545	270
5545	232
5545	198
5545	106
5545	119
5545	242
5546	267
5546	203
5546	114
5546	230
5546	214
5546	323
5546	242
5546	225
5547	203
5547	198
5547	272
5547	276
5547	209
5547	6
5547	33
5547	242
5548	198
5548	185
5548	2
5548	19
5548	242
5549	203
5549	106
5549	22
5549	291
5549	323
5549	242
5550	182
5550	97
5550	114
5550	150
5550	252
5550	291
5550	323
5550	242
5551	203
5551	81
5551	114
5551	198
5551	33
5551	12
5551	242
5551	225
5552	92
5552	173
5552	264
5552	331
5552	332
5552	242
5553	264
5553	282
5553	114
5553	230
5553	291
5553	242
5554	92
5554	198
5554	237
5554	230
5554	242
5554	317
5555	270
5555	327
5555	26
5555	230
5555	144
5555	291
5555	323
5555	242
5556	91
5556	198
5556	228
5556	242
5556	225
5557	114
5557	198
5557	26
5557	144
5557	33
5557	242
5558	81
5558	114
5558	230
5558	144
5558	150
5558	242
5559	114
5559	104
5559	230
5559	258
5559	291
5559	323
5559	242
5560	203
5560	113
5560	106
5560	31
5560	230
5560	242
5561	203
5561	81
5561	198
5561	230
5561	276
5561	150
5561	242
5562	264
5562	114
5562	198
5562	237
5562	230
5562	242
5562	32
5563	106
5563	337
5563	150
5563	242
5564	92
5564	331
5564	320
5564	332
5564	242
5565	88
5565	167
5565	114
5565	130
5565	242
5565	225
5566	203
5566	264
5566	114
5566	104
5566	26
5566	237
5566	291
5566	323
5566	242
5567	203
5567	81
5567	114
5567	302
5567	276
5567	209
5567	242
5568	264
5568	114
5568	198
5568	209
5568	258
5568	242
5569	198
5569	2
5569	19
5569	242
5569	35
5570	163
5570	203
5570	114
5570	198
5570	230
5570	323
5570	242
5570	171
5571	114
5571	178
5571	230
5571	291
5571	323
5571	242
5572	81
5572	112
5572	80
5572	291
5572	323
5572	242
5573	203
5573	81
5573	26
5573	291
5573	323
5573	242
5574	114
5574	208
5574	198
5574	230
5574	250
5574	242
5575	140
5575	33
5575	291
5575	323
5575	242
5576	114
5576	119
5576	230
5576	144
5576	242
5577	81
5577	114
5577	156
5577	291
5577	323
5577	242
5578	151
5578	81
5578	228
5578	276
5578	209
5578	242
5579	264
5579	282
5579	198
5579	237
5579	228
5579	242
5579	225
5580	156
5580	106
5580	230
5580	242
5581	114
5581	342
5581	107
5581	291
5581	323
5581	242
5582	203
5582	81
5582	276
5582	11
5582	33
5582	242
5583	203
5583	195
5583	209
5583	22
5583	33
5583	214
5583	242
5583	225
5584	114
5584	144
5584	150
5584	291
5584	323
5584	242
5585	109
5585	198
5585	106
5585	230
5585	150
5585	242
5586	326
5586	224
5586	230
5586	252
5586	323
5586	242
5586	225
5587	327
5587	198
5587	144
5587	242
5588	203
5588	327
5588	156
5588	198
5588	209
5588	22
5588	33
5588	242
5589	308
5589	31
5589	302
5589	209
5589	22
5589	214
5589	242
5589	225
5590	326
5590	230
5590	226
5590	146
5590	242
5591	264
5591	114
5591	230
5591	291
5591	323
5591	242
5592	163
5592	282
5592	114
5592	198
5592	230
5592	80
5592	242
5593	163
5593	116
5593	198
5593	237
5593	87
5593	230
5593	242
5594	264
5594	331
5594	11
5594	332
5594	242
5595	149
5595	331
5595	146
5595	332
5595	242
5596	331
5596	86
5596	258
5596	332
5596	242
5597	203
5597	114
5597	26
5597	144
5597	22
5597	242
5598	23
5598	267
5598	195
5598	156
5598	205
5598	242
5599	203
5599	264
5599	114
5599	198
5599	228
5599	242
5600	245
5600	163
5600	264
5600	228
5600	242
5601	104
5601	31
5601	302
5601	22
5601	214
5601	242
5602	18
5602	114
5602	331
5602	291
5602	323
5602	242
5603	163
5603	264
5603	331
5603	31
5603	332
5603	242
5604	264
5604	114
5604	330
5604	323
5604	242
5605	270
5605	81
5605	114
5605	116
5605	104
5605	115
5605	14
5605	230
5605	258
5605	291
5605	323
5605	242
5606	114
5606	104
5606	319
5606	224
5606	198
5606	250
5606	242
5607	163
5607	264
5607	114
5607	195
5607	198
5607	230
5607	242
5608	114
5608	314
5608	111
5608	230
5608	253
5608	146
5608	216
5608	291
5608	323
5608	242
5609	270
5609	109
5609	306
5609	198
5609	302
5609	230
5609	242
5610	264
5610	331
5610	219
5610	237
5610	332
5610	242
5611	245
5611	276
5611	291
5611	323
5612	127
5612	114
5612	178
5612	331
5612	86
5612	332
5612	242
5613	270
5613	230
5613	291
5613	242
5614	114
5614	104
5614	230
5614	291
5614	242
5615	203
5615	33
5615	242
5616	97
5616	167
5616	203
5616	101
5616	33
5616	242
5617	264
5617	114
5617	326
5617	319
5617	237
5617	87
5617	230
5617	258
5617	291
5617	323
5617	242
5618	261
5618	7
5618	6
5618	242
5619	101
5619	195
5619	242
5620	195
5620	276
5620	242
5621	104
5621	224
5621	29
5621	17
5621	160
5622	4
5622	173
5622	90
5622	308
5622	198
5622	220
5623	113
5623	156
5623	198
5623	337
5623	242
5624	245
5624	263
5624	261
5624	198
5624	148
5624	140
5624	242
5625	100
5625	203
5625	230
5625	22
5625	150
5625	214
5625	242
5625	225
5626	270
5626	264
5626	195
5626	331
5626	332
5626	242
5627	163
5627	264
5627	282
5627	114
5627	113
5627	230
5627	102
5627	250
5627	291
5627	323
5627	242
5628	203
5628	121
5628	114
5628	326
5628	104
5628	230
5628	242
5629	264
5629	114
5629	178
5629	230
5629	323
5629	242
5630	114
5630	306
5630	198
5630	205
5630	242
5631	331
5631	86
5631	144
5631	291
5631	323
5631	242
5632	87
5632	230
5632	291
5632	323
5632	242
5633	97
5633	203
5633	326
5633	21
5633	214
5633	242
5633	225
5634	331
5634	332
5634	10
5634	291
5634	225
5635	270
5635	74
5635	230
5635	144
5635	242
5635	225
5636	163
5636	72
5636	264
5636	116
5636	242
5636	225
5637	270
5637	203
5637	198
5637	26
5637	106
5637	276
5637	242
5638	114
5638	113
5638	156
5638	198
5638	103
5638	250
5638	242
5639	114
5639	198
5639	237
5639	228
5639	230
5639	144
5639	242
5639	225
5640	267
5640	331
5640	136
5640	250
5640	242
5641	326
5641	230
5641	288
5641	291
5641	323
5641	242
5642	88
5642	178
5642	331
5642	228
5642	144
5642	242
5642	225
5643	114
5643	230
5643	10
5643	291
5643	214
5643	242
5644	168
5644	157
5644	230
5644	144
5644	242
5644	225
5645	198
5645	2
5645	19
5645	242
5646	270
5646	114
5646	113
5646	115
5646	106
5646	80
5646	22
5646	150
5646	242
5647	127
5647	104
5647	107
5647	102
5647	22
5647	214
5647	242
5647	225
5648	264
5648	114
5648	237
5648	230
5648	291
5648	242
5649	267
5649	114
5649	10
5649	291
5649	214
5649	225
5650	264
5650	302
5650	230
5650	291
5650	242
5651	230
5651	144
5651	12
5651	291
5651	323
5651	242
5652	114
5652	258
5652	291
5652	323
5652	242
5653	144
5653	291
5653	242
5654	114
5654	230
5654	148
5654	291
5654	323
5654	242
5655	264
5655	114
5655	106
5655	230
5655	323
5655	242
5656	267
5656	331
5656	259
5656	332
5656	215
5656	242
5656	225
5657	92
5657	167
5657	81
5657	156
5657	144
5657	242
5658	151
5658	156
5658	155
5658	228
5658	17
5658	291
5658	323
5658	242
5659	92
5659	104
5659	195
5659	316
5659	242
5660	114
5660	342
5660	104
5660	144
5660	242
5661	167
5661	203
5661	81
5661	107
5661	276
5661	209
5661	242
5662	331
5662	26
5662	332
5662	291
5662	323
5662	242
5663	168
5663	264
5663	114
5663	178
5663	223
5663	136
5663	230
5663	226
5663	250
5663	291
5663	323
5663	242
5664	118
5664	113
5664	197
5664	104
5664	106
5664	230
5664	242
5665	81
5665	156
5665	112
5665	157
5665	80
5665	86
5665	242
5666	132
5666	203
5666	198
5666	106
5666	276
5666	80
5666	242
5667	334
5667	267
5667	307
5667	291
5667	323
5667	242
5668	264
5668	114
5668	198
5668	237
5668	228
5668	130
5668	242
5669	203
5669	198
5669	26
5669	86
5669	242
5670	121
5670	114
5670	326
5670	230
5670	252
5670	242
5671	267
5671	114
5671	10
5671	291
5671	214
5671	242
5672	264
5672	116
5672	198
5672	237
5672	205
5672	242
5673	167
5673	203
5673	195
5673	276
5673	291
5673	242
5674	203
5674	7
5674	156
5674	242
5675	14
5675	230
5675	144
5675	242
5676	203
5676	112
5676	80
5676	86
5676	22
5676	242
5677	182
5677	277
5677	151
5677	113
5677	261
5677	104
5677	7
5677	26
5677	230
5677	6
5677	242
5678	277
5678	72
5678	264
5678	113
5678	116
5678	104
5678	7
5678	26
5678	230
5678	6
5678	242
5679	163
5679	114
5679	327
5679	291
5679	323
5679	242
5680	195
5680	112
5680	11
5680	80
5680	150
5680	242
5681	92
5681	167
5681	203
5681	81
5681	327
5681	209
5681	22
5681	33
5681	242
5682	313
5682	267
5682	264
5682	114
5682	111
5682	136
5682	291
5682	323
5682	242
5683	114
5683	106
5683	10
5683	291
5683	214
5683	242
5684	314
5684	113
5684	198
5684	107
5684	242
5685	264
5685	114
5685	326
5685	230
5685	252
5685	242
5686	118
5686	264
5686	113
5686	257
5686	116
5686	104
5686	223
5686	230
5686	242
5687	163
5687	203
5687	81
5687	114
5687	291
5687	242
5688	264
5688	331
5688	237
5688	228
5688	242
5688	225
5689	339
5689	267
5689	326
5689	230
5689	252
5689	242
5689	225
5689	56
5690	203
5690	326
5690	331
5690	146
5690	332
5690	242
5690	225
5690	64
5691	267
5691	156
5691	10
5691	291
5691	214
5691	242
5691	225
5692	270
5692	104
5692	316
5692	252
5692	291
5692	323
5692	242
5693	339
5693	178
5693	198
5693	26
5693	230
5693	242
5693	317
5694	163
5694	264
5694	282
5694	291
5694	323
5694	242
5694	225
5694	32
5695	164
5695	114
5695	326
5695	230
5695	252
5695	242
5695	225
5696	203
5696	114
5696	198
5696	276
5696	253
5696	216
5696	242
5697	280
5697	203
5697	114
5697	331
5697	209
5697	242
5697	225
5698	149
5698	267
5698	114
5698	198
5698	136
5698	230
5698	80
5698	250
5698	242
5699	326
5699	198
5699	230
5699	226
5699	21
5699	242
5700	264
5700	198
5700	230
5700	213
5700	242
5701	277
5701	114
5701	116
5701	104
5701	115
5701	223
5701	14
5701	230
5701	258
5701	242
5702	339
5702	264
5702	114
5702	198
5702	237
5702	228
5702	242
5702	225
5703	114
5703	331
5703	332
5703	323
5703	242
5703	171
5704	198
5704	323
5704	242
5704	171
5705	203
5705	114
5705	198
5705	230
5705	323
5705	242
5705	171
5706	203
5706	195
5706	146
5706	242
5706	317
5707	267
5707	203
5707	10
5707	291
5707	214
5707	242
5708	167
5708	267
5708	101
5708	253
5708	80
5708	146
5708	22
5708	320
5708	323
5708	242
5709	203
5709	195
5709	259
5709	80
5709	22
5709	150
5709	33
5709	323
5710	113
5710	156
5710	198
5710	242
5711	264
5711	114
5711	237
5711	228
5711	242
5712	270
5712	114
5712	104
5712	112
5712	80
5712	338
5712	22
5712	242
5713	277
5713	151
5713	114
5713	113
5713	111
5713	104
5713	106
5713	230
5713	258
5713	242
5714	203
5714	111
5714	195
5714	276
5714	225
5714	317
5715	203
5715	114
5715	112
5715	198
5715	230
5715	22
5715	242
5716	151
5716	203
5716	81
5716	276
5716	242
5717	151
5717	114
5717	104
5717	26
5717	230
5717	276
5717	258
5717	242
5718	167
5718	104
5718	331
5718	29
5718	228
5718	146
5718	242
5719	114
5719	266
5719	302
5719	291
5719	214
5719	242
5719	317
5720	203
5720	114
5720	116
5720	219
5720	14
5720	230
5720	242
5721	109
5721	264
5721	114
5721	104
5721	230
5721	242
5721	225
5722	277
5722	72
5722	264
5722	114
5722	116
5722	104
5722	115
5722	223
5722	230
5722	276
5722	209
5722	258
5722	191
5722	242
5723	114
5723	224
5723	198
5723	119
5723	276
5723	258
5723	242
5724	270
5724	81
5724	327
5724	242
5725	33
5725	291
5725	323
5725	242
5726	81
5726	114
5726	192
5726	224
5726	230
5726	323
5726	291
5727	203
5727	72
5727	326
5727	230
5727	150
5728	203
5728	195
5728	107
5728	209
5728	22
5728	150
5728	323
5729	92
5729	151
5729	264
5729	114
5729	86
5729	291
5729	323
5729	242
5730	97
5730	264
5730	331
5730	112
5730	332
5730	242
5731	167
5731	267
5731	114
5731	307
5731	331
5731	86
5731	242
5732	264
5732	237
5732	230
5732	291
5732	323
5732	242
5733	203
5733	114
5733	276
5733	144
5733	323
5734	114
5734	113
5734	224
5734	198
5734	230
5734	250
5734	242
5734	317
5735	330
5735	7
5735	156
5735	17
5735	250
5735	242
5735	225
5735	317
5736	313
5736	151
5736	114
5736	104
5736	230
5736	242
5737	263
5737	203
5737	261
5737	7
5737	106
5737	230
5737	276
5737	33
5737	242
5738	203
5738	114
5738	261
5738	327
5738	330
5738	198
5738	80
5738	22
5738	242
5739	203
5739	261
5739	111
5739	327
5739	156
5739	198
5739	22
5739	150
5739	323
5739	242
5740	149
5740	326
5740	17
5740	87
5740	291
5740	323
5740	242
5741	203
5741	104
5741	262
5741	112
5741	242
5742	132
5742	88
5742	167
5742	331
5742	332
5742	242
5743	331
5743	224
5743	332
5743	242
5743	225
5744	277
5744	264
5744	114
5744	104
5744	115
5744	223
5744	106
5744	230
5744	258
5744	323
5744	242
5745	203
5745	195
5745	22
5746	326
5746	104
5746	195
5746	276
5746	323
5746	242
5747	151
5747	114
5747	331
5747	219
5747	332
5748	203
5748	178
5748	230
5748	10
5748	214
5748	242
5749	203
5749	195
5749	209
5749	22
5749	323
5749	242
5750	203
5750	114
5750	327
5750	298
5750	330
5750	198
5750	230
5750	276
5750	209
5750	80
5750	242
5751	163
5751	264
5751	282
5751	198
5751	230
5751	242
5752	139
5752	326
5752	104
5752	272
5752	87
5752	323
5752	242
5753	132
5753	88
5753	26
5753	230
5753	291
5753	323
5753	242
5754	168
5754	264
5754	104
5754	147
5754	332
5754	242
5755	270
5755	203
5755	109
5755	104
5755	106
5755	242
5756	270
5756	114
5756	104
5756	195
5756	112
5756	242
5757	114
5757	115
5757	31
5757	302
5757	214
5757	242
5757	317
5758	339
5758	264
5758	282
5758	291
5758	242
5758	32
5759	267
5759	203
5759	326
5759	230
5759	242
5759	225
5760	132
5760	310
5760	195
5760	198
5760	242
5761	114
5761	314
5761	261
5761	111
5761	7
5761	230
5761	102
5761	291
5761	323
5761	242
5762	270
5762	81
5762	327
5762	157
5762	242
5763	203
5763	107
5763	106
5763	276
5763	144
5763	103
5763	242
5764	203
5764	111
5764	156
5764	198
5764	230
5764	276
5764	209
5764	80
5764	242
5765	270
5765	81
5765	104
5765	316
5765	230
5765	252
5765	242
5766	264
5766	282
5766	104
5766	237
5766	242
5767	109
5767	104
5767	219
5767	136
5767	230
5767	242
5768	270
5768	92
5768	81
5768	331
5768	228
5768	242
5769	203
5769	195
5769	209
5769	317
5770	203
5770	298
5770	209
5770	22
5770	33
5770	242
5771	127
5771	118
5771	163
5771	264
5771	116
5771	331
5771	86
5771	332
5771	242
5772	163
5772	203
5772	81
5772	204
5772	276
5772	361
5773	203
5773	195
5773	156
5773	198
5773	26
5773	242
5773	225
5774	267
5774	203
5774	326
5774	146
5774	242
5774	225
5775	267
5775	223
5775	136
5775	205
5775	230
5775	242
5775	225
5776	203
5776	327
5776	195
5776	276
5776	242
5777	92
5777	261
5777	104
5777	156
5777	230
5777	146
5777	242
5778	92
5778	203
5778	262
5778	198
5778	150
5778	33
5778	242
5779	313
5779	114
5779	314
5779	230
5779	252
5779	242
5779	225
5780	109
5780	104
5780	219
5780	209
5780	213
5780	242
5781	80
5781	22
5781	323
5781	317
5782	264
5782	114
5782	198
5782	237
5782	228
5782	242
5783	203
5783	261
5783	327
5783	7
5783	198
5783	230
5783	276
5783	80
5783	22
5784	102
5784	323
5784	291
5785	245
5785	149
5785	91
5785	148
5785	242
5786	195
5786	276
5786	80
5786	317
5787	264
5787	114
5787	22
5787	150
5787	252
5787	214
5787	242
5787	225
5788	156
5788	230
5788	291
5789	264
5789	113
5789	192
5789	104
5789	237
5789	242
5790	167
5790	22
5790	150
5790	252
5790	214
5790	242
5790	225
5791	339
5791	264
5791	114
5791	198
5791	237
5791	228
5791	242
5791	225
5792	113
5792	115
5792	156
5792	198
5792	242
5793	203
5793	195
5793	80
5793	317
5794	264
5794	326
5794	230
5794	150
5794	252
5794	242
5794	225
5795	203
5795	107
5795	209
5795	22
5795	150
5796	112
5796	80
5796	86
5796	22
5796	323
5797	151
5797	203
5797	261
5797	7
5797	156
5797	198
5797	230
5797	80
5797	242
5798	163
5798	203
5798	81
5798	261
5798	276
5798	209
5798	21
5798	242
5799	92
5799	203
5799	264
5799	114
5799	198
5799	86
5799	242
5800	203
5800	195
5800	198
5800	242
5800	317
5801	182
5801	163
5801	151
5801	331
5801	332
5802	203
5802	195
5802	33
5802	317
5803	267
5803	107
5803	276
5803	213
5803	214
5803	291
5804	339
5804	264
5804	114
5804	104
5804	237
5804	228
5804	242
5805	81
5805	195
5805	112
5805	320
5805	242
5806	163
5806	151
5806	114
5806	307
5806	136
5806	291
5806	323
5806	242
5807	203
5807	81
5807	195
5807	242
5807	317
5808	114
5808	106
5808	10
5808	291
5808	214
5808	242
5809	264
5809	198
5809	237
5809	230
5809	242
5810	132
5810	203
5810	209
5810	33
5810	291
5810	225
5811	203
5811	109
5811	230
5811	209
5811	291
5811	225
5812	182
5812	151
5812	114
5812	344
5813	203
5813	298
5813	195
5813	198
5813	317
5814	245
5814	264
5814	230
5814	291
5814	323
5814	242
5814	32
5815	203
5815	264
5815	114
5815	156
5815	198
5815	230
5815	242
5815	32
5816	280
5816	331
5816	130
5816	12
5816	291
5816	225
5817	334
5817	151
5817	114
5817	198
5817	228
5817	242
5818	169
5818	228
5818	194
5818	242
5819	88
5819	167
5819	331
5819	86
5819	242
5820	81
5820	102
5820	291
5820	225
5821	203
5821	114
5821	113
5821	259
5821	198
5821	230
5821	214
5821	242
5821	225
5822	291
5822	323
5822	242
5823	296
5823	330
5823	195
5823	323
5823	242
5824	132
5824	163
5824	264
5824	80
5824	291
5824	317
5825	198
5825	33
5825	171
5826	264
5826	114
5826	326
5826	237
5826	87
5826	242
5827	339
5827	264
5827	282
5827	104
5827	107
5827	242
5828	127
5828	163
5828	339
5828	121
5828	331
5828	332
5829	132
5829	264
5829	198
5829	237
5829	228
5829	242
5830	263
5830	203
5830	195
5830	198
5830	242
5830	317
5831	264
5831	282
5831	114
5831	237
5831	228
5831	242
5832	203
5832	319
5832	198
5832	230
5832	22
5832	242
5832	225
5833	203
5833	195
5833	198
5833	242
5833	317
5834	280
5834	331
5834	130
5834	230
5834	11
5834	242
5834	225
5835	270
5835	313
5835	109
5835	104
5835	22
5835	242
5836	270
5836	114
5836	258
5836	10
5836	291
5836	214
5836	242
5837	117
5837	81
5837	327
5837	198
5837	106
5837	22
5837	242
5837	225
5838	270
5838	114
5838	198
5838	21
5838	214
5838	242
5838	225
5839	203
5839	112
5839	198
5839	26
5839	230
5839	22
5839	242
5839	225
5840	203
5840	81
5840	156
5840	242
5841	127
5841	326
5841	331
5841	147
5841	332
5841	242
5842	166
5842	261
5842	331
5842	144
5842	332
5842	242
5842	225
5843	100
5843	167
5843	314
5843	326
5843	230
5843	242
5843	225
5844	93
5844	314
5844	91
5844	150
5844	214
5844	242
5844	225
5845	104
5845	331
5845	26
5845	242
5846	280
5846	326
5846	331
5846	130
5846	242
5846	225
5847	88
5847	198
5847	26
5847	155
5847	228
5847	22
5847	214
5847	242
5847	225
5848	182
5848	92
5848	104
5848	262
5848	316
5848	213
5848	242
5849	203
5849	195
5849	276
5849	142
5849	22
5849	242
5850	203
5850	114
5850	326
5850	144
5850	242
5851	132
5851	245
5851	114
5851	326
5851	242
5852	203
5852	198
5852	87
5852	144
5852	242
5853	114
5853	195
5853	258
5853	323
5853	291
5854	339
5854	264
5854	114
5854	198
5854	237
5854	228
5854	242
5854	225
5855	149
5855	163
5855	307
5855	293
5855	242
5856	114
5856	250
5856	291
5856	323
5856	242
5857	163
5857	203
5857	331
5857	148
5857	242
5857	225
5858	182
5858	154
5858	173
5858	261
5858	104
5858	144
5859	203
5859	114
5859	195
5859	198
5860	88
5860	203
5860	81
5860	114
5860	327
5860	198
5860	242
5860	225
5861	261
5861	7
5861	262
5861	242
5862	163
5862	114
5862	276
5862	21
5862	291
5862	32
5863	167
5863	267
5863	190
5863	326
5863	26
5863	106
5863	228
5863	130
5863	230
5863	144
5863	242
5863	225
5864	92
5864	203
5864	114
5864	261
5864	104
5864	242
5864	225
5865	110
5865	203
5865	114
5865	195
5865	198
5866	19
5866	348
5867	132
5867	88
5867	104
5867	230
5867	242
5868	104
5868	195
5868	223
5868	198
5868	10
5868	242
5869	163
5869	203
5869	209
5869	6
5869	291
5869	225
5869	32
5870	121
5870	114
5870	230
5870	337
5870	252
5870	242
5870	225
5871	114
5871	195
5871	198
5871	107
5871	276
5871	142
5871	214
5871	242
5871	225
5872	97
5872	114
5872	104
5872	198
5872	230
5872	242
5872	225
5873	114
5873	198
5873	230
5873	80
5873	150
5873	242
5874	109
5874	178
5874	261
5874	230
5874	242
5875	121
5875	264
5875	198
5875	228
5875	242
5875	317
5876	121
5876	230
5876	226
5876	242
5877	203
5877	198
5877	106
5877	230
5877	22
5877	214
5877	242
5877	225
5878	203
5878	113
5878	112
5878	198
5878	230
5878	22
5878	214
5878	242
5878	225
5879	92
5879	203
5879	261
5879	156
5879	103
5879	242
5880	203
5880	107
5880	144
5880	242
5881	261
5881	308
5881	7
5881	262
5881	150
5881	242
5882	203
5882	81
5882	114
5882	209
5882	242
5882	225
5883	245
5883	253
5883	323
5883	242
5884	326
5884	144
5884	213
5884	242
5884	225
5885	264
5885	157
5885	198
5885	237
5885	230
5885	214
5885	242
5885	225
5886	151
5886	203
5886	106
5886	276
5886	291
5886	242
5887	116
5887	104
5887	316
5887	14
5887	293
5887	242
5888	81
5888	296
5888	288
5888	102
5888	291
5888	242
5889	114
5889	223
5889	224
5889	198
5889	242
5890	203
5890	198
5890	230
5890	142
5890	214
5890	225
5890	171
5891	182
5891	173
5891	104
5891	316
5891	22
5891	242
5892	109
5892	198
5892	230
5892	150
5892	242
5893	267
5893	306
5893	326
5893	331
5893	332
5894	127
5894	104
5894	195
5894	242
5895	104
5895	195
5895	262
5895	242
5896	198
5896	26
5896	230
5896	242
5897	109
5897	114
5897	198
5897	26
5897	230
5897	337
5897	214
5897	242
5897	225
5898	264
5898	232
5898	104
5898	230
5898	242
5899	149
5899	326
5899	104
5899	17
5899	87
5899	323
5899	242
5900	173
5900	88
5900	116
5900	104
5900	230
5900	242
5901	335
5901	203
5901	114
5901	156
5901	198
5901	242
5901	225
5902	203
5902	198
5902	107
5902	209
5902	22
5902	242
5903	114
5903	26
5903	209
5903	22
5903	291
5903	214
5903	225
5904	100
5904	121
5904	326
5904	230
5904	242
5904	225
5905	81
5905	114
5905	115
5905	242
5906	114
5906	296
5906	198
5906	242
5907	163
5907	203
5907	113
5907	198
5907	106
5907	144
5907	242
5908	114
5908	104
5908	198
5908	230
5908	276
5908	22
5908	317
5909	114
5909	198
5909	106
5909	242
5910	190
5910	261
5910	7
5910	195
5910	242
5911	295
5911	145
5911	114
5911	195
5911	198
5911	242
5912	264
5912	178
5912	230
5912	250
5912	242
5913	245
5913	182
5913	92
5913	22
5913	242
5914	267
5914	109
5914	157
5914	230
5914	146
5915	118
5915	163
5915	203
5915	116
5915	198
5915	228
5915	242
5916	203
5916	114
5916	198
5916	230
5916	209
5916	242
5916	225
5917	114
5917	104
5917	230
5917	226
5917	86
5917	242
5918	151
5918	104
5918	319
5918	146
5918	86
5918	242
5919	230
5919	288
5919	209
5919	191
5919	242
5919	225
5920	92
5920	203
5920	114
5920	230
5920	242
5920	225
5921	314
5921	198
5921	26
5921	230
5921	242
5922	203
5922	81
5922	198
5922	106
5922	258
5922	22
5922	242
5922	225
5923	114
5923	198
5923	99
5923	106
5923	230
5923	250
5923	242
5924	149
5924	114
5924	198
5924	230
5924	258
5924	242
5925	81
5925	330
5925	104
5925	103
5925	242
5926	114
5926	327
5926	7
5926	156
5926	250
5926	242
5926	225
5926	317
5927	81
5927	114
5927	198
5927	237
5927	230
5927	22
5927	214
5927	242
5927	225
5928	116
5928	326
5928	104
5928	230
5928	242
5929	149
5929	104
5929	198
5929	146
5929	338
5929	242
5930	109
5930	114
5930	327
5930	195
5930	242
5931	276
5931	291
5931	214
5931	225
5932	267
5932	326
5932	104
5932	136
5932	86
5932	242
5933	81
5933	156
5933	198
5933	106
5933	103
5933	242
5933	225
5934	163
5934	264
5934	195
5934	242
5935	245
5935	267
5935	288
5935	144
5935	242
5936	280
5936	100
5936	88
5936	114
5936	104
5936	242
5937	335
5937	261
5937	7
5937	156
5937	198
5937	258
5937	242
5938	267
5938	178
5938	276
5938	10
5938	291
5938	214
5938	323
5938	242
5938	225
5939	109
5939	114
5939	307
5939	198
5939	150
5939	214
5939	242
5939	225
5940	264
5940	282
5940	198
5940	230
5940	258
5940	22
5940	214
5940	242
5940	225
5941	203
5941	26
5941	22
5941	291
5941	214
5941	225
5942	230
5942	142
5942	12
5942	291
5942	214
5942	225
5943	81
5943	114
5943	198
5943	230
5943	258
5943	317
5944	203
5944	81
5944	114
5944	157
5944	198
5944	230
5944	214
5944	242
5944	225
5945	92
5945	114
5945	99
5945	230
5945	242
5946	108
5946	72
5946	104
5946	198
5946	155
5946	242
5947	267
5947	114
5947	259
5947	142
5947	291
5947	323
5948	4
5948	91
5948	331
5948	144
5948	332
5948	242
5948	225
5949	203
5949	195
5949	198
5949	276
5949	209
5949	103
5949	242
5950	163
5950	203
5950	264
5950	156
5950	291
5950	214
5950	225
5951	114
5951	156
5951	331
5951	185
5951	332
5951	242
5952	88
5952	167
5952	326
5952	230
5952	150
5952	242
5952	225
5953	81
5953	157
5953	230
5953	209
5953	291
5953	225
5954	264
5954	237
5954	230
5954	242
5955	203
5955	209
5955	11
5955	293
5955	25
5956	296
5956	104
5956	198
5956	242
5957	261
5957	7
5957	156
5957	331
5957	332
5957	242
5958	245
5958	114
5958	198
5958	230
5958	144
5958	242
5958	32
5959	203
5959	114
5959	104
5959	198
5959	230
5959	226
5959	242
5960	264
5960	114
5960	326
5960	198
5960	228
5960	230
5960	242
5960	225
5961	151
5961	291
5961	323
5961	225
5962	104
5962	288
5962	102
5962	242
5963	203
5963	114
5963	306
5963	198
5963	107
5963	144
5963	214
5963	242
5963	225
5964	121
5964	114
5964	342
5964	146
5964	317
5965	114
5965	178
5965	319
5965	198
5965	250
5965	242
5966	245
5966	178
5966	198
5966	106
5966	230
5966	242
5966	225
5967	203
5967	198
5967	225
5967	171
5968	88
5968	104
5968	198
5968	242
5969	230
5969	11
5969	142
5969	291
5969	214
5969	225
5970	97
5970	203
5970	326
5970	144
5970	22
5970	242
5971	163
5971	264
5971	282
5971	157
5971	198
5971	242
5971	32
5972	245
5972	203
5972	178
5972	198
5972	230
5972	214
5972	242
5972	225
5973	110
5973	114
5973	330
5973	242
5974	203
5974	81
5974	114
5974	198
5974	225
5974	171
5975	245
5975	104
5975	195
5975	198
5975	242
5976	203
5976	81
5976	198
5976	106
5976	22
5976	6
5976	242
5977	314
5977	178
5977	111
5977	224
5977	198
5977	230
5977	242
5978	203
5978	114
5978	198
5978	242
5979	203
5979	81
5979	22
5979	214
5979	225
5980	245
5980	167
5980	114
5980	326
5980	242
5981	245
5981	203
5981	198
5981	209
5981	103
5981	122
5981	242
5982	245
5982	335
5982	81
5982	198
5982	242
5982	225
5983	109
5983	114
5983	195
5983	230
5983	242
5984	97
5984	203
5984	114
5984	230
5984	22
5984	242
5984	225
5985	203
5985	223
5985	198
5985	230
5985	242
5985	225
5986	127
5986	114
5986	331
5986	147
5986	332
5986	242
5987	198
5987	106
5987	276
5987	209
5987	22
5987	242
5988	203
5988	114
5988	7
5988	198
5988	242
5989	203
5989	114
5989	198
5989	26
5989	209
5989	22
5989	242
5989	225
5990	163
5990	264
5990	282
5990	114
5990	198
5990	237
5990	214
5990	242
5990	225
5991	203
5991	198
5991	136
5991	22
5991	242
5992	245
5992	125
5992	114
5992	198
5992	230
5992	242
5992	225
5993	245
5993	114
5993	136
5993	22
5993	242
5993	225
5994	267
5994	114
5994	198
5994	106
5994	146
5994	10
5994	214
5994	242
5995	264
5995	114
5995	198
5995	237
5995	144
5995	242
5995	225
5996	245
5996	264
5996	195
5996	198
5996	237
5996	242
5997	88
5997	306
5997	156
5997	198
5997	155
5997	228
5997	242
5998	114
5998	266
5998	192
5998	230
5998	242
5999	335
5999	224
5999	198
5999	242
5999	225
6000	163
6000	203
6000	114
6000	156
6000	198
6000	106
6000	214
6000	242
6000	225
6001	296
6001	198
6001	230
6001	209
6001	242
6001	225
6002	203
6002	114
6002	178
6002	198
6002	230
6002	242
6003	203
6003	81
6003	114
6003	198
6003	106
6003	230
6003	242
6003	225
6004	245
6004	88
6004	114
6004	198
6004	150
6004	242
6004	225
6005	114
6005	298
6005	224
6005	198
6005	242
6005	225
6006	81
6006	198
6006	31
6006	214
6006	242
6006	225
6007	198
6007	142
6007	144
6007	102
6007	242
6008	88
6008	114
6008	261
6008	308
6008	198
6008	6
6008	214
6008	242
6008	225
6009	264
6009	114
6009	156
6009	198
6009	230
6009	250
6009	214
6009	242
6009	225
6010	245
6010	88
6010	339
6010	198
6010	242
6010	225
6011	81
6011	106
6011	230
6011	22
6011	291
6011	225
6012	203
6012	192
6012	198
6012	26
6012	230
6012	242
6012	225
6013	203
6013	114
6013	198
6013	22
6013	225
6013	171
6014	203
6014	81
6014	114
6014	198
6014	142
6014	258
6014	214
6014	242
6014	225
6015	164
6015	203
6015	198
6015	214
6015	242
6015	225
6016	109
6016	114
6016	198
6016	136
6016	144
6016	214
6016	242
6016	225
6017	81
6017	114
6017	307
6017	230
6017	291
6017	225
6018	114
6018	326
6018	319
6018	242
6018	225
6018	37
6019	339
6019	81
6019	114
6019	198
6019	230
6019	150
6019	242
6019	225
6020	203
6020	198
6020	323
6020	225
6020	171
6021	203
6021	81
6021	198
6021	230
6021	258
6021	242
6021	225
6022	245
6022	114
6022	91
6022	198
6022	230
6022	242
6022	225
6023	195
6023	323
6023	291
6024	203
6024	114
6024	223
6024	157
6024	198
6024	22
6024	242
6024	225
6025	270
6025	114
6025	115
6025	323
6026	134
6026	203
6026	114
6026	198
6026	22
6026	242
6026	225
6027	203
6027	121
6027	319
6027	198
6027	230
6027	242
6027	225
6028	88
6028	203
6028	198
6028	142
6028	144
6028	22
6028	242
6028	225
6029	81
6029	106
6029	323
6030	97
6030	203
6030	198
6030	26
6030	144
6030	22
6030	242
6030	225
6031	203
6031	114
6031	319
6031	198
6031	242
6031	225
6032	203
6032	114
6032	198
6032	150
6032	250
6032	242
6032	225
6033	203
6033	291
6033	225
6034	203
6034	114
6034	198
6034	136
6034	22
6034	242
6034	225
6035	151
6035	203
6035	198
6035	106
6035	242
6035	225
6036	203
6036	114
6036	319
6036	198
6036	242
6036	225
6037	203
6037	291
6037	225
6038	339
6038	203
6038	114
6038	178
6038	319
6038	198
6038	242
6038	225
6039	270
6039	203
6039	81
6039	178
6039	198
6039	242
6039	225
6040	270
6040	203
6040	109
6040	178
6040	198
6040	242
6040	225
6041	203
6041	81
6041	114
6041	178
6041	319
6041	198
6041	242
6041	225
6042	88
6042	203
6042	114
6042	198
6042	26
6042	242
6042	225
6043	203
6043	114
6043	198
6043	107
6043	22
6043	242
6043	225
6044	203
6044	114
6044	178
6044	198
6044	215
6044	242
6044	225
6045	203
6045	276
6046	163
6046	114
6046	178
6046	198
6046	230
6046	80
6046	242
6046	324
6047	163
6047	203
6047	264
6047	230
6047	144
6047	242
6047	225
6048	27
6048	308
6048	7
6048	195
6048	33
6048	225
6048	283
6048	241
6049	264
6049	114
6049	198
6049	237
6049	228
6049	230
6049	258
6049	242
6049	324
6050	90
6051	203
6051	198
6051	87
6051	230
6051	323
6051	242
6051	171
6052	149
6052	330
6052	104
6052	195
6052	331
6052	220
6052	242
6052	324
6053	163
6053	203
6053	144
6053	225
6053	89
6053	238
6054	264
6054	114
6054	237
6054	228
6054	213
6054	242
6055	163
6055	264
6055	114
6055	80
6055	242
6055	211
6056	163
6056	264
6056	230
6056	291
6056	323
6056	242
6057	149
6057	163
6057	264
6057	219
6057	198
6057	230
6057	242
6057	225
6058	114
6058	206
6058	198
6058	185
6058	19
6058	242
6059	163
6059	264
6059	114
6059	237
6059	228
6059	213
6059	242
6060	114
6060	276
6060	209
6060	102
6060	291
6060	242
6060	225
6061	163
6061	264
6061	114
6061	291
6061	323
6061	242
6062	163
6062	109
6062	114
6062	342
6062	258
6062	291
6062	323
6062	242
6062	289
6063	163
6063	323
6063	242
6064	163
6064	72
6064	264
6064	282
6064	116
6064	230
6064	291
6064	323
6064	242
6065	90
6065	198
6066	245
6066	163
6066	310
6066	148
6066	291
6066	225
6066	32
6067	163
6067	264
6067	148
6067	291
6067	225
6068	264
6068	300
6068	113
6068	291
6068	323
6068	242
6069	163
6069	264
6069	146
6069	291
6069	225
6070	195
6070	112
6070	80
6070	22
6070	291
6070	323
6070	242
6070	225
6070	317
6070	324
6071	270
6071	163
6071	310
6071	264
6071	198
6071	228
6071	242
6072	163
6072	88
6072	282
6072	114
6072	198
6072	230
6072	242
6072	225
6073	270
6073	163
6073	80
6073	291
6073	323
6073	242
6073	225
6073	32
6074	163
6074	114
6074	224
6074	198
6074	26
6074	230
6074	242
6074	225
6075	163
6075	125
6075	228
6075	291
6075	225
6076	264
6076	114
6076	224
6076	198
6076	26
6076	230
6076	242
6076	225
6077	121
6077	107
6077	230
6077	291
6077	269
6077	242
6077	225
6078	331
6078	237
6078	332
6078	291
6078	242
6078	225
6078	5
6079	203
6079	198
6079	276
6079	209
6079	242
6079	171
6079	78
6080	264
6080	114
6080	237
6080	228
6080	213
6080	242
6081	163
6081	72
6081	116
6081	198
6081	237
6081	225
6082	109
6082	114
6082	178
6082	198
6082	230
6082	337
6082	225
6082	32
6083	163
6083	264
6083	276
6083	291
6083	225
6084	163
6084	203
6084	114
6084	178
6084	198
6084	230
6084	242
6084	324
6085	163
6085	264
6085	230
6085	144
6085	242
6085	324
6086	163
6086	264
6086	114
6086	198
6086	230
6086	225
6087	245
6087	163
6087	264
6087	30
6087	148
6087	225
6088	264
6088	282
6088	198
6088	237
6088	230
6088	242
6088	171
6089	92
6089	163
6089	264
6089	282
6089	198
6089	237
6089	242
6089	225
6090	114
6090	192
6090	156
6090	198
6090	230
6090	225
6091	163
6091	203
6091	114
6091	198
6091	106
6091	230
6091	146
6091	22
6091	150
6091	33
6091	242
6091	78
6092	245
6092	163
6092	264
6092	291
6092	323
6092	242
6092	225
6093	163
6093	203
6093	264
6093	198
6093	230
6093	276
6093	225
6094	203
6094	264
6094	198
6094	230
6094	33
6094	225
6095	163
6095	228
6095	291
6095	323
6095	242
6095	225
6096	245
6096	108
6096	163
6096	230
6096	146
6096	144
6096	291
6096	323
6096	242
6097	163
6097	264
6097	114
6097	116
6097	198
6097	230
6097	225
6098	163
6098	264
6098	331
6098	228
6098	332
6098	242
6098	225
6099	132
6099	245
6099	114
6099	178
6099	30
6099	230
6099	96
6099	148
6099	291
6099	323
6099	242
6100	270
6100	163
6100	114
6100	291
6100	323
6100	242
6100	225
6100	32
6101	182
6101	114
6101	136
6101	230
6101	291
6101	242
6101	225
6102	163
6102	114
6102	178
6102	198
6102	230
6102	242
6102	225
6102	34
6102	32
6103	163
6103	203
6103	264
6103	198
6103	230
6103	276
6103	225
6104	163
6104	134
6104	291
6104	323
6104	242
6104	225
6105	264
6105	178
6105	115
6105	291
6105	323
6105	242
6105	225
6106	92
6106	203
6106	114
6106	156
6106	291
6106	323
6106	242
6106	225
6107	114
6107	113
6107	106
6107	230
6107	291
6107	269
6107	242
6107	225
6108	163
6108	264
6108	114
6108	198
6108	230
6108	242
6108	225
6108	324
6109	114
6109	331
6109	332
6109	291
6109	242
6109	211
6110	245
6110	98
6110	291
6110	242
6110	225
6111	203
6111	81
6111	114
6111	198
6111	230
6111	209
6111	258
6111	150
6111	242
6111	324
6112	277
6112	264
6112	228
6112	291
6112	323
6112	242
6112	225
6113	163
6113	109
6113	114
6113	197
6113	111
6113	198
6113	136
6113	276
6113	242
6114	145
6114	245
6114	108
6114	140
6114	225
6114	5
6115	163
6115	26
6115	230
6115	144
6115	323
6115	354
6115	345
6116	163
6116	264
6116	114
6116	156
6116	198
6116	230
6116	242
6116	225
6116	324
6117	245
6117	163
6117	134
6117	291
6117	225
6118	203
6118	121
6118	224
6118	198
6118	26
6118	230
6118	242
6118	225
6118	317
6119	30
6119	11
6119	291
6119	323
6119	225
6119	165
6120	118
6120	163
6120	72
6120	291
6120	225
6121	163
6121	264
6121	114
6121	30
6121	291
6121	225
6122	264
6122	116
6122	291
6122	242
6122	225
6122	75
6123	163
6123	203
6123	264
6123	198
6123	237
6123	230
6123	225
6124	203
6124	109
6124	26
6124	230
6124	276
6124	242
6124	225
6125	203
6125	276
6125	209
6125	144
6125	33
6125	323
6125	242
6125	225
6126	277
6126	163
6126	264
6126	291
6126	225
6127	264
6127	114
6127	291
6127	323
6127	242
6127	225
6127	322
6128	163
6128	264
6128	114
6128	116
6128	198
6128	230
6128	225
6129	163
6129	264
6129	114
6129	116
6129	198
6129	230
6129	225
6130	163
6130	203
6130	198
6130	22
6130	291
6131	163
6131	114
6131	276
6131	258
6131	323
6131	242
6131	85
6132	163
6132	319
6132	87
6132	230
6132	323
6133	245
6133	163
6133	264
6133	144
6133	291
6133	225
6133	32
6134	264
6134	282
6134	198
6134	237
6134	230
6134	291
6134	242
6135	163
6135	264
6135	114
6135	80
6135	242
6135	211
6136	264
6136	319
6136	291
6136	225
6137	245
6137	163
6137	30
6137	198
6137	148
6137	225
6138	163
6138	109
6138	264
6138	116
6138	198
6138	230
6138	242
6138	225
6138	324
6139	203
6139	107
6139	276
6139	242
6139	89
6140	245
6140	163
6140	264
6140	291
6140	323
6140	242
6140	225
6141	163
6141	114
6141	198
6141	225
6141	171
6142	88
6142	198
6142	98
6142	12
6142	242
6142	225
6143	163
6143	264
6143	114
6143	116
6143	198
6143	228
6143	242
6144	145
6144	132
6144	108
6144	140
6144	225
6144	5
6145	81
6145	195
6145	107
6145	276
6145	209
6145	225
6145	317
6146	245
6146	149
6146	163
6146	264
6146	114
6146	198
6146	237
6146	230
6146	242
6147	163
6147	264
6147	116
6147	198
6147	230
6147	242
6147	324
6148	203
6148	264
6148	114
6148	291
6148	323
6148	242
6148	225
6148	32
6149	163
6149	114
6149	327
6149	198
6149	230
6149	86
6149	242
6150	114
6150	107
6150	209
6150	80
6150	320
6150	242
6150	225
6150	317
6150	324
6151	163
6151	264
6151	114
6151	198
6151	228
6151	230
6151	214
6151	242
6151	225
6151	324
6152	163
6152	109
6152	114
6152	113
6152	198
6152	150
6152	225
6152	283
6152	241
6153	163
6153	203
6153	198
6153	209
6153	22
6153	33
6153	225
6154	109
6154	114
6154	331
6154	337
6154	242
6154	225
6154	289
6155	203
6155	264
6155	114
6155	198
6155	31
6155	230
6155	214
6155	242
6155	225
6156	163
6156	203
6156	264
6156	198
6156	136
6156	242
6156	324
6157	163
6157	113
6157	156
6157	112
6157	198
6157	11
6157	242
6157	225
6157	324
6158	114
6158	230
6158	291
6158	323
6158	354
6158	237
6158	242
6159	203
6159	114
6159	113
6159	26
6159	293
6159	25
6159	144
6159	103
6159	33
6159	242
6159	324
6160	112
6160	80
6160	22
6160	242
6160	225
6160	317
6160	324
6161	163
6161	264
6161	114
6161	198
6161	237
6161	230
6161	242
6161	225
6161	324
6162	163
6162	264
6162	114
6162	198
6162	237
6162	242
6162	225
6163	203
6163	195
6163	31
6163	302
6163	33
6163	242
6164	163
6164	264
6164	198
6164	228
6164	230
6164	214
6164	242
6164	225
6164	324
6165	163
6165	114
6165	80
6165	291
6165	323
6165	242
6165	225
6166	145
6166	245
6166	108
6166	140
6166	323
6166	242
6166	225
6166	5
6167	163
6167	264
6167	114
6167	116
6167	230
6167	323
6167	242
6168	203
6168	276
6168	144
6168	33
6168	242
6169	264
6169	114
6169	198
6169	230
6169	150
6169	283
6169	241
6170	163
6170	203
6170	264
6170	114
6170	198
6170	230
6170	242
6171	113
6171	156
6171	112
6171	198
6171	242
6171	225
6171	324
6172	163
6172	203
6172	195
6172	185
6172	242
6173	163
6173	203
6173	156
6173	262
6173	112
6173	242
6174	245
6174	149
6174	108
6174	140
6174	323
6174	242
6174	225
6174	5
6175	30
6175	331
6175	332
6175	291
6175	242
6175	225
6176	264
6176	114
6176	157
6176	276
6176	258
6176	323
6176	242
6177	163
6177	203
6177	81
6177	291
6177	323
6177	225
6178	163
6178	264
6178	282
6178	114
6178	198
6178	237
6178	214
6178	242
6178	225
6179	163
6179	264
6179	282
6179	198
6179	237
6179	228
6179	242
6180	163
6180	264
6180	114
6180	113
6180	198
6180	237
6180	242
6180	225
6181	118
6181	163
6181	72
6181	198
6181	237
6181	228
6181	242
6181	225
6182	163
6182	203
6182	264
6182	114
6182	198
6182	213
6182	214
6182	242
6182	225
6183	270
6183	114
6183	115
6183	323
6183	242
6183	225
6183	85
6184	264
6184	282
6184	237
6184	228
6184	291
6184	242
6185	134
6185	264
6185	198
6185	213
6185	12
6185	242
6185	225
6186	118
6186	264
6186	114
6186	116
6186	230
6186	323
6186	242
6187	145
6187	108
6187	140
6187	242
6187	225
6187	292
6187	5
6188	163
6188	264
6188	116
6188	198
6188	230
6188	242
6188	324
6189	203
6189	81
6189	33
6189	291
6189	323
6189	225
6190	163
6190	198
6190	228
6190	87
6190	230
6190	214
6190	242
6190	225
6190	89
6190	324
6191	163
6191	203
6191	264
6191	114
6191	198
6191	230
6191	242
6191	225
6191	324
6192	163
6192	109
6192	114
6192	113
6192	198
6192	150
6192	225
6192	283
6192	241
6193	114
6193	265
6193	230
6193	291
6193	323
6193	242
6194	163
6194	109
6194	291
6194	323
6194	242
6194	225
6194	289
6195	298
6195	30
6195	198
6195	11
6195	144
6195	242
6195	225
6195	165
6196	277
6196	109
6196	178
6196	331
6196	136
6196	242
6196	225
6197	203
6197	7
6197	156
6197	291
6197	323
6197	225
6198	163
6198	228
6198	291
6198	323
6198	242
6198	225
6199	245
6199	277
6199	163
6199	319
6199	242
6199	225
6200	163
6200	264
6200	114
6200	198
6200	237
6200	230
6200	214
6200	242
6200	225
6201	264
6201	198
6201	237
6201	144
6201	213
6201	207
6201	242
6201	225
6202	132
6202	264
6202	113
6202	198
6202	148
6202	242
6202	225
6202	324
6203	245
6203	198
6203	140
6203	242
6203	225
6203	165
6203	5
6204	114
6204	178
6204	198
6204	230
6204	323
6204	242
6204	225
6204	171
6205	264
6205	114
6205	178
6205	291
6205	323
6205	242
6205	225
6206	127
6206	163
6206	264
6206	282
6206	114
6206	198
6206	214
6206	242
6206	225
6207	163
6207	264
6207	114
6207	198
6207	230
6207	276
6207	242
6208	163
6208	114
6208	206
6208	326
6208	224
6208	198
6208	242
6208	225
6208	32
6208	324
6209	167
6209	264
6209	331
6209	226
6209	332
6209	225
6210	270
6210	115
6210	331
6210	332
6210	225
6210	5
6211	163
6211	116
6211	198
6211	228
6211	230
6211	214
6211	242
6211	225
6211	311
6211	324
6212	163
6212	264
6212	114
6212	157
6212	250
6212	323
6212	242
6213	163
6213	310
6213	291
6213	323
6213	242
6213	225
6214	163
6214	342
6214	337
6214	291
6214	323
6214	242
6214	225
6214	289
6215	163
6215	72
6215	264
6215	114
6215	198
6215	237
6215	214
6215	242
6215	225
6216	145
6216	108
6216	267
6216	266
6216	326
6216	242
6216	225
6217	163
6217	264
6217	114
6217	198
6217	258
6218	163
6218	198
6218	230
6218	242
6218	268
6218	89
6218	324
6219	163
6219	203
6219	264
6219	114
6219	198
6219	213
6219	214
6219	242
6219	225
6220	203
6220	107
6220	276
6220	252
6220	242
6221	163
6221	264
6221	114
6221	198
6221	276
6221	144
6221	242
6222	245
6222	264
6222	30
6222	331
6222	242
6222	225
6223	163
6223	195
6223	276
6223	291
6223	323
6223	242
6223	225
6224	245
6224	134
6224	264
6224	198
6224	228
6224	242
6224	225
6225	264
6225	113
6225	237
6225	230
6225	291
6225	242
6225	225
6226	163
6226	166
6226	114
6226	198
6226	22
6226	242
6227	163
6227	133
6227	331
6227	259
6227	228
6227	242
6227	225
6228	163
6228	264
6228	116
6228	198
6228	230
6228	242
6228	324
6229	264
6229	114
6229	230
6229	323
6229	242
6230	163
6230	125
6230	291
6230	323
6230	242
6230	225
6231	163
6231	114
6231	80
6231	291
6231	323
6231	242
6231	225
6232	163
6232	264
6232	114
6232	198
6232	237
6232	253
6232	214
6232	242
6232	225
6233	264
6233	114
6233	237
6233	230
6233	323
6233	242
6234	163
6234	323
6235	203
6235	264
6235	114
6235	198
6235	230
6235	146
6235	242
6235	225
6236	163
6236	319
6236	291
6236	323
6236	242
6236	225
6237	203
6237	156
6237	112
6237	11
6237	323
6237	225
6238	163
6238	114
6238	331
6238	26
6238	107
6238	242
6238	225
6239	81
6239	7
6239	205
6239	276
6239	209
6239	242
6240	245
6240	92
6240	163
6240	198
6240	228
6240	21
6240	242
6240	89
6241	163
6241	264
6241	198
6241	26
6241	237
6241	213
6241	242
6241	225
6242	72
6242	114
6242	198
6242	155
6242	237
6242	228
6242	242
6242	225
6243	163
6243	7
6243	195
6243	156
6243	31
6243	242
6244	163
6244	264
6244	114
6244	198
6244	237
6244	230
6244	214
6244	242
6244	225
6245	264
6245	114
6245	242
6246	264
6246	114
6246	261
6246	291
6246	323
6246	242
6246	225
6247	245
6247	163
6247	264
6247	148
6247	291
6247	323
6247	242
6247	225
6248	251
6248	163
6248	264
6248	116
6248	198
6248	242
6249	163
6249	88
6249	264
6249	198
6249	230
6249	242
6249	324
6250	163
6250	264
6250	114
6250	237
6250	230
6250	214
6250	242
6250	225
6251	198
6251	288
6251	354
6251	237
6251	360
6251	242
6252	163
6252	264
6252	326
6252	11
6252	150
6252	242
6253	163
6253	88
6253	114
6253	300
6253	113
6253	198
6253	242
6253	225
6253	324
6254	163
6254	264
6254	114
6254	116
6254	198
6254	230
6254	242
6254	225
6254	324
6255	245
6255	163
6255	114
6255	198
6255	228
6255	225
6256	91
6256	331
6256	228
6256	226
6256	332
6256	242
6256	225
6257	163
6257	264
6257	198
6257	230
6257	242
6257	324
6258	163
6258	265
6258	198
6258	230
6258	242
6258	373
6259	264
6259	282
6259	114
6259	224
6259	228
6259	323
6259	242
6260	114
6260	276
6260	150
6260	291
6260	323
6260	225
6261	163
6261	264
6261	114
6261	198
6261	237
6261	242
6261	225
6262	264
6262	228
6262	230
6262	242
6263	116
6263	195
6263	198
6263	228
6263	230
6263	242
6263	75
6264	163
6264	264
6264	114
6264	116
6264	198
6264	230
6264	242
6264	225
6265	163
6265	264
6265	230
6265	291
6265	323
6265	242
6265	225
6265	32
6266	163
6266	264
6266	282
6266	198
6266	228
6266	323
6266	225
6266	171
6267	163
6267	264
6267	114
6267	198
6267	237
6267	230
6267	214
6267	242
6267	225
6268	163
6268	114
6268	198
6268	26
6268	237
6268	230
6268	242
6268	225
6269	163
6269	114
6269	178
6269	198
6269	323
6269	242
6269	171
6270	163
6270	114
6270	80
6270	291
6270	323
6270	242
6271	203
6271	107
6271	209
6271	242
6272	132
6272	216
6272	291
6272	323
6272	242
6272	225
6272	211
6273	163
6273	264
6273	114
6273	198
6273	26
6273	237
6273	242
6273	225
6274	264
6274	198
6274	237
6274	228
6274	242
6274	225
6275	264
6275	116
6275	291
6275	323
6275	242
6275	75
6276	203
6276	228
6276	230
6276	144
6276	242
6276	225
6276	89
6277	163
6277	178
6277	198
6277	228
6277	146
6277	225
6278	270
6278	163
6278	114
6278	323
6278	225
6278	171
6279	314
6279	155
6279	144
6279	291
6279	323
6279	242
6280	163
6280	113
6280	198
6280	237
6280	207
6280	242
6280	225
6281	245
6281	264
6281	198
6281	237
6281	228
6281	242
6281	225
6282	118
6282	163
6282	264
6282	116
6282	198
6282	242
6283	163
6283	264
6283	114
6283	198
6283	237
6283	80
6283	225
6284	264
6284	198
6284	237
6284	12
6284	242
6284	225
6285	72
6285	116
6285	223
6285	198
6285	228
6285	230
6285	242
6286	163
6286	264
6286	116
6286	198
6286	230
6286	242
6287	203
6287	113
6287	156
6287	198
6287	106
6287	103
6287	33
6287	242
6288	245
6288	73
6288	198
6288	11
6288	98
6288	242
6288	225
6289	198
6289	185
6289	19
6289	242
6290	163
6290	264
6290	114
6290	178
6290	198
6290	230
6290	242
6291	163
6291	114
6291	230
6291	291
6291	323
6291	242
6292	264
6292	114
6292	237
6292	302
6292	87
6292	242
6293	163
6293	203
6293	264
6293	282
6293	114
6293	198
6293	230
6293	242
6294	163
6294	264
6294	198
6294	230
6294	242
6295	163
6295	264
6295	282
6295	114
6295	198
6295	10
6295	214
6295	242
6295	225
6296	149
6296	203
6296	264
6296	198
6296	237
6296	144
6296	225
6297	203
6297	264
6297	291
6297	323
6297	242
6297	239
6298	163
6298	203
6298	264
6298	198
6298	106
6298	209
6298	242
6298	225
6298	324
6299	163
6299	264
6299	282
6299	198
6299	242
6300	163
6300	114
6300	198
6300	136
6300	225
6301	203
6301	114
6301	106
6301	31
6301	302
6301	214
6301	242
6301	225
6302	163
6302	203
6302	264
6302	114
6302	198
6302	237
6302	242
6302	225
6303	92
6303	163
6303	203
6303	114
6303	198
6303	237
6303	225
6304	149
6304	163
6304	264
6304	198
6304	237
6304	230
6304	225
6305	163
6305	264
6305	91
6305	198
6305	237
6305	230
6305	214
6305	242
6305	225
6306	118
6306	114
6306	116
6306	198
6306	228
6306	230
6306	242
6307	163
6307	223
6307	224
6307	291
6307	323
6307	242
6308	92
6308	163
6308	203
6308	206
6308	198
6308	237
6308	242
6308	225
6309	163
6309	203
6309	114
6309	198
6309	26
6309	22
6309	242
6310	163
6310	109
6310	114
6310	342
6310	198
6310	258
6310	214
6310	242
6311	163
6311	30
6311	148
6311	291
6311	214
6311	242
6312	163
6312	264
6312	282
6312	223
6312	228
6312	323
6312	242
6312	225
6313	163
6313	116
6313	198
6313	87
6313	242
6313	225
6313	324
6314	163
6314	203
6314	264
6314	114
6314	198
6314	106
6314	214
6314	242
6314	225
6315	163
6315	114
6315	206
6315	113
6315	198
6315	237
6315	242
6315	225
6316	245
6316	163
6316	134
6316	264
6316	114
6316	178
6316	237
6316	228
6316	230
6316	323
6316	242
6317	203
6317	80
6317	86
6317	323
6317	242
6317	5
6318	267
6318	114
6318	7
6318	195
6318	156
6318	80
6318	86
6318	291
6318	323
6318	242
6318	211
6319	163
6319	264
6319	282
6319	114
6319	198
6319	10
6319	214
6319	242
6319	225
6320	203
6320	114
6320	198
6320	276
6320	80
6320	86
6320	242
6321	151
6321	114
6321	198
6321	106
6321	31
6321	242
6322	163
6322	203
6322	114
6322	156
6322	198
6322	242
6322	225
6322	171
6323	163
6323	114
6323	113
6323	198
6323	237
6323	242
6323	225
6324	163
6324	203
6324	114
6324	198
6324	242
6324	171
6325	264
6325	282
6325	114
6325	224
6325	198
6325	230
6325	242
6326	163
6326	264
6326	230
6326	291
6326	323
6326	242
6327	163
6327	151
6327	203
6327	264
6327	114
6327	198
6327	242
6327	225
6327	89
6328	264
6328	114
6328	14
6328	237
6328	228
6328	242
6329	245
6329	163
6329	30
6329	198
6329	148
6329	242
6329	225
6330	264
6330	114
6330	106
6330	230
6330	242
6331	163
6331	203
6331	264
6331	114
6331	198
6331	209
6331	242
6331	225
6332	163
6332	114
6332	198
6332	237
6332	230
6332	242
6332	225
6333	163
6333	264
6333	113
6333	276
6333	209
6333	242
6334	104
6334	228
6334	242
6335	7
6335	156
6335	106
6335	205
6335	276
6335	242
6336	163
6336	264
6336	198
6336	316
6336	302
6336	242
6337	163
6337	203
6337	308
6337	7
6337	198
6337	242
6338	264
6338	114
6338	116
6338	230
6338	242
6339	104
6339	185
6339	252
6339	242
6340	163
6340	264
6340	114
6340	113
6340	198
6340	230
6340	214
6340	242
6340	225
6341	72
6341	116
6341	230
6341	291
6341	323
6341	242
6341	225
6342	163
6342	264
6342	331
6342	332
6342	225
6344	163
6344	198
6344	242
6345	163
6345	267
6345	323
6345	242
6346	245
6346	163
6346	228
6346	31
6346	148
6346	242
6346	32
6347	88
6347	314
6347	326
6347	155
6347	228
6347	242
6348	203
6348	114
6348	195
6348	276
6348	323
6348	242
6349	163
6349	114
6349	113
6349	198
6349	237
6349	242
6349	225
6350	163
6350	113
6350	156
6350	198
6350	242
6351	163
6351	264
6351	116
6351	198
6351	230
6351	242
6352	264
6352	114
6352	198
6352	276
6352	242
6352	34
6353	245
6353	163
6353	264
6353	130
6353	214
6353	242
6353	225
6354	270
6354	163
6354	264
6354	237
6354	228
6354	230
6354	323
6354	242
6355	151
6355	203
6355	206
6355	7
6355	156
6355	242
6356	149
6356	163
6356	264
6356	114
6356	198
6356	17
6356	242
6357	145
6357	132
6357	134
6357	148
6357	323
6357	242
6358	203
6358	195
6358	22
6358	150
6358	33
6358	242
6359	107
6359	276
6359	144
6359	33
6359	242
6360	163
6360	125
6360	114
6360	228
6360	230
6360	323
6360	242
6361	264
6361	282
6361	237
6361	228
6361	230
6361	323
6361	242
6362	73
6362	163
6362	342
6362	230
6362	323
6362	242
6363	163
6363	264
6363	282
6363	223
6363	198
6363	228
6363	242
6364	245
6364	76
6364	331
6364	242
6364	225
6365	118
6365	264
6365	116
6365	237
6365	230
6365	323
6365	242
6366	163
6366	203
6366	114
6366	198
6366	22
6366	242
6367	109
6367	114
6367	104
6367	195
6367	198
6367	230
6367	242
6367	255
6368	163
6368	151
6368	203
6368	206
6368	198
6368	242
6369	198
6369	2
6369	19
6369	242
6370	2
6371	245
6371	264
6371	198
6371	242
6371	225
6372	163
6372	310
6372	30
6372	116
6372	237
6372	148
6372	323
6372	242
6373	198
6373	106
6373	302
6373	230
6373	242
6374	114
6374	198
6374	230
6374	293
6374	146
6374	242
6374	225
6375	81
6375	114
6375	330
6375	156
6375	198
6375	288
6375	242
6376	163
6376	264
6376	114
6376	198
6376	237
6376	228
6376	214
6376	242
6376	225
6377	267
6377	203
6377	136
6377	291
6377	323
6377	242
6378	163
6378	264
6378	230
6378	323
6378	242
6378	304
6379	92
6379	203
6379	114
6379	206
6379	198
6379	288
6379	242
6379	317
6380	163
6380	134
6380	264
6380	230
6380	323
6380	242
6381	163
6381	72
6381	342
6381	116
6381	228
6381	230
6381	242
6381	85
6382	163
6382	264
6382	198
6382	242
6382	32
6383	331
6383	107
6383	228
6383	332
6383	10
6383	242
6383	225
6384	326
6384	198
6384	237
6384	87
6384	230
6384	226
6384	242
6384	225
6385	163
6385	264
6385	282
6385	114
6385	198
6385	228
6385	214
6385	242
6385	225
6386	113
6386	156
6386	26
6386	291
6386	323
6386	242
6387	163
6387	264
6387	282
6387	198
6387	237
6387	228
6387	230
6387	102
6387	242
6388	277
6388	118
6388	163
6388	116
6388	323
6388	242
6389	163
6389	264
6389	114
6389	198
6389	230
6389	80
6389	242
6390	163
6390	72
6390	264
6390	116
6390	198
6390	242
6391	127
6391	270
6391	163
6391	264
6391	114
6391	228
6391	242
6392	245
6392	149
6392	319
6392	291
6392	323
6392	242
6393	114
6393	116
6393	195
6393	228
6393	144
6393	242
6394	163
6394	203
6394	264
6394	114
6394	22
6394	214
6394	242
6394	225
6395	163
6395	264
6395	114
6395	195
6395	198
6395	230
6395	242
6396	92
6396	203
6396	114
6396	198
6396	242
6397	149
6397	182
6397	163
6397	114
6397	91
6397	198
6397	242
6398	203
6398	264
6398	116
6398	230
6398	323
6398	242
6399	277
6399	163
6399	104
6399	223
6399	157
6399	276
6399	323
6399	242
6400	203
6400	264
6400	114
6400	331
6400	228
6400	242
6401	127
6401	163
6401	109
6401	114
6401	331
6401	242
6402	163
6402	88
6402	264
6402	230
6402	11
6402	214
6402	242
6402	225
6403	314
6403	155
6403	291
6403	323
6403	242
6404	203
6404	264
6404	114
6404	198
6404	22
6404	150
6404	242
6404	225
6405	118
6405	72
6405	264
6405	114
6405	116
6405	230
6405	323
6405	242
6406	277
6406	72
6406	114
6406	116
6406	104
6406	115
6406	223
6406	26
6406	230
6406	258
6406	242
6407	203
6407	264
6407	114
6407	198
6407	228
6407	242
6408	132
6408	203
6408	114
6408	198
6408	230
6408	22
6408	242
6408	225
6409	88
6409	144
6409	291
6409	323
6409	242
6410	163
6410	264
6410	130
6410	230
6410	214
6410	242
6410	225
6411	277
6411	270
6411	114
6411	113
6411	197
6411	104
6411	258
6411	242
6412	245
6412	163
6412	198
6412	228
6412	31
6412	148
6412	32
6413	97
6413	114
6413	258
6413	22
6413	6
6413	242
6413	225
6414	114
6414	198
6414	276
6414	288
6414	86
6414	258
6414	242
6415	118
6415	116
6415	331
6415	144
6415	332
6415	242
6416	163
6416	264
6416	230
6416	291
6416	323
6416	242
6417	72
6417	116
6417	198
6417	228
6417	230
6417	242
6418	163
6418	264
6418	219
6418	198
6418	237
6418	242
6419	264
6419	114
6419	113
6419	237
6419	230
6419	242
6420	22
6420	103
6420	242
6421	114
6421	30
6421	291
6421	242
6422	270
6422	163
6422	267
6422	81
6422	114
6422	113
6422	195
6422	112
6422	80
6422	22
6422	242
6423	4
6423	90
6423	220
6423	106
6424	97
6424	209
6424	22
6424	150
6424	291
6424	242
6425	203
6425	33
6425	242
6426	163
6426	114
6426	115
6426	106
6426	291
6426	323
6426	242
6427	163
6427	114
6427	116
6427	198
6427	242
6428	163
6428	342
6428	136
6428	230
6428	242
6429	163
6429	310
6429	342
6429	198
6429	228
6429	230
6429	242
6430	163
6430	134
6430	213
6430	242
6431	163
6431	203
6431	104
6431	230
6431	80
6431	242
6432	73
6432	163
6432	282
6432	342
6432	228
6432	230
6432	242
6433	163
6433	104
6433	331
6433	220
6433	228
6433	242
6434	92
6434	104
6434	346
6434	228
6434	230
6434	355
6435	114
6435	178
6435	113
6435	156
6435	291
6435	225
6436	92
6436	163
6436	203
6436	264
6436	282
6436	114
6436	237
6436	228
6436	230
6436	242
6437	163
6437	106
6437	10
6437	291
6437	214
6437	242
6438	163
6438	264
6438	282
6438	114
6438	228
6438	31
6438	302
6438	216
6438	242
6439	114
6439	178
6439	115
6439	250
6439	291
6439	323
6439	242
6440	97
6440	264
6440	114
6440	198
6440	228
6440	230
6440	242
6441	277
6441	264
6441	114
6441	113
6441	111
6441	192
6441	104
6441	242
6442	163
6442	203
6442	331
6442	26
6442	291
6442	242
6443	114
6443	314
6443	198
6443	155
6443	228
6443	242
6444	163
6444	203
6444	113
6444	156
6444	242
6444	62
6445	163
6445	264
6445	114
6445	198
6445	230
6445	10
6445	242
6446	203
6446	195
6446	22
6446	242
6446	225
6446	317
6447	163
6447	114
6447	296
6447	115
6447	156
6447	230
6447	258
6447	22
6447	242
6448	163
6448	203
6448	282
6448	104
6448	106
6448	276
6448	242
6449	163
6449	264
6449	114
6449	198
6449	230
6449	242
6449	171
6450	203
6450	195
6450	198
6450	242
6450	317
6451	81
6451	224
6451	198
6451	230
6451	242
6451	32
6452	145
6452	114
6452	30
6452	148
6452	291
6453	163
6453	30
6453	148
6453	291
6454	267
6454	331
6454	230
6454	144
6454	291
6454	323
6454	242
6455	264
6455	230
6455	213
6455	291
6455	323
6455	242
6456	163
6456	114
6456	198
6456	10
6456	214
6456	171
6457	163
6457	113
6457	198
6457	22
6457	242
6458	267
6458	178
6458	10
6458	291
6458	214
6458	242
6459	203
6459	113
6459	298
6459	103
6459	33
6460	173
6460	163
6460	264
6460	198
6460	230
6460	144
6460	242
6461	163
6461	264
6461	198
6461	228
6461	230
6461	242
6462	163
6462	203
6462	104
6462	331
6462	146
6462	242
6463	114
6463	26
6463	230
6463	10
6463	291
6463	242
6463	317
6464	163
6464	264
6464	114
6464	326
6464	214
6465	113
6465	261
6465	327
6465	330
6465	7
6465	156
6465	198
6465	106
6465	80
6465	323
6465	242
6466	149
6466	264
6466	282
6466	114
6466	342
6466	87
6466	230
6466	276
6466	349
6466	344
6467	163
6467	114
6467	116
6467	230
6467	291
6467	323
6467	242
6468	163
6468	264
6468	114
6468	157
6468	209
6468	242
6469	163
6469	151
6469	114
6469	195
6469	80
6469	323
6469	291
6470	163
6470	203
6470	114
6470	198
6470	354
6471	163
6471	114
6471	104
6471	26
6471	80
6471	22
6471	242
6472	114
6472	230
6472	276
6472	291
6472	323
6472	242
6473	118
6473	97
6473	164
6473	104
6473	331
6473	228
6473	230
6473	242
6474	81
6474	261
6474	7
6474	195
6474	6
6475	163
6475	203
6475	264
6475	87
6475	349
6476	163
6476	264
6476	282
6476	237
6476	148
6476	291
6476	214
6476	323
6476	242
6477	127
6477	163
6477	264
6477	116
6477	331
6477	332
6478	163
6478	264
6478	326
6478	331
6478	224
6478	214
6479	163
6479	88
6479	264
6479	291
6479	323
6480	163
6480	107
6480	209
6480	22
6480	150
6480	323
6481	127
6481	163
6481	116
6481	331
6481	332
6482	163
6482	203
6482	264
6482	114
6482	237
6482	276
6482	209
6483	203
6483	81
6483	261
6483	198
6483	209
6483	80
6483	242
6484	163
6484	198
6484	87
6484	242
6485	163
6485	264
6485	224
6485	226
6485	242
6486	264
6486	198
6486	276
6486	209
6486	80
6486	323
6486	144
6486	285
6487	163
6487	203
6487	264
6487	114
6487	87
6487	276
6488	163
6488	342
6488	198
6488	242
6489	163
6489	72
6489	114
6489	198
6490	327
6490	330
6490	156
6490	103
6490	33
6490	242
6491	109
6491	114
6491	106
6491	230
6491	242
6491	47
6492	118
6492	163
6492	264
6492	116
6492	198
6492	237
6492	242
6492	53
6493	163
6493	203
6493	264
6493	87
6493	276
6493	209
6493	146
6494	149
6494	163
6494	237
6494	230
6494	276
6494	209
6494	80
6494	323
6494	291
6495	72
6495	116
6495	228
6495	291
6495	323
6495	242
6496	127
6496	203
6496	106
6496	347
6497	261
6497	7
6497	195
6498	118
6498	331
6498	237
6498	332
6498	242
6498	225
6499	163
6499	114
6499	198
6499	258
6499	10
6499	214
6499	242
6500	203
6500	264
6500	116
6500	209
6500	22
6501	163
6501	264
6501	198
6501	31
6501	80
6501	102
6501	285
6502	203
6502	264
6502	114
6502	230
6502	10
6503	270
6503	114
6503	104
6503	195
6503	156
6503	112
6503	242
6504	163
6504	264
6504	331
6504	237
6504	332
6504	214
6504	242
6504	225
6505	26
6505	288
6505	323
6505	242
6506	163
6506	151
6506	203
6506	264
6506	114
6506	276
6507	203
6507	114
6507	331
6507	228
6507	144
6507	242
6508	203
6508	114
6508	106
6508	291
6508	323
6508	242
6509	88
6509	114
6509	308
6509	115
6509	230
6509	242
6510	132
6510	146
6510	21
6510	291
6510	242
6511	203
6511	195
6511	209
6511	317
6512	115
6512	156
6512	331
6512	332
6512	291
6512	214
6512	225
6513	203
6513	114
6513	7
6513	198
6513	349
6513	347
6514	203
6514	195
6514	347
6515	264
6515	237
6515	209
6515	242
6516	148
6516	291
6516	323
6517	26
6517	106
6517	22
6517	242
6518	203
6518	195
6518	80
6518	317
6519	164
6519	88
6519	114
6519	326
6519	331
6519	291
6519	242
6520	264
6520	114
6520	113
6520	197
6520	104
6520	242
6521	245
6521	149
6521	163
6521	264
6521	144
6521	242
6522	203
6522	209
6522	22
6523	114
6523	230
6523	258
6523	10
6523	242
6523	317
6524	118
6524	114
6524	116
6524	198
6524	228
6524	242
6525	149
6525	163
6525	264
6525	80
6525	242
6526	163
6526	203
6526	264
6526	198
6526	230
6526	276
6526	242
6527	114
6527	178
6527	250
6527	291
6527	323
6527	242
6528	127
6528	203
6528	276
6528	209
6528	22
6528	242
6529	72
6529	330
6529	198
6529	230
6529	242
6530	203
6530	264
6530	26
6530	22
6530	33
6530	323
6531	203
6531	195
6531	6
6532	163
6532	264
6532	237
6532	276
6532	144
6533	264
6533	282
6533	323
6533	291
6534	203
6534	195
6534	198
6534	225
6534	317
6535	203
6535	261
6535	156
6535	198
6535	242
6536	203
6536	195
6536	146
6536	317
6537	203
6537	195
6537	291
6537	317
6538	264
6538	237
6538	276
6538	209
6538	21
6539	203
6539	195
6539	80
6540	7
6540	198
6540	276
6540	209
6540	22
6540	6
6540	242
6541	163
6541	264
6541	198
6541	237
6541	242
6542	163
6542	203
6542	264
6542	114
6542	198
6542	106
6542	242
6542	317
6543	163
6543	264
6543	114
6543	130
6543	230
6543	214
6543	242
6543	225
6544	95
6544	203
6544	261
6544	198
6544	22
6544	242
6545	203
6545	195
6545	198
6545	242
6545	317
6546	245
6546	149
6546	100
6546	88
6546	104
6546	242
6547	132
6547	245
6547	230
6547	144
6547	242
6548	114
6548	331
6548	228
6548	86
6548	242
6549	277
6549	163
6549	264
6549	114
6549	237
6549	228
6549	242
6550	195
6550	31
6550	302
6550	22
6550	291
6550	242
6551	198
6551	276
6551	209
6551	80
6551	144
6551	285
6552	163
6552	327
6552	298
6552	198
6552	31
6552	209
6553	163
6553	203
6553	114
6553	144
6553	242
6554	203
6554	195
6554	209
6555	326
6555	319
6555	198
6556	88
6556	114
6556	101
6556	331
6556	198
6556	228
6556	242
6557	81
6557	114
6557	198
6557	26
6557	11
6557	226
6557	214
6557	242
6557	225
6558	26
6558	230
6558	146
6558	144
6558	242
6558	317
6559	264
6559	114
6559	198
6559	11
6559	242
6559	225
6560	142
6560	102
6560	21
6560	291
6560	242
6561	264
6561	116
6561	276
6561	103
6561	291
6561	242
6562	203
6562	261
6562	195
6563	127
6563	163
6563	264
6563	331
6563	147
6563	320
6563	332
6564	81
6564	261
6564	7
6564	195
6564	323
6564	291
6565	264
6565	331
6565	332
6565	242
6566	264
6566	115
6566	156
6566	331
6566	332
6566	214
6566	242
6566	225
6567	195
6567	230
6567	242
6567	317
6568	203
6568	195
6568	276
6569	163
6569	203
6569	198
6569	230
6569	209
6569	242
6569	225
6570	149
6570	282
6570	198
6570	87
6570	80
6570	349
6571	163
6571	264
6571	198
6571	242
6572	73
6572	172
6572	198
6572	228
6572	293
6573	245
6573	149
6573	228
6573	242
6574	298
6574	195
6574	198
6574	242
6574	317
6575	114
6575	331
6575	228
6575	242
6576	163
6576	228
6576	291
6576	323
6576	242
6577	132
6577	245
6577	163
6577	264
6577	198
6577	11
6577	214
6577	242
6577	225
6578	163
6578	203
6578	195
6578	349
6579	203
6579	195
6579	22
6579	242
6579	317
6580	81
6580	156
6580	198
6580	106
6580	276
6580	80
6580	147
6580	103
6580	242
6581	264
6581	114
6581	198
6581	230
6581	276
6581	209
6581	80
6582	163
6582	264
6582	282
6582	228
6582	80
6583	195
6583	80
6584	163
6584	72
6584	264
6584	276
6584	291
6584	317
6585	163
6585	264
6585	114
6585	116
6585	198
6585	230
6585	242
6586	203
6586	195
6586	107
6587	163
6587	264
6587	114
6587	116
6587	198
6587	230
6588	264
6588	198
6588	228
6588	144
6588	344
6589	127
6589	116
6589	331
6589	253
6589	332
6590	163
6590	167
6590	151
6590	331
6590	86
6590	242
6591	203
6591	195
6591	198
6591	317
6592	230
6592	146
6592	144
6592	242
6592	317
6593	72
6593	114
6593	242
6594	264
6594	195
6594	276
6595	163
6595	264
6595	206
6595	198
6595	31
6595	230
6595	146
6595	242
6596	163
6596	203
6596	156
6596	224
6596	198
6596	12
6596	214
6596	242
6596	225
6597	203
6597	198
6597	22
6598	195
6598	209
6598	22
6599	163
6599	264
6599	116
6599	80
6599	323
6599	291
6600	114
6600	266
6600	331
6600	228
6600	242
6601	127
6601	163
6601	331
6601	332
6601	242
6602	88
6602	95
6602	224
6602	225
6603	114
6603	230
6603	146
6603	102
6603	21
6603	291
6604	163
6604	195
6604	80
6604	291
6604	32
6605	163
6605	264
6605	282
6605	198
6605	242
6606	203
6606	195
6606	276
6607	81
6607	80
6607	22
6607	150
6607	291
6607	317
6608	203
6608	195
6608	198
6608	22
6608	242
6608	317
6609	92
6609	163
6609	150
6609	291
6609	323
6610	163
6610	264
6610	114
6610	230
6610	102
6610	323
6611	245
6611	91
6611	198
6611	242
6611	225
6612	264
6612	114
6612	242
6613	195
6613	80
6613	22
6614	92
6614	88
6614	7
6614	195
6614	291
6614	347
6615	97
6615	164
6615	114
6615	331
6615	198
6615	228
6615	242
6616	149
6616	293
6616	323
6616	317
6617	335
6617	203
6617	330
6617	103
6617	323
6617	242
6618	97
6618	264
6618	282
6618	228
6618	291
6619	72
6619	116
6619	291
6620	163
6620	168
6620	264
6620	114
6620	291
6620	323
6621	163
6621	264
6621	114
6621	198
6621	323
6621	291
6622	203
6622	195
6622	323
6623	195
6623	276
6623	22
6624	114
6624	291
6624	214
6624	225
6625	163
6625	195
6625	224
6625	242
6626	163
6626	134
6626	319
6626	224
6626	198
6626	214
6626	242
6627	163
6627	261
6627	80
6627	22
6627	291
6627	323
6628	81
6628	261
6628	7
6628	198
6628	209
6628	6
6629	163
6629	81
6629	314
6629	261
6629	209
6630	203
6630	195
6630	146
6631	144
6631	285
6631	344
6632	114
6632	115
6632	258
6632	297
6632	291
6632	317
6633	203
6633	106
6633	144
6633	291
6633	317
6634	7
6634	195
6634	156
6634	291
6634	317
6635	163
6635	264
6635	195
6635	291
6635	323
6636	114
6636	146
6636	144
6637	163
6637	72
6637	264
6637	198
6637	26
6637	228
6637	242
6638	163
6638	72
6638	264
6638	198
6638	237
6638	230
6638	214
6638	242
6638	225
6639	318
6639	206
6639	326
6639	331
6639	332
6639	242
6639	225
6640	26
6640	146
6640	216
6640	291
6640	214
6640	225
6641	314
6641	276
6641	291
6641	214
6641	225
6642	118
6642	230
6642	291
6642	242
6643	81
6643	298
6643	30
6643	198
6643	6
6643	103
6644	245
6644	114
6644	298
6644	30
6644	198
6645	203
6645	114
6645	306
6645	198
6645	107
6645	144
6645	214
6645	242
6645	225
6646	195
6646	209
6646	291
6647	163
6647	72
6647	116
6647	276
6647	291
6647	317
6648	203
6648	195
6648	198
6648	317
6649	163
6649	198
6649	323
6649	171
6650	264
6650	30
6650	198
6650	148
6650	242
6650	225
6651	261
6651	7
6651	224
6651	225
6652	163
6652	134
6652	198
6652	237
6652	144
6652	242
6653	146
6653	258
6653	147
6654	163
6654	114
6654	198
6654	26
6654	323
6654	171
6655	203
6655	195
6655	291
6656	163
6656	72
6656	116
6656	209
6656	291
6656	317
6657	92
6657	114
6657	316
6657	146
6657	337
6658	203
6658	81
6658	327
6658	198
6658	22
6658	103
6659	195
6659	209
6659	22
6660	261
6660	7
6660	291
6660	347
6661	203
6661	195
6661	198
6661	22
6661	317
6662	163
6662	151
6662	264
6662	317
6663	163
6663	72
6663	116
6663	209
6663	291
6663	317
6664	163
6664	264
6664	26
6664	291
6664	323
6665	104
6665	195
6665	228
6665	291
6666	264
6666	237
6666	276
6666	209
6666	102
6667	195
6667	291
6667	323
6669	81
6669	261
6669	7
6669	198
6669	103
6670	229
6670	163
6670	264
6670	291
6670	323
6671	291
6671	214
6671	225
6672	250
6672	291
6672	214
6672	225
6673	114
6673	101
6673	195
6673	80
6674	163
6674	264
6674	198
6674	242
6675	163
6675	264
6675	116
6675	237
6675	291
6675	242
6676	203
6676	26
6676	276
6676	291
6677	261
6677	296
6677	195
6677	323
6677	242
6678	195
6678	323
6678	291
6679	163
6679	264
6679	314
6679	276
6679	323
6680	203
6680	327
6680	195
6680	198
6680	317
6681	4
6681	90
6681	30
6681	198
6681	136
6681	22
6682	335
6682	163
6682	261
6682	296
6682	156
6682	198
6682	242
6683	163
6683	209
6683	21
6683	291
6683	32
6684	277
6684	163
6684	264
6684	114
6684	326
6684	228
6684	242
6685	109
6685	230
6685	22
6685	291
6685	323
6686	264
6686	104
6686	26
6686	86
6686	22
6686	242
6687	106
6687	291
6687	214
6687	225
6688	163
6688	125
6688	114
6688	198
6688	214
6688	242
6689	116
6689	195
6689	11
6689	323
6689	352
6689	291
6690	88
6690	167
6690	114
6690	331
6690	198
6690	228
6690	242
6691	163
6691	195
6691	198
6691	317
6692	114
6692	178
6692	26
6692	214
6692	242
6692	225
6693	163
6693	203
6693	114
6693	198
6693	80
6693	22
6693	242
6694	72
6694	230
6694	291
6695	195
6695	291
6695	323
6696	104
6696	195
6696	86
6696	242
6696	37
6697	149
6697	163
6697	115
6697	259
6697	198
6697	230
6697	214
6697	242
6697	225
6698	261
6698	330
6698	195
6698	205
6698	291
6698	323
6699	163
6699	116
6699	230
6699	291
6699	323
6700	270
6700	163
6700	114
6700	106
6700	291
6700	323
6702	203
6702	261
6702	198
6702	6
6702	317
6703	163
6703	72
6703	116
6703	209
6703	291
6703	317
6704	264
6704	314
6704	230
6704	291
6704	323
6705	132
6705	114
6705	146
6705	148
6705	21
6706	163
6706	264
6706	198
6706	107
6706	228
6706	230
6706	146
6707	261
6707	296
6707	330
6707	195
6707	323
6707	242
6708	264
6708	282
6708	116
6708	237
6708	230
6709	163
6709	72
6709	264
6709	114
6709	198
6709	242
6710	270
6710	163
6710	114
6710	198
6710	144
6711	206
6711	150
6711	291
6711	214
6711	225
6712	92
6712	168
6712	81
6712	104
6712	22
6713	331
6713	223
6713	31
6713	11
6713	291
6713	323
6714	163
6714	264
6714	116
6714	198
6714	230
6714	150
6715	195
6715	198
6715	22
6715	150
6715	242
6716	261
6716	296
6716	330
6716	7
6716	156
6717	11
6717	291
6717	214
6717	323
6717	225
6718	163
6718	151
6718	264
6718	308
6718	291
6718	214
6718	323
6718	225
6719	92
6719	104
6719	323
6719	291
6719	347
6720	264
6720	114
6720	198
6720	230
6720	242
6721	72
6721	114
6721	116
6721	148
6722	163
6722	114
6722	223
6722	198
6722	209
6722	242
6723	114
6723	115
6723	323
6724	245
6724	149
6724	264
6724	198
6724	32
6725	163
6725	151
6725	203
6725	7
6725	156
6725	198
6725	214
6725	242
6725	225
6726	163
6726	264
6726	282
6726	198
6726	150
6726	242
6727	163
6727	109
6727	114
6727	144
6727	242
6728	264
6728	114
6728	331
6728	198
6728	31
6728	242
6728	171
6729	80
6729	291
6729	214
6729	323
6729	225
6730	72
6730	116
6730	104
6730	209
6730	242
6731	163
6731	203
6731	109
6731	150
6731	291
6732	127
6732	114
6732	331
6732	332
6732	243
6733	114
6733	230
6733	144
6733	242
6734	178
6734	291
6734	323
6734	242
6735	163
6735	264
6735	323
6735	291
6736	163
6736	72
6736	116
6736	276
6736	291
6736	323
6736	317
6737	100
6737	88
6737	115
6737	156
6737	198
6737	258
6737	214
6737	242
6737	225
6738	163
6738	72
6738	116
6738	214
6738	323
6739	163
6739	264
6739	114
6739	230
6739	323
6740	230
6740	146
6740	144
6740	291
6740	323
6740	242
6740	317
6741	163
6741	116
6741	230
6741	258
6742	163
6742	264
6742	116
6742	230
6742	242
6743	245
6743	163
6743	203
6743	114
6743	198
6743	214
6743	225
6743	171
6744	267
6744	114
6744	230
6744	291
6744	225
6745	203
6745	198
6745	209
6745	103
6745	242
6746	132
6746	245
6746	91
6746	242
6747	114
6747	259
6747	146
6747	144
6747	323
6748	127
6748	163
6748	155
6748	106
6748	291
6749	72
6749	116
6749	326
6749	319
6749	14
6749	242
6750	97
6750	163
6750	114
6750	330
6750	195
6750	198
6750	242
6751	267
6751	203
6751	230
6751	291
6751	225
6752	245
6752	116
6752	198
6752	144
6752	242
6753	264
6753	114
6753	342
6753	228
6753	102
6754	156
6754	11
6755	118
6755	163
6755	230
6755	242
6756	203
6756	306
6756	115
6756	156
6756	198
6756	106
6756	214
6756	242
6756	225
6757	127
6757	114
6757	331
6757	291
6758	163
6758	264
6758	114
6758	116
6758	323
6759	203
6759	195
6759	276
6759	142
6759	22
6759	242
6760	313
6760	203
6760	114
6760	331
6760	332
6761	163
6761	264
6761	331
6761	237
6761	332
6761	214
6761	242
6761	225
6762	291
6762	214
6762	225
6762	162
6763	30
6763	116
6763	209
6763	242
6764	163
6764	264
6764	282
6764	291
6764	323
6765	245
6765	163
6765	264
6765	291
6765	214
6765	225
6766	203
6766	106
6766	230
6766	22
6766	291
6766	225
6767	270
6767	331
6767	146
6767	291
6768	163
6768	72
6768	116
6768	209
6768	291
6769	163
6769	264
6769	114
6769	198
6769	242
6770	163
6770	114
6770	31
6770	291
6770	323
6771	339
6771	109
6771	264
6771	291
6771	214
6771	225
6772	127
6772	151
6772	104
6772	331
6772	106
6772	242
6773	203
6773	114
6773	195
6773	198
6773	209
6773	242
6774	114
6774	306
6774	224
6774	198
6775	139
6775	114
6775	144
6776	261
6776	195
6776	198
6776	242
6777	80
6777	320
6777	225
6778	88
6778	203
6778	198
6778	242
6779	163
6779	114
6779	259
6779	291
6779	323
6780	163
6780	198
6780	21
6780	242
6780	171
6781	127
6781	114
6781	331
6781	332
6781	150
6781	242
6782	81
6782	116
6782	230
6782	242
6783	163
6783	151
6783	30
6783	198
6783	148
6783	214
6783	242
6783	225
6784	109
6784	114
6784	26
6784	230
6784	337
6784	291
6784	214
6784	225
6785	163
6785	72
6785	264
6785	198
6785	209
6786	169
6786	334
6786	228
6786	242
6787	26
6787	102
6787	291
6787	225
6788	163
6788	264
6788	282
6788	114
6788	323
6789	163
6789	114
6789	198
6789	155
6789	230
6790	134
6790	264
6790	198
6790	230
6790	214
6790	242
6791	109
6791	195
6791	198
6791	230
6791	22
6791	150
6792	149
6792	182
6792	151
6792	293
6792	225
6793	97
6793	163
6793	203
6793	192
6793	326
6793	242
6793	225
6794	163
6794	203
6794	114
6794	156
6794	198
6794	106
6794	214
6794	242
6794	225
6795	163
6795	264
6795	114
6795	258
6795	144
6796	198
6796	209
6796	258
6796	22
6796	242
6797	114
6797	115
6797	195
6797	198
6797	136
6797	337
6797	242
6797	225
6798	114
6798	26
6798	291
6798	225
6799	195
6799	146
6799	216
6799	242
6800	151
6800	114
6800	198
6800	230
6800	242
6801	114
6801	198
6801	258
6801	242
6802	163
6802	264
6802	276
6802	102
6802	291
6802	214
6802	225
6803	88
6803	224
6803	230
6803	146
6803	291
6803	225
6804	203
6804	81
6804	114
6804	298
6804	198
6804	22
6804	242
6804	225
6805	151
6805	203
6805	115
6805	198
6805	22
6805	214
6805	242
6805	225
6806	114
6806	198
6806	26
6806	230
6806	242
6806	225
6807	203
6807	114
6807	198
6807	230
6807	258
6807	242
6807	225
6808	203
6808	144
6808	291
6808	225
6809	149
6809	163
6809	319
6809	291
6809	214
6809	225
6810	198
6810	31
6810	337
6810	242
6811	163
6811	114
6811	80
6811	242
6812	163
6812	264
6812	114
6812	198
6812	171
6813	263
6813	198
6813	144
6813	22
6813	6
6813	225
6814	88
6814	264
6814	114
6814	206
6814	198
6814	242
6814	225
6815	151
6815	224
6815	198
6815	230
6815	250
6815	242
6815	225
6816	245
6816	92
6816	163
6816	264
6816	114
6816	198
6816	214
6816	242
6816	225
6817	195
6817	107
6817	291
6817	214
6817	225
6818	254
6818	114
6818	198
6818	22
6818	242
6819	203
6819	326
6819	22
6819	225
6820	270
6820	264
6820	282
6820	198
6820	237
6820	228
6820	242
6821	163
6821	264
6821	178
6821	198
6821	106
6821	225
6822	127
6822	114
6822	331
6822	242
6822	225
6823	245
6823	149
6823	114
6823	296
6823	198
6823	214
6823	242
6823	225
6824	163
6824	114
6824	115
6824	106
6824	291
6824	214
6824	225
6825	151
6825	224
6825	230
6825	225
6826	114
6826	31
6826	144
6826	242
6827	132
6827	163
6827	114
6827	198
6827	225
6828	163
6828	151
6828	109
6828	114
6828	198
6828	26
6828	337
6828	214
6828	242
6828	225
6829	163
6829	116
6829	319
6829	230
6829	291
6829	225
6829	32
6830	109
6830	114
6830	178
6830	198
6830	26
6830	22
6830	214
6830	242
6830	225
6831	114
6831	230
6831	291
6831	242
6832	203
6832	81
6832	114
6832	326
6832	209
6832	214
6832	242
6832	225
6833	245
6833	118
6833	163
6833	264
6833	114
6833	198
6833	242
6833	225
6834	264
6834	282
6834	323
6834	144
6834	291
6835	224
6835	291
6835	225
6836	245
6836	88
6836	109
6836	114
6836	198
6836	242
6836	225
6837	163
6837	72
6837	264
6837	116
6837	291
6838	114
6838	206
6838	178
6838	106
6838	250
6839	149
6839	319
6839	198
6839	293
6839	146
6839	338
6840	114
6840	178
6840	198
6840	230
6840	22
6840	242
6840	225
6841	163
6841	203
6841	264
6841	282
6841	326
6841	214
6841	242
6841	225
6842	88
6842	198
6842	102
6842	216
6842	242
6843	127
6843	203
6843	114
6843	230
6843	242
6844	339
6844	203
6844	264
6844	114
6844	258
6845	97
6845	164
6845	104
6845	209
6846	92
6846	178
6846	261
6846	195
6846	198
6846	150
6846	242
6847	163
6847	151
6847	203
6847	198
6847	22
6847	150
6848	264
6848	198
6848	26
6848	214
6848	242
6848	225
6849	163
6849	72
6849	264
6849	116
6849	291
6849	317
6850	72
6850	116
6850	198
6850	228
6850	242
6851	203
6851	178
6851	198
6851	230
6851	258
6851	242
6851	225
6852	149
6852	163
6852	88
6852	114
6852	291
6852	214
6852	225
6853	163
6853	264
6853	198
6853	209
6853	22
6853	150
6853	225
6854	163
6854	109
6854	264
6854	198
6854	230
6854	242
6854	225
6855	109
6855	114
6855	198
6855	230
6855	242
6856	149
6856	109
6856	264
6856	104
6856	198
6856	242
6857	88
6857	203
6857	114
6857	198
6857	209
6857	22
6857	242
6857	225
6858	198
6858	106
6858	250
6858	214
6858	242
6858	225
6859	163
6859	264
6859	114
6859	198
6859	228
6859	214
6859	242
6859	225
6860	163
6860	72
6860	264
6860	116
6860	291
6860	214
6860	323
6860	225
6861	335
6861	261
6861	257
6861	7
6861	156
6861	198
6862	72
6862	327
6862	116
6862	104
6862	242
6863	264
6863	114
6863	198
6863	228
6863	230
6864	203
6864	264
6864	114
6864	326
6864	22
6864	242
6864	225
6865	163
6865	72
6865	264
6865	116
6865	198
6865	214
6865	317
6866	182
6866	92
6866	261
6867	72
6867	116
6867	230
6868	114
6868	156
6868	26
6868	291
6868	225
6869	173
6869	163
6869	264
6869	114
6869	319
6869	198
6869	214
6869	242
6869	225
6870	163
6870	264
6870	323
6871	104
6871	319
6871	26
6871	242
6872	149
6872	264
6872	104
6872	331
6872	22
6872	242
6873	114
6873	178
6873	111
6873	198
6873	26
6873	144
6873	214
6873	242
6874	203
6874	198
6874	209
6874	144
6875	92
6875	114
6875	198
6875	230
6875	146
6875	144
6875	242
6875	225
6875	317
6876	163
6876	88
6876	203
6876	7
6876	156
6876	198
6876	242
6876	225
6877	114
6877	206
6877	198
6877	26
6877	22
6877	250
6878	270
6878	264
6878	198
6878	144
6879	163
6879	106
6879	320
6879	242
6880	203
6880	81
6880	326
6880	146
6880	22
6880	323
6880	242
6880	225
6881	114
6881	198
6881	26
6881	144
6882	92
6882	263
6882	203
6882	114
6882	198
6882	225
6883	114
6883	146
6883	323
6883	242
6884	264
6884	114
6884	144
6884	242
6885	163
6885	72
6885	264
6885	116
6885	156
6885	198
6885	225
6886	163
6886	72
6886	264
6886	116
6886	198
6886	214
6886	317
6887	81
6887	114
6887	342
6887	198
6887	258
6888	203
6888	114
6888	195
6888	22
6888	242
6888	225
6889	163
6889	109
6889	264
6889	198
6889	242
6890	114
6890	224
6890	26
6890	150
6891	264
6891	198
6892	88
6892	219
6892	198
6892	230
6892	258
6892	242
6892	225
6893	110
6893	114
6893	330
6894	149
6894	73
6894	342
6894	198
6894	102
6894	242
6895	245
6895	149
6895	163
6895	88
6895	114
6895	198
6895	214
6895	242
6895	225
6896	114
6896	116
6896	258
6896	102
6896	242
6897	264
6897	282
6897	114
6897	26
6897	242
6898	114
6898	178
6898	198
6898	26
6898	144
6898	214
6898	242
6898	225
6899	339
6899	264
6899	114
6899	156
6899	198
6899	103
6899	214
6900	114
6900	198
6900	31
6900	258
6900	242
6901	163
6901	72
6901	116
6901	198
6901	230
6901	242
6902	163
6902	116
6902	319
6902	198
6902	230
6902	225
6902	32
6903	114
6903	261
6903	306
6903	156
6903	198
6903	26
6903	242
6903	225
6904	163
6904	95
6904	264
6904	114
6904	198
6904	230
6904	225
6905	114
6905	300
6905	258
6905	291
6905	323
6905	242
6905	225
6906	163
6906	264
6906	230
6906	323
6906	242
6907	203
6907	198
6907	276
6907	209
6907	291
6907	242
6907	171
6908	203
6908	198
6908	276
6908	209
6908	291
6908	242
6908	171
6909	108
6909	201
6909	230
6909	148
6909	140
6909	323
6909	242
6909	225
6909	317
6910	203
6910	114
6910	113
6910	258
6910	103
6910	242
6911	163
6911	264
6911	116
6911	230
6911	225
6912	277
6912	163
6912	264
6912	148
6912	291
6912	225
6912	32
6913	264
6913	282
6913	198
6913	237
6913	230
6913	291
6913	323
6913	242
6914	185
6914	205
6914	19
6914	242
6915	163
6915	190
6915	198
6915	288
6915	102
6915	216
6915	242
6915	324
6916	26
6916	226
6916	146
6916	10
6916	291
6916	323
6916	225
6917	264
6917	282
6917	237
6917	228
6917	291
6917	242
6918	163
6918	114
6918	113
6918	198
6918	228
6918	230
6918	323
6918	242
6918	225
6919	108
6919	26
6919	144
6919	291
6919	323
6919	242
6919	225
6920	270
6920	163
6920	198
6920	258
6920	320
6920	216
6920	242
6921	270
6921	190
6921	198
6921	136
6921	288
6921	269
6921	242
6922	108
6922	26
6922	21
6922	291
6922	323
6922	242
6922	225
6923	163
6923	114
6923	300
6923	291
6923	323
6923	242
6923	225
6923	32
6924	230
6924	102
6924	291
6924	323
6924	242
6924	225
6924	78
6925	92
6925	261
6925	7
6925	291
6925	323
6925	242
6925	225
6926	163
6926	264
6926	114
6926	230
6926	323
6926	225
6927	245
6927	163
6927	219
6927	96
6927	148
6927	323
6927	242
6927	225
6927	186
6928	132
6928	331
6928	146
6928	291
6928	323
6928	225
6929	108
6929	148
6929	21
6929	291
6929	323
6929	242
6929	225
6930	156
6930	331
6930	11
6930	291
6930	323
6930	242
6930	225
6931	245
6931	270
6931	108
6931	263
6931	198
6931	242
6932	132
6932	245
6932	114
6932	178
6932	30
6932	237
6932	228
6932	230
6932	96
6932	148
6932	323
6932	242
6933	219
6933	237
6933	230
6933	291
6933	323
6933	242
6933	225
6934	114
6934	80
6934	258
6934	242
6934	85
6934	240
6935	114
6935	178
6935	291
6935	323
6935	242
6936	163
6936	230
6936	291
6936	323
6936	242
6937	270
6937	203
6937	106
6937	276
6937	258
6937	242
6938	132
6938	114
6938	190
6938	198
6938	136
6938	144
6938	242
6939	149
6939	92
6939	97
6939	167
6939	293
6939	291
6939	242
6940	264
6940	226
6940	148
6940	242
6941	163
6941	264
6941	282
6941	228
6941	323
6941	242
6941	225
6942	264
6942	114
6942	106
6942	242
6943	132
6943	245
6943	114
6943	178
6943	30
6943	26
6943	237
6943	228
6943	230
6943	96
6943	148
6943	291
6943	214
6943	323
6943	242
6944	251
6944	264
6944	114
6944	116
6944	237
6944	228
6944	230
6944	242
6945	163
6945	264
6945	282
6945	228
6945	323
6945	242
6946	270
6946	264
6946	198
6946	320
6946	242
6946	34
6947	264
6947	116
6947	106
6947	276
6947	323
6947	242
6948	163
6948	114
6948	148
6948	323
6948	242
6948	105
6949	145
6949	245
6949	148
6949	140
6949	291
6949	242
6949	105
6950	132
6950	26
6950	106
6950	148
6950	291
6950	323
6950	242
6950	34
6951	163
6951	264
6951	282
6951	237
6951	228
6951	323
6951	242
6952	109
6952	136
6952	230
6952	258
6952	144
6952	291
6952	323
6952	242
6953	114
6953	21
6953	291
6953	323
6953	242
6954	264
6954	114
6954	237
6954	291
6954	323
6954	242
6955	163
6955	30
6955	148
6955	291
6955	323
6955	242
6956	245
6956	264
6956	114
6956	237
6956	228
6956	242
6957	163
6957	264
6957	114
6957	116
6957	323
6957	242
6958	264
6958	114
6958	116
6958	198
6958	230
6958	242
6959	163
6959	264
6959	114
6959	116
6959	237
6959	242
6960	132
6960	30
6960	148
6960	291
6960	323
6961	163
6961	264
6961	113
6961	323
6961	242
6962	163
6962	264
6962	282
6962	237
6962	228
6962	242
6963	197
6963	111
6963	230
6963	291
6963	323
6963	242
6964	149
6964	163
6964	264
6964	114
6964	178
6964	230
6964	291
6964	214
6964	323
6964	242
6965	72
6965	81
6965	264
6965	116
6965	223
6965	230
6965	323
6965	242
6966	118
6966	163
6966	264
6966	114
6966	228
6966	242
6967	149
6967	203
6967	264
6967	319
6967	323
6967	242
6968	81
6968	264
6968	282
6968	114
6968	198
6968	237
6968	230
6968	242
6969	245
6969	149
6969	163
6969	140
6969	291
6969	242
6970	163
6970	115
6970	195
6970	156
6970	323
6970	242
6971	331
6971	320
6971	332
6971	291
6971	323
6971	242
6972	163
6972	267
6972	114
6972	195
6972	112
6972	242
6972	225
6973	264
6973	114
6973	31
6973	337
6973	291
6973	242
6974	264
6974	116
6974	237
6974	230
6974	323
6974	242
6975	163
6975	264
6975	237
6975	230
6975	291
6975	214
6975	225
6976	267
6976	198
6976	2
6976	19
6976	242
6977	163
6977	190
6977	288
6977	291
6977	323
6977	242
6978	267
6978	114
6978	10
6978	291
6978	214
6978	242
6979	264
6979	282
6979	116
6979	237
6979	228
6979	242
6980	163
6980	331
6980	332
6980	291
6980	323
6980	242
6981	114
6981	219
6981	198
6981	230
6981	242
6981	225
6982	163
6982	264
6982	282
6982	198
6982	237
6982	228
6982	242
6983	245
6983	4
6983	108
6983	91
6983	148
6983	291
6983	323
6983	242
6984	100
6984	88
6984	167
6984	267
6984	291
6984	323
6984	242
6985	267
6985	114
6985	178
6985	224
6985	250
6985	291
6985	323
6985	242
6986	203
6986	195
6986	209
6986	146
6986	22
6986	33
6986	323
6986	242
6987	264
6987	30
6987	96
6987	226
6987	148
6987	21
6987	242
6988	163
6988	264
6988	282
6988	230
6988	323
6988	242
6989	31
6989	302
6989	226
6989	291
6989	323
6989	242
6990	164
6990	203
6990	106
6990	276
6990	22
6990	291
6990	323
6990	242
6991	203
6991	195
6991	198
6991	209
6991	242
6991	317
6992	163
6992	109
6992	258
6992	150
6992	213
6992	242
6993	132
6993	30
6993	291
6993	323
6994	109
6994	195
6994	31
6994	242
6994	317
6995	267
6995	276
6995	10
6995	291
6995	214
6995	242
6996	114
6996	115
6996	156
6996	230
6996	146
6996	102
6996	291
6996	323
6996	242
6997	151
6997	114
6997	258
6997	291
6997	242
6998	203
6998	114
6998	198
6998	276
6998	242
6998	171
6999	245
6999	163
6999	264
6999	114
6999	242
7000	270
7000	81
7000	114
7000	115
7000	106
7000	291
7000	323
7000	242
7001	245
7001	198
7001	230
7001	293
7001	146
7001	323
7001	242
7001	171
7002	163
7002	310
7002	134
7002	114
7002	228
7002	230
7002	213
7002	291
7002	323
7002	242
7003	132
7003	148
7003	242
7003	317
7004	149
7004	264
7004	114
7004	319
7004	242
7005	264
7005	114
7005	195
7005	237
7005	230
7005	291
7005	323
7005	242
7006	163
7006	264
7006	114
7006	102
7006	22
7006	242
7007	203
7007	195
7007	198
7007	276
7007	209
7007	33
7007	242
7008	264
7008	237
7008	230
7008	213
7008	323
7009	163
7009	10
7009	291
7009	214
7009	242
7010	203
7010	298
7010	86
7010	33
7010	242
7011	203
7011	195
7011	22
7011	225
7011	317
7012	203
7012	264
7012	114
7012	104
7012	223
7012	155
7012	230
7012	291
7012	323
7012	242
7013	163
7013	114
7013	195
7013	106
7013	323
7013	242
7014	114
7014	116
7014	14
7014	230
7014	226
7014	242
7015	132
7015	245
7015	140
7015	242
7016	203
7016	195
7016	198
7016	22
7016	317
7017	182
7017	91
7017	192
7017	228
7017	96
7017	226
7017	148
7017	242
7018	163
7018	203
7018	114
7018	195
7018	198
7018	276
7018	80
7018	242
7019	267
7019	106
7019	10
7019	214
7019	291
7020	72
7020	116
7020	14
7020	230
7020	226
7020	242
7021	114
7021	198
7021	230
7021	102
7021	323
7021	242
7021	171
7022	261
7022	7
7022	156
7022	198
7022	106
7022	276
7022	80
7022	242
7023	203
7023	113
7023	103
7023	33
7023	323
7023	347
7024	163
7024	72
7024	264
7024	114
7024	116
7024	198
7024	230
7024	242
7025	339
7025	307
7025	195
7025	157
7025	291
7025	242
7025	225
7026	163
7026	264
7026	276
7026	291
7026	214
7026	242
7026	317
7027	113
7027	327
7027	156
7027	198
7027	106
7027	230
7027	276
7027	80
7027	150
7027	242
7028	326
7028	237
7028	230
7028	276
7028	226
7028	242
7029	203
7029	81
7029	114
7029	178
7029	198
7029	22
7029	33
7029	323
7029	242
7030	203
7030	264
7030	114
7030	198
7030	230
7030	276
7030	209
7030	80
7031	203
7031	195
7031	198
7031	242
7031	317
7032	132
7032	163
7032	198
7032	253
7032	226
7032	21
7032	242
7033	264
7033	282
7033	342
7033	87
7033	230
7033	242
7034	163
7034	264
7034	282
7034	198
7034	237
7034	228
7034	242
7035	163
7035	203
7035	264
7035	114
7035	116
7035	198
7035	230
7035	242
7036	264
7036	116
7036	195
7036	291
7036	323
7036	242
7036	32
7037	163
7037	264
7037	114
7037	224
7037	198
7037	107
7037	242
7038	163
7038	264
7038	198
7038	237
7038	228
7038	144
7038	242
7039	163
7039	264
7039	237
7039	228
7039	291
7039	214
7039	225
7040	197
7040	195
7040	198
7040	242
7040	54
7040	317
7041	108
7041	163
7041	264
7041	198
7041	237
7041	230
7041	242
7042	114
7042	319
7042	230
7042	80
7042	242
7043	163
7043	264
7043	198
7043	11
7043	258
7043	22
7043	242
7044	163
7044	264
7044	114
7044	112
7044	198
7044	237
7044	214
7044	242
7044	225
7045	92
7045	313
7045	167
7045	203
7045	121
7045	209
7045	22
7045	33
7045	242
7046	264
7046	261
7046	104
7046	156
7046	253
7046	242
7047	114
7047	91
7047	30
7047	116
7047	198
7047	148
7047	242
7047	317
7048	163
7048	72
7048	264
7048	114
7048	116
7048	198
7048	230
7048	242
7049	326
7049	331
7049	17
7049	332
7049	216
7049	242
7050	127
7050	331
7050	112
7050	147
7050	332
7050	242
7051	151
7051	114
7051	104
7051	195
7051	230
7051	276
7051	242
7052	203
7052	109
7052	104
7052	276
7052	209
7052	144
7052	242
7053	151
7053	203
7053	81
7053	276
7053	150
7053	242
7054	164
7054	81
7054	80
7054	293
7054	146
7054	22
7054	242
7055	203
7055	81
7055	195
7055	112
7055	253
7055	80
7055	22
7055	242
7056	203
7056	114
7056	230
7056	144
7056	6
7056	242
7057	163
7057	116
7057	104
7057	198
7057	213
7057	242
7058	203
7058	114
7058	198
7058	276
7058	22
7058	242
7059	163
7059	114
7059	198
7059	80
7059	242
7060	203
7060	195
7060	198
7060	242
7060	317
7061	203
7061	114
7061	198
7061	119
7061	258
7061	22
7061	214
7061	242
7061	225
7062	163
7062	114
7062	178
7062	219
7062	291
7062	317
7063	203
7063	81
7063	114
7063	298
7063	198
7063	209
7063	22
7063	33
7063	242
7064	163
7064	264
7064	114
7064	198
7064	144
7064	242
7065	264
7065	114
7065	198
7065	230
7065	242
7065	225
7066	18
7066	88
7066	114
7066	331
7066	332
7066	242
7067	118
7067	163
7067	264
7067	114
7067	198
7067	230
7067	242
7068	264
7068	114
7068	198
7068	228
7068	230
7068	258
7068	242
7068	225
7069	264
7069	114
7069	198
7069	237
7069	228
7069	242
7070	163
7070	264
7070	114
7070	116
7070	198
7070	258
7070	242
7071	132
7071	108
7071	198
7071	26
7071	146
7071	21
7071	242
7072	339
7072	264
7072	104
7072	237
7072	230
7072	242
7073	264
7073	114
7073	319
7073	230
7073	242
7074	81
7074	114
7074	198
7074	80
7074	242
7074	171
7075	132
7075	245
7075	114
7075	331
7075	242
7076	270
7076	203
7076	114
7076	198
7076	106
7076	103
7076	242
7076	317
7077	114
7077	112
7077	26
7077	230
7077	323
7077	242
7078	203
7078	106
7078	230
7078	144
7078	242
7078	225
7079	163
7079	264
7079	114
7079	259
7079	198
7079	148
7079	214
7079	242
7079	225
7080	114
7080	198
7080	230
7080	293
7080	21
7080	242
7080	225
7081	106
7081	291
7082	92
7082	114
7082	331
7082	112
7082	332
7082	242
7083	118
7083	163
7083	203
7083	264
7083	198
7083	230
7083	242
7084	270
7084	237
7084	31
7084	230
7084	146
7084	242
7084	249
7085	245
7085	264
7085	104
7085	198
7085	148
7085	242
7086	118
7086	114
7086	116
7086	223
7086	213
7086	323
7086	242
7087	97
7087	291
7087	323
7087	225
7088	163
7088	264
7088	114
7088	198
7088	242
7089	264
7089	331
7089	31
7089	226
7089	242
7090	313
7090	163
7090	134
7090	114
7090	198
7090	230
7091	109
7091	114
7091	195
7091	198
7091	242
7092	261
7092	330
7092	198
7092	80
7092	22
7092	216
7092	242
7093	127
7093	163
7093	72
7093	291
7093	214
7093	242
7093	317
7094	92
7094	264
7094	80
7094	242
7095	92
7095	134
7095	230
7095	218
7095	285
7096	132
7096	163
7096	264
7096	114
7096	198
7096	26
7096	242
7097	163
7097	203
7097	114
7097	106
7097	144
7097	242
7097	225
7098	270
7098	114
7098	232
7098	198
7098	119
7098	242
7098	225
7099	163
7099	264
7099	114
7099	331
7099	332
7099	214
7099	242
7099	225
7100	163
7100	203
7100	264
7100	114
7100	291
7100	214
7100	225
7101	163
7101	114
7101	115
7101	106
7101	291
7102	163
7102	80
7102	320
7102	323
7102	242
7103	163
7103	114
7103	296
7103	331
7103	332
7103	242
7104	203
7104	195
7104	198
7104	317
7105	163
7105	30
7105	148
7105	291
7106	114
7106	178
7106	31
7106	230
7106	258
7106	242
7106	225
7107	72
7107	121
7107	114
7107	198
7107	237
7107	230
7107	242
7107	225
7108	114
7108	326
7108	224
7108	198
7108	242
7109	118
7109	163
7109	203
7109	264
7109	114
7109	198
7109	242
7110	163
7110	264
7110	282
7110	114
7110	198
7110	237
7110	242
7110	225
7111	203
7111	264
7111	157
7111	198
7111	242
7112	72
7112	114
7112	116
7112	198
7112	228
7112	242
7113	114
7113	331
7113	146
7113	332
7113	10
7113	242
7113	225
7116	134
7116	114
7116	331
7116	198
7116	11
7116	214
7116	225
7116	171
7117	264
7117	282
7117	114
7117	224
7117	87
7117	230
7117	242
7118	163
7118	114
7118	198
7118	302
7118	258
7118	144
7118	242
7119	149
7119	163
7119	264
7119	114
7119	198
7119	214
7119	242
7119	225
7120	81
7120	264
7120	198
7120	230
7120	22
7120	242
7120	225
7121	109
7121	264
7121	114
7121	230
7121	242
7122	264
7122	282
7122	114
7122	198
7122	237
7122	258
7122	242
7122	225
7123	11
7123	12
7123	291
7123	225
7124	114
7124	198
7124	22
7124	250
7124	242
7125	163
7125	109
7125	264
7125	116
7125	291
7125	323
7126	245
7126	334
7126	163
7126	114
7126	198
7126	228
7126	242
7127	132
7127	108
7127	92
7127	198
7127	21
7127	242
7128	296
7128	195
7128	198
7128	242
7128	317
7129	245
7129	182
7129	92
7129	226
7129	242
7130	163
7130	264
7130	114
7130	198
7130	237
7130	228
7130	214
7130	242
7130	225
7131	72
7131	197
7131	116
7131	104
7131	198
7131	144
7131	242
7132	282
7132	114
7132	198
7132	107
7132	230
7132	258
7132	242
7132	225
7133	114
7133	115
7133	198
7133	258
7133	242
7134	195
7134	276
7134	21
7134	242
7136	264
7136	104
7136	198
7136	230
7136	242
7137	203
7137	198
7137	2
7137	242
7138	264
7138	237
7138	230
7138	103
7138	344
7139	264
7139	282
7139	114
7139	331
7139	332
7139	242
7139	225
7140	203
7140	195
7140	198
7140	317
7141	203
7141	264
7141	114
7141	198
7141	26
7141	228
7141	230
7141	242
7142	163
7142	114
7142	198
7142	106
7142	214
7142	242
7142	171
7145	203
7145	114
7145	198
7145	22
7145	323
7145	242
7146	114
7146	327
7146	80
7146	242
7147	149
7147	163
7147	264
7147	282
7147	114
7147	198
7147	214
7147	242
7147	225
7148	114
7148	195
7148	107
7148	242
7149	203
7149	264
7149	195
7149	276
7149	150
7150	245
7150	148
7150	291
7150	323
7150	242
7151	134
7151	264
7151	198
7151	144
7151	213
7151	242
7152	163
7152	203
7152	198
7152	106
7152	276
7152	22
7152	242
7153	163
7153	106
7153	276
7154	198
7154	19
7154	348
7155	264
7155	114
7155	198
7155	237
7155	228
7155	242
7156	163
7156	264
7156	114
7156	198
7156	136
7156	228
7156	214
7156	242
7156	225
7157	264
7157	114
7157	326
7157	87
7157	230
7157	242
7157	225
7158	163
7158	314
7158	307
7158	198
7158	136
7158	155
7159	72
7159	114
7159	116
7159	104
7159	223
7159	242
7160	163
7160	264
7160	282
7160	114
7160	198
7160	228
7160	242
7161	245
7161	163
7161	198
7161	96
7161	148
7161	242
7162	26
7162	230
7162	146
7162	10
7162	242
7162	225
7162	317
7163	132
7163	114
7163	104
7163	198
7163	26
7163	226
7163	242
7164	203
7164	264
7164	114
7164	198
7164	155
7164	230
7164	242
7165	114
7165	198
7165	2
7165	19
7165	242
7166	261
7166	7
7166	198
7166	80
7166	242
7167	203
7167	195
7167	198
7167	242
7167	317
7168	264
7168	198
7168	230
7168	209
7168	242
7168	225
7169	203
7169	113
7169	112
7169	198
7169	230
7169	22
7169	214
7169	242
7169	225
7170	163
7170	264
7170	114
7170	198
7170	136
7170	237
7170	214
7170	242
7170	225
7171	132
7171	264
7171	114
7171	198
7171	26
7171	258
7171	242
7172	115
7172	319
7172	198
7172	293
7172	150
7172	242
7172	317
7173	326
7173	230
7173	11
7173	142
7173	214
7173	242
7173	225
7174	267
7174	114
7174	106
7174	10
7174	291
7174	214
7174	242
7175	163
7175	264
7175	130
7175	230
7175	214
7175	242
7175	225
7176	163
7176	264
7176	259
7176	198
7176	237
7176	230
7176	214
7176	242
7176	225
7177	330
7177	195
7177	198
7177	242
7177	317
7178	144
7178	291
7178	242
7179	114
7179	197
7179	326
7179	331
7179	332
7179	242
7179	225
7180	253
7180	80
7180	146
7180	214
7180	291
7181	132
7181	245
7181	264
7181	198
7181	230
7181	214
7181	242
7181	225
7182	223
7182	198
7182	230
7182	22
7182	242
7183	182
7183	30
7183	198
7183	293
7183	148
7183	242
7184	163
7184	203
7184	198
7184	228
7184	258
7184	22
7184	242
7185	245
7185	326
7185	331
7185	198
7185	332
7185	242
7185	171
7186	245
7186	4
7186	114
7186	198
7186	258
7186	148
7186	242
7186	225
7187	261
7187	291
7187	323
7188	245
7188	149
7188	163
7188	264
7188	114
7188	198
7188	242
7188	225
7189	167
7189	264
7189	114
7189	326
7189	230
7189	242
7190	195
7190	198
7190	22
7190	242
7190	317
7191	127
7191	203
7191	330
7191	80
7191	216
7192	264
7192	114
7192	156
7192	198
7192	230
7192	22
7192	214
7192	242
7192	225
7193	163
7193	114
7193	195
7193	198
7193	242
7194	163
7194	203
7194	114
7194	314
7194	198
7194	258
7194	242
7195	203
7195	114
7195	198
7195	230
7195	22
7195	242
7195	225
7196	326
7196	104
7196	198
7196	230
7196	242
7197	261
7197	7
7197	156
7197	331
7197	332
7197	242
7198	264
7198	114
7198	198
7198	228
7198	242
7199	23
7199	81
7199	114
7199	111
7199	104
7199	242
7200	88
7200	203
7200	261
7200	106
7200	22
7200	242
7201	149
7201	264
7201	114
7201	319
7201	198
7201	230
7201	242
7201	225
7202	30
7202	331
7202	98
7202	148
7202	242
7202	225
7203	118
7203	114
7203	331
7203	332
7203	242
7203	225
7204	163
7204	203
7204	114
7204	113
7204	156
7204	198
7204	214
7204	242
7204	225
7205	149
7205	104
7205	146
7205	338
7205	242
7206	132
7206	114
7206	319
7206	198
7206	87
7206	230
7206	242
7207	280
7207	88
7207	114
7207	104
7207	242
7208	203
7208	81
7208	198
7208	288
7208	22
7208	242
7208	225
7209	92
7209	264
7209	261
7209	7
7209	6
7209	291
7209	323
7209	242
7209	317
7210	151
7210	114
7210	198
7210	155
7210	228
7210	144
7210	242
7211	203
7211	81
7211	198
7211	276
7211	209
7211	258
7211	242
7212	152
7212	114
7212	198
7212	26
7212	230
7212	214
7212	242
7212	225
7213	109
7213	114
7213	104
7213	258
7213	337
7213	242
7214	163
7214	114
7214	198
7214	22
7214	242
7215	264
7215	114
7215	104
7215	198
7215	237
7215	242
7216	163
7216	114
7216	331
7216	198
7216	230
7216	142
7216	214
7216	242
7216	225
7217	127
7217	163
7217	319
7217	198
7217	253
7217	80
7217	242
7218	178
7218	156
7218	106
7218	146
7218	10
7218	214
7218	242
7218	44
7219	203
7219	195
7219	146
7220	203
7220	7
7220	156
7220	262
7220	198
7220	150
7220	214
7220	242
7220	225
7221	264
7221	282
7221	104
7221	237
7221	230
7221	323
7221	242
7222	163
7222	298
7222	198
7222	242
7223	163
7223	203
7223	198
7223	228
7223	258
7223	22
7223	242
7224	264
7224	282
7224	319
7224	224
7224	198
7224	230
7224	242
7224	225
7225	127
7225	331
7225	112
7225	147
7225	332
7225	242
7226	163
7226	72
7226	114
7226	116
7226	214
7226	317
7227	110
7227	114
7227	330
7227	230
7227	242
7228	73
7228	203
7228	114
7228	192
7228	104
7228	242
7229	264
7229	114
7229	198
7229	26
7229	302
7229	146
7229	242
7229	225
7230	88
7230	72
7230	114
7230	104
7230	198
7230	155
7230	242
7231	245
7231	91
7231	198
7231	228
7231	86
7231	242
7232	149
7232	163
7232	114
7232	331
7232	332
7232	214
7232	242
7232	225
7233	81
7233	109
7233	114
7233	198
7233	230
7233	214
7233	242
7233	225
7234	264
7234	114
7234	224
7234	198
7234	250
7234	242
7235	88
7235	114
7235	104
7235	198
7235	144
7235	242
7236	163
7236	195
7236	198
7236	26
7236	242
7236	225
7237	163
7237	198
7237	276
7237	209
7237	22
7237	242
7238	114
7238	331
7238	224
7238	86
7238	332
7238	242
7239	264
7239	114
7239	198
7239	230
7239	11
7239	214
7239	225
7239	171
7240	88
7240	72
7240	104
7240	198
7240	155
7240	230
7240	242
7241	114
7241	91
7241	331
7241	144
7241	332
7241	242
7241	225
7242	264
7242	30
7242	198
7242	242
7242	225
7243	149
7243	118
7243	163
7243	114
7243	198
7243	237
7243	214
7243	242
7243	225
7244	264
7244	114
7244	198
7244	316
7244	107
7244	237
7244	242
7245	132
7245	245
7245	263
7245	198
7245	11
7245	214
7245	242
7245	225
7246	203
7246	114
7246	198
7246	107
7246	31
7246	22
7246	214
7246	242
7246	225
7247	264
7247	326
7247	198
7247	230
7247	209
7247	242
7247	225
7248	264
7248	104
7248	195
7248	198
7248	237
7248	242
7249	163
7249	198
7249	106
7249	209
7249	258
7249	147
7249	22
7249	103
7249	242
7250	198
7250	242
7251	203
7251	114
7251	198
7251	230
7251	258
7251	144
7251	242
7251	225
7252	163
7252	203
7252	264
7252	114
7252	198
7252	228
7252	242
7253	245
7253	118
7253	264
7253	114
7253	198
7253	242
7253	225
7254	100
7254	88
7254	114
7254	104
7254	230
7254	242
7255	245
7255	114
7255	198
7255	31
7255	148
7255	301
7255	242
7256	163
7256	166
7256	264
7256	114
7256	198
7256	230
7256	242
7257	116
7257	14
7257	230
7257	258
7257	147
7257	242
7258	203
7258	195
7258	198
7258	22
7258	242
7258	317
7259	149
7259	88
7259	114
7259	7
7259	198
7259	144
7259	214
7259	242
7259	225
7260	264
7260	156
7260	198
7260	237
7260	12
7260	214
7260	242
7260	225
7261	298
7261	198
7261	11
7261	6
7261	33
7261	242
7262	163
7262	264
7262	276
7262	242
7263	163
7263	264
7263	11
7263	80
7263	242
7264	127
7264	331
7264	112
7264	147
7264	332
7264	242
7265	163
7265	264
7265	114
7265	116
7265	198
7265	228
7265	230
7265	242
7266	163
7266	72
7266	116
7266	258
7266	291
7266	214
7266	242
7266	317
7267	163
7267	114
7267	198
7267	106
7267	144
7267	10
7267	214
7267	242
7268	163
7268	264
7268	114
7268	198
7268	230
7268	258
7268	242
7269	104
7269	198
7269	136
7269	22
7269	242
7269	225
7270	114
7270	116
7270	198
7270	237
7270	228
7270	230
7270	214
7270	242
7270	225
7271	97
7271	224
7271	198
7271	242
7271	225
7272	198
7272	230
7272	148
7272	216
7272	242
7273	173
7273	114
7273	198
7273	242
7273	225
7273	317
7274	203
7274	264
7274	198
7274	272
7274	258
7274	22
7274	242
7274	225
7275	264
7275	114
7275	331
7275	219
7275	332
7275	242
7276	88
7276	203
7276	104
7276	198
7276	250
7276	242
7277	127
7277	114
7277	326
7277	331
7277	147
7277	242
7277	225
7278	163
7278	310
7278	264
7278	195
7278	198
7278	230
7278	242
7279	88
7279	203
7279	230
7279	288
7279	22
7279	242
7279	225
7280	163
7280	203
7280	114
7280	116
7280	156
7280	198
7280	214
7280	242
7280	225
7281	23
7281	203
7281	114
7281	198
7281	230
7281	242
7281	225
7282	163
7282	264
7282	114
7282	198
7282	106
7282	214
7282	242
7282	225
7282	317
7283	163
7283	264
7283	114
7283	198
7283	230
7283	242
7284	310
7284	104
7284	198
7284	230
7284	242
7285	163
7285	203
7285	264
7285	125
7285	114
7285	230
7285	209
7285	242
7285	225
7286	264
7286	326
7286	230
7286	146
7286	258
7286	242
7287	198
7287	12
7287	242
7287	225
7288	163
7288	190
7288	198
7288	288
7288	102
7288	216
7288	242
7289	203
7289	195
7289	198
7289	242
7289	317
7290	163
7290	264
7290	114
7290	178
7290	214
7290	242
7290	317
7291	203
7291	81
7291	114
7291	198
7291	106
7291	242
7291	225
7292	163
7292	72
7292	116
7292	198
7292	242
7293	163
7293	264
7293	282
7293	198
7293	242
7294	163
7294	203
7294	264
7294	114
7294	116
7294	198
7294	214
7294	242
7294	225
7295	114
7295	198
7295	98
7295	225
7295	171
7296	163
7296	282
7296	30
7296	198
7296	148
7297	114
7297	156
7297	198
7297	103
7297	242
7298	203
7298	81
7298	198
7298	86
7298	22
7298	216
7298	242
7299	163
7299	264
7299	282
7299	114
7299	156
7299	198
7299	146
7299	242
7299	32
7300	264
7300	282
7300	114
7300	198
7300	230
7300	258
7300	214
7300	242
7300	225
7301	163
7301	263
7301	203
7301	114
7301	261
7301	198
7301	242
7302	163
7302	264
7302	114
7302	198
7302	237
7302	228
7302	242
7302	225
7303	114
7303	104
7303	223
7303	198
7303	237
7303	242
7304	109
7304	224
7304	198
7304	242
7304	225
7305	326
7305	104
7305	198
7305	230
7305	144
7305	242
7306	198
7306	258
7306	144
7306	21
7306	242
7307	203
7307	195
7307	144
7307	242
7307	317
7308	163
7308	91
7308	115
7308	331
7308	148
7308	214
7308	242
7308	225
7309	92
7309	195
7309	285
7310	149
7310	163
7310	264
7310	114
7310	198
7310	237
7310	214
7310	242
7310	225
7311	245
7311	267
7311	230
7311	288
7311	11
7311	225
7312	149
7312	331
7312	297
7312	332
7312	242
7313	72
7313	114
7313	198
7313	237
7313	230
7313	258
7313	242
7313	225
7314	264
7314	114
7314	104
7314	237
7314	214
7314	242
7314	225
7315	104
7315	195
7315	26
7316	163
7316	114
7316	198
7316	26
7316	230
7316	12
7316	242
7317	114
7317	178
7317	224
7317	198
7317	230
7317	258
7317	242
7318	245
7318	203
7318	319
7318	198
7318	242
7318	317
7319	203
7319	327
7319	195
7319	198
7319	242
7319	317
7320	163
7320	264
7320	116
7320	291
7320	214
7320	317
7321	245
7321	163
7321	264
7321	114
7321	198
7321	11
7321	214
7321	242
7321	225
7322	264
7322	114
7322	198
7322	230
7322	258
7322	242
7322	225
7322	317
7323	203
7323	264
7323	282
7323	198
7323	237
7323	242
7324	114
7324	342
7324	104
7324	323
7325	163
7325	72
7325	114
7325	116
7325	291
7325	317
7326	264
7326	114
7326	198
7326	230
7326	258
7326	242
7327	163
7327	264
7327	114
7327	116
7327	198
7327	230
7327	242
7328	264
7328	114
7328	198
7328	237
7328	230
7328	258
7328	242
7328	225
7329	149
7329	163
7329	264
7329	114
7329	198
7329	237
7329	214
7329	242
7329	225
7330	203
7330	264
7330	114
7330	106
7330	226
7330	146
7330	242
7331	264
7331	282
7331	114
7331	230
7331	242
7332	88
7332	114
7332	224
7332	198
7332	242
7332	225
7333	163
7333	72
7333	114
7333	116
7333	198
7333	214
7333	242
7333	317
7334	163
7334	72
7334	114
7334	116
7334	214
7334	242
7334	317
7335	264
7335	114
7335	224
7335	250
7335	242
7336	92
7336	114
7336	198
7336	144
7336	150
7336	214
7336	242
7336	225
7337	163
7337	116
7337	237
7337	230
7337	242
7338	163
7338	264
7338	198
7338	242
7339	163
7339	203
7339	264
7339	114
7339	198
7339	148
7339	242
7340	264
7340	282
7340	114
7340	198
7340	230
7340	242
7340	225
7341	127
7341	163
7341	114
7341	331
7341	147
7341	242
7342	163
7342	302
7342	337
7342	291
7342	317
7344	310
7344	114
7344	198
7344	228
7344	148
7345	163
7345	296
7345	330
7345	195
7345	198
7345	242
7346	108
7346	116
7346	104
7346	230
7346	242
7347	163
7347	264
7347	114
7347	198
7347	237
7347	242
7347	225
7348	245
7348	163
7348	264
7348	198
7348	242
7349	339
7349	203
7349	264
7349	237
7349	230
7349	242
7350	298
7350	224
7350	198
7350	242
7350	225
7351	163
7351	203
7351	114
7351	314
7351	111
7351	198
7351	242
7352	163
7352	264
7352	282
7352	331
7352	230
7352	291
7352	323
7353	163
7353	114
7353	198
7353	230
7353	242
7353	32
7354	81
7354	114
7354	178
7354	327
7354	198
7354	230
7354	242
7354	225
7355	81
7355	264
7355	326
7355	230
7355	146
7355	242
7355	225
7356	163
7356	195
7356	198
7356	316
7356	22
7356	150
7356	242
7357	203
7357	114
7357	198
7357	26
7357	98
7357	242
7357	225
7358	203
7358	114
7358	198
7358	230
7358	96
7358	242
7358	225
7359	264
7359	114
7359	198
7359	155
7359	228
7359	230
7359	242
7360	245
7360	264
7360	237
7360	242
7361	114
7361	178
7361	198
7361	106
7361	146
7361	10
7361	214
7361	242
7362	163
7362	264
7362	114
7362	331
7362	332
7362	242
7363	270
7363	264
7363	114
7363	178
7363	198
7363	242
7364	92
7364	114
7364	261
7364	323
7365	264
7365	114
7365	178
7365	198
7365	230
7365	214
7365	242
7365	225
7366	163
7366	264
7366	114
7366	116
7366	198
7366	230
7366	242
7366	225
7367	109
7367	114
7367	198
7367	242
7368	163
7368	264
7368	114
7368	198
7368	148
7368	214
7368	242
7368	225
7369	114
7369	198
7369	107
7369	258
7369	242
7370	264
7370	144
7370	216
7370	242
7371	163
7371	134
7371	203
7371	115
7371	198
7371	230
7371	214
7371	242
7371	225
7372	149
7372	264
7372	104
7372	198
7372	146
7372	338
7372	242
7373	118
7373	116
7373	230
7373	242
7374	151
7374	81
7374	114
7374	198
7374	242
7375	264
7375	114
7375	224
7375	198
7375	242
7376	132
7376	114
7376	326
7376	198
7376	288
7376	21
7376	242
7376	225
7377	163
7377	72
7377	114
7377	116
7377	198
7377	214
7377	242
7377	317
7378	81
7378	264
7378	114
7378	198
7378	230
7378	12
7378	214
7378	242
7378	225
7379	163
7379	203
7379	114
7379	326
7379	26
7379	242
7379	225
7380	264
7380	114
7380	178
7380	116
7380	198
7380	242
7380	225
7381	114
7381	198
7381	155
7381	228
7381	242
7382	114
7382	198
7382	214
7382	242
7382	225
7383	261
7383	308
7383	7
7383	6
7383	242
7384	114
7384	116
7384	14
7384	242
7385	114
7385	178
7385	326
7385	230
7385	150
7385	242
7385	225
7386	203
7386	81
7386	114
7386	198
7386	230
7386	258
7386	242
7386	225
7387	264
7387	198
7387	237
7387	228
7388	203
7388	114
7388	198
7388	258
7388	337
7388	242
7388	225
7389	163
7389	264
7389	282
7389	114
7389	228
7389	214
7389	242
7389	225
7390	149
7390	246
7390	264
7390	237
7391	264
7391	114
7391	326
7391	230
7391	242
7392	114
7392	198
7392	26
7392	230
7392	146
7392	242
7392	317
7393	245
7393	88
7393	264
7393	114
7393	198
7393	242
7393	225
7394	163
7394	203
7394	114
7394	198
7394	258
7394	242
7395	72
7395	114
7395	116
7395	276
7395	242
7396	339
7396	282
7396	198
7396	242
7397	163
7397	72
7397	114
7397	116
7397	198
7397	214
7397	242
7397	317
7398	163
7398	203
7398	115
7398	198
7398	22
7398	150
7398	214
7398	242
7398	225
7399	114
7399	314
7399	198
7399	230
7399	258
7399	242
7400	132
7400	264
7400	114
7400	319
7400	198
7400	242
7401	88
7401	203
7401	114
7401	115
7401	198
7401	258
7401	242
7401	225
7402	163
7402	109
7402	264
7402	198
7402	242
7403	163
7403	264
7403	116
7403	198
7403	242
7404	114
7404	30
7404	198
7404	242
7405	163
7405	81
7405	264
7405	114
7405	198
7405	242
7406	310
7406	114
7406	198
7406	228
7406	230
7406	242
7407	114
7407	314
7407	198
7407	230
7407	258
7407	144
7407	216
7407	242
7408	109
7408	114
7408	195
7408	106
7408	230
7408	242
7409	264
7409	116
7409	195
7409	198
7409	228
7409	242
7410	132
7410	339
7410	114
7410	198
7410	242
7411	264
7411	114
7411	198
7411	215
7411	242
7412	163
7412	72
7412	116
7412	198
7413	163
7413	264
7413	346
7413	344
7414	270
7414	114
7414	115
7414	230
7414	276
7414	225
7415	264
7415	282
7415	323
7415	242
7416	114
7416	300
7416	115
7416	258
7416	323
7416	242
7416	225
7417	163
7417	276
7417	146
7417	323
7417	242
7418	114
7418	300
7418	230
7418	276
7418	258
7418	323
7418	242
7418	225
7419	245
7419	108
7419	230
7419	144
7419	291
7419	323
7419	242
7419	225
7420	264
7420	114
7420	237
7420	230
7420	323
7420	242
7420	225
7421	108
7421	96
7421	21
7421	291
7421	323
7421	242
7421	225
7422	264
7422	146
7422	323
7422	242
7423	163
7423	264
7423	331
7423	332
7423	323
7423	242
7423	225
7424	106
7424	146
7424	320
7424	103
7424	323
7424	242
7424	225
7425	115
7425	195
7425	291
7425	323
7425	242
7425	225
7425	255
7426	19
7426	242
7427	114
7427	314
7427	230
7427	276
7427	323
7427	242
7427	225
7428	81
7428	156
7428	26
7428	230
7428	323
7428	242
7428	225
7429	11
7429	291
7429	242
7429	225
7430	11
7430	144
7430	12
7430	291
7430	323
7430	242
7430	225
7431	11
7431	291
7431	225
7432	114
7432	195
7432	258
7432	291
7432	323
7432	225
7433	114
7433	300
7433	113
7433	230
7433	323
7433	225
7434	81
7434	114
7434	80
7434	291
7434	323
7434	225
7435	267
7435	156
7435	112
7435	337
7435	323
7435	225
7436	267
7436	81
7436	276
7436	291
7436	323
7436	242
7436	225
7437	276
7437	258
7437	291
7437	323
7437	242
7437	225
7438	163
7438	114
7438	342
7438	331
7438	332
7438	323
7438	242
7439	114
7439	104
7439	195
7439	146
7439	323
7439	225
7440	114
7440	300
7440	258
7440	323
7440	242
7440	225
7441	114
7441	115
7441	259
7441	198
7441	136
7441	11
7441	146
7441	258
7441	207
7441	242
7441	324
7442	267
7442	323
7442	225
7442	171
7443	114
7443	326
7443	144
7443	291
7443	323
7443	242
7443	225
7444	230
7444	146
7444	10
7444	291
7444	323
7444	242
7444	225
7445	114
7445	300
7445	230
7445	291
7445	242
7446	127
7446	198
7446	106
7446	276
7446	258
7446	207
7446	242
7447	114
7447	111
7447	259
7447	146
7447	258
7447	144
7447	102
7447	291
7447	323
7447	242
7448	114
7448	156
7448	230
7448	323
7448	242
7448	225
7449	203
7449	224
7449	272
7449	291
7449	242
7450	167
7450	267
7450	264
7450	242
7451	118
7451	264
7451	114
7451	116
7451	230
7451	242
7452	277
7452	270
7452	291
7452	323
7452	242
7452	225
7453	230
7453	86
7453	148
7453	242
7454	163
7454	113
7454	195
7454	291
7454	323
7454	242
7455	11
7455	144
7455	12
7455	291
7455	323
7456	114
7456	115
7456	258
7456	323
7456	242
7456	171
7457	267
7457	192
7457	17
7457	291
7457	323
7457	242
7457	225
7458	245
7458	108
7458	88
7458	198
7458	207
7458	242
7459	270
7459	109
7459	136
7459	230
7459	276
7459	291
7459	323
7459	242
7460	114
7460	198
7460	146
7460	258
7460	323
7460	242
7460	171
7461	114
7461	115
7461	291
7461	323
7461	242
7462	163
7462	72
7462	114
7462	116
7462	87
7462	230
7462	323
7462	242
7463	113
7463	156
7463	323
7463	242
7464	109
7464	264
7464	219
7464	230
7464	291
7464	323
7464	242
7464	287
7465	88
7465	228
7465	144
7465	291
7465	323
7465	242
7466	267
7466	80
7466	291
7466	215
7466	242
7467	114
7467	198
7467	258
7467	207
7467	242
7467	171
7468	267
7468	87
7468	150
7468	291
7468	242
7469	267
7469	306
7469	111
7469	136
7469	291
7469	242
7470	26
7470	106
7470	146
7470	291
7470	323
7470	242
7471	132
7471	149
7471	146
7471	291
7471	323
7471	242
7472	151
7472	114
7472	14
7472	230
7472	258
7472	323
7472	242
7472	317
7473	114
7473	115
7473	258
7473	291
7473	323
7473	242
7474	270
7474	109
7474	264
7474	114
7474	26
7474	106
7474	230
7474	146
7474	144
7474	291
7474	323
7474	242
7475	267
7475	146
7475	320
7475	291
7475	323
7475	242
7476	114
7476	230
7476	258
7476	291
7476	323
7476	242
7477	163
7477	264
7477	342
7477	331
7477	332
7477	242
7478	114
7478	300
7478	113
7478	291
7478	323
7478	242
7479	264
7479	224
7479	323
7479	242
7480	267
7480	114
7480	150
7480	291
7480	323
7480	242
7481	267
7481	133
7481	307
7481	230
7481	146
7481	323
7481	242
7482	132
7482	169
7482	182
7482	33
7482	291
7482	242
7483	2
7483	19
7483	242
7484	267
7484	114
7484	178
7484	298
7484	224
7484	230
7484	250
7484	291
7484	242
7485	264
7485	114
7485	237
7485	230
7485	291
7485	323
7485	242
7486	114
7486	195
7486	276
7486	291
7486	323
7486	242
7487	264
7487	114
7487	116
7487	198
7487	146
7487	242
7488	151
7488	114
7488	300
7488	291
7488	323
7488	242
7489	114
7489	113
7489	331
7489	11
7489	291
7489	225
7490	230
7490	146
7490	144
7490	291
7490	242
7491	267
7491	114
7491	291
7491	323
7491	242
7492	203
7492	114
7492	198
7492	293
7492	25
7492	22
7492	242
7493	167
7493	101
7493	331
7493	291
7493	323
7493	242
7494	132
7494	121
7494	114
7494	230
7494	288
7494	146
7494	86
7494	102
7494	323
7494	242
7495	109
7495	264
7495	219
7495	230
7495	242
7496	163
7496	72
7496	114
7496	116
7496	228
7496	87
7496	230
7496	242
7497	114
7497	326
7497	331
7497	224
7497	332
7497	242
7497	225
7498	203
7498	198
7498	106
7498	146
7498	258
7498	207
7498	242
7499	326
7499	198
7499	230
7499	288
7499	142
7499	12
7499	242
7499	225
7500	118
7500	264
7500	116
7500	230
7500	242
7501	276
7501	102
7501	21
7501	291
7501	242
7502	114
7502	195
7502	112
7502	323
7502	242
7503	114
7503	230
7503	258
7503	291
7503	242
7504	109
7504	114
7504	198
7504	136
7504	230
7504	258
7504	242
7504	225
7505	270
7505	114
7505	26
7505	230
7505	253
7505	146
7505	144
7505	320
7505	216
7505	291
7505	242
7506	114
7506	293
7506	25
7506	146
7506	291
7506	242
7507	149
7507	203
7507	114
7507	319
7507	198
7507	119
7507	242
7507	317
7508	203
7508	114
7508	104
7508	316
7508	258
7508	252
7508	242
7509	114
7509	198
7509	31
7509	293
7509	6
7509	33
7509	242
7510	114
7510	198
7510	2
7510	19
7510	242
7511	112
7511	276
7511	213
7511	33
7511	242
7512	88
7512	198
7512	228
7512	230
7512	144
7512	102
7512	242
7513	270
7513	114
7513	331
7513	332
7513	291
7513	225
7514	114
7514	178
7514	87
7514	230
7514	242
7514	225
7515	114
7515	136
7515	230
7515	291
7515	242
7516	81
7516	114
7516	198
7516	230
7516	258
7516	242
7517	291
7517	215
7517	323
7517	242
7518	92
7518	167
7518	203
7518	81
7518	107
7518	276
7518	209
7518	242
7519	151
7519	114
7519	104
7519	115
7519	106
7519	230
7519	209
7519	242
7520	114
7520	113
7520	115
7520	156
7520	198
7520	242
7520	317
7521	203
7521	114
7521	259
7521	198
7521	272
7521	258
7521	33
7521	242
7522	114
7522	259
7522	198
7522	215
7522	207
7522	242
7523	259
7523	198
7523	146
7523	216
7523	207
7523	242
7524	114
7524	259
7524	198
7524	107
7524	106
7524	276
7524	207
7524	242
7525	264
7525	114
7525	259
7525	198
7525	31
7525	242
7526	264
7526	114
7526	259
7526	198
7526	106
7526	258
7526	242
7527	267
7527	114
7527	10
7527	291
7527	214
7527	225
7528	264
7528	114
7528	314
7528	230
7528	226
7528	323
7528	242
7529	264
7529	224
7529	198
7529	237
7529	87
7529	242
7530	132
7530	114
7530	30
7530	230
7530	258
7530	242
7531	114
7531	113
7531	259
7531	230
7531	146
7531	102
7531	291
7531	323
7531	242
7532	267
7532	213
7532	10
7532	291
7532	214
7532	242
7533	203
7533	230
7533	22
7533	291
7533	242
7534	342
7534	195
7534	112
7534	157
7534	242
7534	225
7535	277
7535	72
7535	264
7535	114
7535	116
7535	104
7535	115
7535	223
7535	230
7535	276
7535	209
7535	258
7535	191
7535	242
7536	261
7536	291
7536	323
7536	242
7537	116
7537	237
7537	291
7537	242
7538	203
7538	81
7538	114
7538	116
7538	198
7538	242
7539	114
7539	205
7539	258
7539	291
7539	242
7540	114
7540	115
7540	242
7541	270
7541	157
7541	17
7541	253
7542	146
7542	86
7542	10
7542	291
7542	214
7542	242
7543	31
7543	302
7543	230
7543	291
7543	242
7544	195
7544	26
7544	107
7544	276
7544	291
7544	214
7544	225
7545	277
7545	251
7545	118
7545	264
7545	114
7545	116
7545	104
7545	115
7545	223
7545	237
7545	230
7545	258
7545	191
7545	242
7546	270
7546	267
7546	81
7546	114
7546	195
7546	156
7546	112
7546	11
7546	242
7547	104
7547	195
7547	331
7547	316
7547	80
7547	22
7547	242
7548	132
7548	169
7548	30
7548	104
7548	228
7548	226
7548	242
7549	114
7549	106
7549	258
7549	291
7549	323
7549	207
7549	242
7550	114
7550	198
7550	230
7550	283
7551	264
7551	302
7551	87
7551	226
7551	242
7552	92
7552	151
7552	114
7552	115
7552	230
7552	291
7552	323
7552	242
7553	114
7553	178
7553	331
7553	332
7553	242
7553	225
7554	118
7554	264
7554	114
7554	116
7554	104
7554	115
7554	106
7554	237
7554	230
7554	258
7554	242
7555	163
7555	114
7555	116
7555	198
7555	87
7555	230
7555	242
7556	114
7556	198
7556	237
7556	228
7556	230
7556	144
7556	242
7556	225
7557	114
7557	116
7557	259
7557	136
7557	230
7557	146
7557	148
7557	291
7557	323
7557	242
7558	167
7558	264
7558	323
7558	242
7559	114
7559	115
7559	331
7559	332
7559	242
7559	225
7560	132
7560	163
7560	114
7560	146
7560	291
7560	323
7560	242
7561	114
7561	300
7561	195
7561	230
7561	258
7561	291
7561	323
7561	242
7562	132
7562	149
7562	151
7562	344
7563	114
7563	258
7563	144
7563	291
7563	323
7563	242
7564	230
7564	11
7564	291
7564	242
7565	114
7565	178
7565	198
7565	136
7565	19
7565	242
7565	225
7566	114
7566	198
7566	2
7566	146
7566	207
7566	242
7567	114
7567	232
7567	198
7567	146
7567	258
7567	242
7568	114
7568	113
7568	331
7568	332
7568	242
7569	313
7569	163
7569	267
7569	121
7569	264
7569	114
7569	113
7569	259
7569	291
7569	323
7569	242
7570	264
7570	282
7570	114
7570	314
7570	198
7570	226
7570	242
7571	267
7571	81
7571	114
7571	223
7571	146
7571	323
7571	242
7572	95
7572	114
7572	314
7572	223
7572	33
7572	291
7572	323
7572	242
7573	114
7573	116
7573	104
7573	14
7573	242
7574	132
7574	149
7574	104
7574	319
7574	146
7574	216
7574	242
7575	132
7575	114
7575	198
7575	26
7575	230
7575	226
7575	146
7575	258
7575	242
7576	114
7576	104
7576	198
7576	230
7576	146
7576	258
7576	242
7577	243
7577	242
7578	163
7578	114
7578	288
7578	142
7578	102
7578	242
7578	62
7579	167
7579	267
7579	203
7579	114
7579	195
7579	230
7579	242
7580	81
7580	114
7580	155
7580	291
7580	323
7580	242
7581	114
7581	300
7581	115
7581	106
7581	230
7581	242
7582	326
7582	198
7582	230
7582	226
7582	146
7582	258
7582	242
7583	203
7583	114
7583	146
7583	258
7583	242
7584	106
7584	146
7584	10
7584	291
7584	214
7584	242
7585	97
7585	163
7585	203
7585	230
7585	291
7585	323
7585	242
7586	264
7586	114
7586	198
7586	146
7586	10
7586	242
7587	114
7587	198
7587	230
7587	293
7587	146
7587	242
7588	339
7588	114
7588	133
7588	116
7588	198
7588	237
7588	228
7588	230
7588	226
7588	144
7588	242
7589	270
7589	81
7589	265
7589	306
7589	2
7589	230
7589	242
7590	224
7590	198
7590	146
7590	144
7590	207
7590	242
7591	203
7591	115
7591	230
7591	144
7591	22
7591	214
7591	242
7591	225
7592	203
7592	114
7592	198
7592	26
7592	107
7592	22
7592	242
7593	134
7593	114
7593	198
7593	136
7593	11
7593	242
7593	225
7594	18
7594	114
7594	198
7594	26
7594	230
7594	11
7594	242
7595	195
7595	276
7595	283
7596	267
7596	114
7596	10
7596	214
7596	291
7597	114
7597	300
7597	115
7597	258
7597	207
7597	242
7598	114
7598	115
7598	302
7598	230
7598	258
7598	242
7599	261
7599	330
7599	198
7599	150
7599	242
7600	182
7600	31
7600	302
7600	230
7600	291
7600	323
7600	242
7601	270
7601	104
7601	148
7601	291
7601	242
7602	132
7602	114
7602	276
7602	146
7602	86
7602	323
7602	242
7603	114
7603	224
7603	198
7603	230
7603	146
7603	250
7603	242
7603	225
7604	267
7604	146
7604	10
7604	291
7604	214
7604	242
7605	132
7605	114
7605	30
7605	198
7605	146
7605	86
7605	148
7605	242
7606	114
7606	104
7606	195
7606	198
7606	146
7606	144
7606	242
7607	104
7607	80
7607	146
7607	86
7607	242
7608	114
7608	230
7608	258
7608	291
7608	323
7608	242
7609	114
7609	104
7609	224
7609	198
7609	144
7609	242
7610	114
7610	30
7610	198
7610	11
7610	146
7610	214
7610	242
7610	225
7611	95
7611	114
7611	259
7611	198
7611	146
7611	258
7611	242
7612	114
7612	104
7612	224
7612	146
7612	242
7613	132
7613	114
7613	230
7613	146
7613	148
7613	102
7613	291
7613	323
7613	242
7614	163
7614	264
7614	114
7614	116
7614	198
7614	26
7614	228
7614	242
7615	203
7615	114
7615	198
7615	11
7615	33
7615	242
7616	104
7616	198
7616	119
7616	230
7616	242
7617	151
7617	114
7617	198
7617	146
7617	258
7617	242
7618	114
7618	326
7618	104
7618	198
7618	230
7618	146
7618	242
7619	300
7619	115
7619	198
7619	302
7619	146
7619	258
7619	242
7620	113
7620	156
7620	198
7621	114
7621	146
7621	102
7621	291
7621	323
7621	242
7622	156
7622	11
7622	102
7622	291
7622	323
7622	242
7623	109
7623	331
7623	146
7623	22
7623	337
7623	242
7623	225
7624	114
7624	115
7624	205
7624	242
7625	114
7625	230
7625	209
7625	102
7625	191
7625	242
7625	225
7626	195
7626	198
7626	258
7626	207
7626	242
7626	225
7627	114
7627	116
7627	198
7627	230
7627	258
7627	242
7628	114
7628	331
7628	11
7628	146
7628	242
7628	225
7629	245
7629	81
7629	121
7629	114
7629	104
7629	146
7629	242
7630	203
7630	114
7630	113
7630	106
7630	230
7630	242
7631	245
7631	108
7631	264
7631	114
7631	116
7631	198
7631	242
7632	97
7632	104
7632	223
7632	228
7632	242
7633	114
7633	327
7633	198
7633	230
7633	258
7634	132
7634	114
7634	30
7634	198
7634	230
7634	12
7634	242
7634	225
7635	267
7635	306
7635	205
7635	209
7635	242
7636	203
7636	264
7636	114
7636	104
7636	31
7636	302
7636	242
7637	270
7637	151
7637	104
7637	230
7637	242
7638	109
7638	114
7638	258
7638	291
7638	323
7638	242
7639	166
7639	198
7639	11
7639	242
7639	225
7640	114
7640	115
7640	198
7640	205
7640	242
7641	134
7641	114
7641	198
7641	146
7641	214
7641	242
7641	225
7642	114
7642	150
7642	252
7642	323
7642	242
7643	114
7643	326
7643	258
7643	144
7643	252
7643	242
7643	225
7644	114
7644	198
7644	230
7644	146
7644	258
7644	214
7644	225
7644	171
7645	88
7645	114
7645	104
7645	195
7645	198
7645	242
7646	163
7646	72
7646	264
7646	116
7646	198
7646	230
7646	242
7647	245
7647	109
7647	114
7647	242
7647	51
7648	114
7648	115
7648	198
7648	106
7648	146
7648	258
7648	103
7649	111
7649	116
7649	259
7649	22
7649	291
7649	323
7649	242
7650	163
7650	264
7650	114
7650	198
7650	258
7650	144
7650	242
7651	306
7651	104
7651	288
7651	258
7651	102
7651	242
7652	291
7652	323
7652	242
7653	132
7653	108
7653	198
7653	26
7653	146
7653	21
7653	242
7654	339
7654	114
7654	198
7654	346
7654	228
7654	344
7655	114
7655	306
7655	104
7655	331
7655	136
7655	146
7655	242
7656	118
7656	163
7656	203
7656	264
7656	198
7656	230
7656	242
7657	264
7657	198
7657	228
7657	242
7657	225
7658	114
7658	198
7658	230
7658	11
7658	146
7658	12
7658	214
7658	242
7658	225
7659	203
7659	114
7659	107
7659	144
7659	22
7659	242
7659	225
7660	163
7660	264
7660	198
7660	230
7660	258
7660	207
7660	242
7661	26
7661	146
7661	10
7661	291
7661	242
7662	114
7662	326
7662	198
7662	230
7662	146
7662	10
7662	214
7662	242
7662	225
7663	245
7663	23
7663	163
7663	264
7663	326
7663	198
7663	230
7663	242
7664	114
7664	259
7664	198
7664	136
7664	146
7664	258
7664	22
7665	127
7665	104
7665	331
7665	146
7665	332
7665	242
7666	114
7666	259
7666	198
7666	136
7666	146
7666	258
7666	22
7666	242
7667	132
7667	114
7667	198
7667	230
7667	146
7667	214
7667	242
7667	225
7668	72
7668	114
7668	198
7668	155
7668	237
7668	230
7668	242
7668	225
7669	203
7669	114
7669	198
7669	106
7669	258
7669	337
7669	242
7669	225
7670	114
7670	91
7670	259
7670	198
7670	226
7670	242
7671	198
7671	31
7671	302
7671	146
7671	242
7671	225
7672	203
7672	81
7672	114
7672	116
7672	198
7672	230
7672	214
7672	242
7672	225
7673	132
7673	108
7673	88
7673	198
7673	21
7673	242
7674	152
7674	114
7674	198
7674	146
7674	258
7674	242
7674	225
7675	114
7675	198
7675	142
7675	146
7675	242
7676	114
7676	115
7676	198
7676	258
7676	207
7676	242
7677	114
7677	326
7677	198
7677	230
7677	146
7677	258
7677	242
7677	225
7678	203
7678	114
7678	198
7678	230
7678	258
7678	22
7678	242
7678	225
7679	163
7679	264
7679	114
7679	198
7679	237
7679	11
7679	214
7679	242
7679	225
7680	151
7680	203
7680	114
7680	198
7680	22
7680	242
7681	259
7681	198
7681	26
7681	146
7681	258
7681	214
7681	207
7681	242
7681	225
7682	246
7682	114
7682	319
7682	198
7682	230
7682	258
7682	242
7682	225
7683	109
7683	198
7683	258
7683	207
7683	242
7684	114
7684	104
7684	259
7684	198
7684	146
7684	338
7684	258
7684	242
7685	339
7685	114
7685	198
7685	146
7685	213
7685	242
7685	225
7686	298
7686	198
7686	258
7686	207
7686	242
7687	163
7687	203
7687	264
7687	114
7687	116
7687	198
7687	230
7687	242
7688	114
7688	157
7688	198
7688	230
7688	146
7688	258
7688	242
7688	225
7689	132
7689	114
7689	198
7689	230
7689	148
7689	214
7689	242
7689	225
7690	88
7690	114
7690	115
7690	198
7690	26
7690	214
7690	225
7690	171
7691	267
7691	114
7691	115
7691	198
7691	10
7691	214
7691	242
7692	92
7692	114
7692	115
7692	198
7692	258
7692	213
7692	214
7692	242
7692	225
7693	163
7693	109
7693	198
7693	11
7693	258
7693	207
7693	242
7694	132
7694	88
7694	114
7694	198
7694	230
7694	242
7694	225
7695	339
7695	114
7695	195
7695	259
7695	198
7695	146
7695	258
7695	242
7696	104
7696	80
7696	22
7696	242
7697	114
7697	198
7697	209
7697	258
7697	22
7697	242
7698	282
7698	114
7698	198
7698	107
7698	230
7698	258
7698	242
7698	225
7699	114
7699	198
7699	230
7699	146
7699	258
7699	214
7699	242
7699	225
7700	109
7700	114
7700	104
7700	331
7700	144
7700	332
7700	242
7701	263
7701	114
7701	259
7701	198
7701	288
7701	242
7702	163
7702	203
7702	264
7702	114
7702	116
7702	198
7702	242
7703	245
7703	114
7703	198
7703	96
7703	293
7703	258
7703	214
7703	242
7703	225
7704	245
7704	114
7704	91
7704	198
7704	228
7704	258
7704	242
7705	114
7705	198
7705	230
7705	258
7705	22
7705	242
7705	225
7706	166
7706	114
7706	198
7706	146
7706	258
7706	22
7706	242
7707	109
7707	114
7707	195
7707	106
7707	230
7707	242
7708	109
7708	114
7708	198
7708	14
7708	230
7708	258
7708	242
7708	225
7709	151
7709	267
7709	136
7709	230
7709	214
7709	242
7709	225
7710	264
7710	157
7710	237
7710	230
7710	214
7710	242
7710	225
7711	339
7711	282
7711	114
7711	198
7711	258
7711	10
7711	242
7711	225
7712	224
7712	198
7712	258
7712	250
7712	207
7712	242
7713	114
7713	104
7713	331
7713	146
7713	242
7714	198
7714	11
7714	242
7714	225
7715	114
7715	198
7715	31
7715	302
7715	258
7715	207
7715	242
7716	88
7716	203
7716	114
7716	259
7716	198
7716	146
7716	242
7717	114
7717	326
7717	198
7717	26
7717	288
7717	146
7717	214
7717	242
7717	225
7718	109
7718	198
7718	230
7718	22
7718	337
7718	214
7718	207
7718	242
7718	225
7719	267
7719	114
7719	198
7719	136
7719	107
7719	242
7720	114
7720	198
7720	230
7720	288
7720	213
7720	242
7720	225
7721	109
7721	114
7721	198
7721	230
7721	258
7721	337
7721	242
7721	225
7722	245
7722	339
7722	114
7722	198
7722	146
7722	258
7722	242
7722	225
7723	245
7723	114
7723	198
7723	242
7723	225
7724	114
7724	326
7724	258
7724	150
7724	252
7724	242
7724	225
7725	114
7725	195
7725	198
7725	107
7725	276
7725	142
7725	214
7725	242
7725	225
7726	114
7726	198
7726	276
7726	258
7726	22
7726	21
7726	242
7726	225
7727	114
7727	198
7727	258
7727	144
7727	150
7727	214
7727	242
7727	225
7728	245
7728	114
7728	326
7728	198
7728	230
7728	288
7728	242
7728	225
7729	104
7729	115
7729	198
7729	136
7729	258
7729	207
7729	242
7730	114
7730	198
7730	230
7730	86
7730	207
7730	242
7731	264
7731	114
7731	195
7731	198
7731	228
7731	242
7732	313
7732	114
7732	259
7732	198
7732	258
7732	150
7732	242
7733	114
7733	198
7733	230
7733	293
7733	242
7734	339
7734	264
7734	114
7734	198
7734	237
7734	228
7734	242
7734	225
7735	163
7735	88
7735	203
7735	264
7735	114
7735	198
7735	214
7735	242
7735	225
7736	81
7736	114
7736	116
7736	258
7736	144
7736	214
7736	242
7736	225
7737	151
7737	203
7737	114
7737	198
7737	22
7737	150
7737	214
7737	242
7737	225
7738	114
7738	104
7738	198
7738	22
7738	242
7739	88
7739	114
7739	198
7739	96
7739	144
7739	242
7739	225
7740	264
7740	114
7740	331
7740	22
7740	332
7740	242
7740	225
7741	163
7741	264
7741	282
7741	114
7741	198
7741	237
7741	214
7741	242
7741	225
7742	298
7742	224
7742	198
7742	242
7742	225
7743	151
7743	81
7743	114
7743	198
7743	155
7743	228
7743	242
7744	114
7744	198
7744	230
7744	242
7745	114
7745	111
7745	259
7745	198
7745	242
7746	114
7746	326
7746	230
7746	258
7746	150
7746	214
7746	242
7746	225
7747	270
7747	203
7747	114
7747	259
7747	198
7747	258
7747	214
7747	242
7747	225
7748	81
7748	114
7748	198
7748	155
7748	106
7748	258
7748	242
7748	225
7749	88
7749	203
7749	114
7749	198
7749	258
7749	214
7749	242
7749	225
7750	114
7750	115
7750	198
7750	26
7750	337
7750	214
7750	242
7750	225
7751	114
7751	326
7751	198
7751	26
7751	288
7751	214
7751	242
7751	225
7752	203
7752	114
7752	259
7752	198
7752	26
7752	214
7752	242
7752	225
7753	114
7753	258
7753	291
7753	207
7753	242
7754	102
7754	291
7754	323
7754	242
7755	114
7755	192
7755	198
7755	242
7756	114
7756	259
7756	198
7756	258
7756	242
7757	203
7757	114
7757	198
7757	80
7757	150
7757	242
7757	225
7757	79
7758	113
7758	115
7758	156
7758	230
7758	103
7758	291
7758	323
7758	242
7759	163
7759	264
7759	114
7759	113
7759	195
7759	291
7759	323
7759	242
7760	81
7760	114
7760	106
7760	230
7760	242
7760	5
7761	114
7761	30
7761	198
7761	230
7761	148
7761	242
7761	225
7761	336
7762	114
7762	113
7762	31
7762	302
7762	337
7762	225
7763	72
7763	114
7763	198
7763	130
7763	230
7763	242
7763	225
7763	255
7764	114
7764	115
7764	195
7764	291
7764	242
7764	225
7764	255
7765	127
7765	203
7765	300
7765	198
7765	258
7765	207
7765	242
7765	225
7766	114
7766	156
7766	198
7766	130
7766	230
7766	242
7766	225
7766	255
7767	267
7767	26
7767	276
7767	102
7767	291
7767	242
7767	225
7768	114
7768	113
7768	230
7768	291
7768	323
7768	242
7768	225
7769	30
7769	26
7769	12
7769	291
7769	242
7769	225
7769	34
7770	114
7770	156
7770	198
7770	230
7770	22
7770	242
7770	225
7770	5
7771	114
7771	300
7771	113
7771	291
7771	323
7771	242
7771	225
7771	317
7772	163
7772	114
7772	300
7772	291
7772	323
7772	242
7773	114
7773	113
7773	198
7773	31
7773	230
7773	258
7773	323
7773	242
7773	225
7774	114
7774	113
7774	230
7774	258
7774	291
7774	242
7774	225
7775	245
7775	114
7775	230
7775	242
7775	225
7775	255
7775	5
7776	203
7776	198
7776	106
7776	276
7776	209
7776	258
7776	242
7776	225
7777	251
7777	237
7777	230
7777	291
7777	323
7777	242
7777	225
7778	134
7778	114
7778	198
7778	237
7778	230
7778	276
7778	242
7778	225
7779	88
7779	203
7779	26
7779	230
7779	291
7779	242
7779	225
7780	203
7780	264
7780	114
7780	31
7780	230
7780	225
7781	114
7781	198
7781	130
7781	230
7781	276
7781	258
7781	242
7781	225
7782	114
7782	31
7782	276
7782	209
7782	33
7782	225
7782	317
7783	167
7783	114
7783	198
7783	130
7783	230
7783	258
7783	242
7783	225
7784	270
7784	114
7784	331
7784	332
7784	291
7784	242
7784	225
7785	114
7785	195
7785	258
7785	150
7785	323
7785	242
7785	225
7785	171
7786	114
7786	115
7786	195
7786	276
7786	291
7786	242
7786	225
7787	114
7787	113
7787	230
7787	146
7787	323
7787	242
7787	225
7787	171
7788	114
7788	265
7788	223
7788	198
7788	230
7788	258
7788	242
7788	225
7789	30
7789	26
7789	11
7789	12
7789	291
7789	242
7789	225
7790	73
7790	163
7790	114
7790	198
7790	230
7790	293
7790	225
7791	267
7791	121
7791	114
7791	230
7791	291
7791	323
7791	242
7791	225
7792	203
7792	114
7792	230
7792	291
7792	323
7792	242
7792	225
7793	121
7793	114
7793	14
7793	130
7793	230
7793	242
7793	225
7794	264
7794	114
7794	219
7794	198
7794	237
7794	230
7794	242
7794	225
7795	198
7795	14
7795	130
7795	230
7795	242
7795	225
7795	5
7796	203
7796	114
7796	198
7796	230
7796	258
7796	291
7796	225
7796	283
7796	241
7797	163
7797	264
7797	114
7797	30
7797	291
7797	242
7797	225
7798	114
7798	198
7798	136
7798	230
7798	276
7798	258
7798	242
7798	225
7799	264
7799	114
7799	113
7799	230
7799	242
7799	225
7799	171
7800	132
7800	203
7800	114
7800	342
7800	33
7800	242
7800	225
7801	114
7801	300
7801	113
7801	230
7801	225
7802	26
7802	11
7802	86
7802	291
7802	242
7802	225
7802	34
7803	245
7803	114
7803	198
7803	230
7803	258
7803	225
7804	203
7804	114
7804	198
7804	230
7804	276
7804	258
7804	242
7804	225
7805	267
7805	81
7805	11
7805	12
7805	291
7805	242
7805	225
7806	11
7806	98
7806	12
7806	291
7806	242
7806	225
7807	114
7807	113
7807	106
7807	291
7807	242
7807	225
7807	255
7808	114
7808	198
7808	185
7808	19
7808	242
7809	203
7809	114
7809	115
7809	258
7809	22
7809	242
7809	225
7810	270
7810	114
7810	178
7810	291
7810	242
7810	225
7810	255
7811	114
7811	326
7811	198
7811	230
7811	288
7811	142
7811	242
7812	163
7812	264
7812	114
7812	198
7812	237
7812	230
7812	225
7813	267
7813	114
7813	115
7813	258
7813	291
7813	242
7813	225
7814	118
7814	114
7814	198
7814	228
7814	230
7814	354
7814	345
7814	374
7814	242
7815	203
7815	264
7815	114
7815	113
7815	198
7815	230
7815	242
7815	225
7815	32
7815	324
7816	264
7816	282
7816	114
7816	198
7816	237
7816	230
7816	242
7816	225
7817	114
7817	113
7817	230
7817	146
7817	160
7817	242
7817	225
7817	317
7817	324
7818	203
7818	264
7818	114
7818	276
7818	258
7818	242
7818	225
7818	324
7819	114
7819	178
7819	195
7819	112
7819	323
7819	242
7819	225
7820	245
7820	114
7820	178
7820	230
7820	242
7820	225
7820	255
7821	132
7821	30
7821	293
7821	148
7821	242
7821	34
7821	324
7822	310
7822	264
7822	237
7822	230
7822	21
7822	242
7822	225
7823	114
7823	259
7823	198
7823	230
7823	250
7823	207
7823	242
7823	324
7824	109
7824	114
7824	113
7824	259
7824	198
7824	230
7824	242
7824	324
7825	114
7825	300
7825	198
7825	80
7825	242
7825	5
7825	324
7826	114
7826	198
7826	228
7826	291
7826	207
7826	242
7826	171
7827	264
7827	326
7827	26
7827	230
7827	144
7827	242
7827	225
7828	270
7828	163
7828	195
7828	112
7828	323
7828	242
7828	225
7829	230
7829	144
7829	250
7829	207
7829	242
7829	279
7829	324
7830	182
7830	267
7830	203
7830	293
7830	146
7830	242
7830	225
7831	114
7831	300
7831	113
7831	198
7831	11
7831	207
7831	242
7831	225
7831	324
7832	127
7832	264
7832	114
7832	113
7832	223
7832	259
7832	107
7832	106
7832	230
7832	276
7832	258
7832	147
7832	320
7832	242
7832	225
7832	255
7832	324
7833	203
7833	26
7833	107
7833	276
7833	291
7833	323
7833	242
7833	225
7834	203
7834	81
7834	121
7834	208
7834	323
7834	242
7834	225
7835	127
7835	264
7835	114
7835	113
7835	223
7835	259
7835	198
7835	107
7835	106
7835	230
7835	276
7835	258
7835	320
7835	242
7835	225
7835	255
7835	324
7836	163
7836	72
7836	114
7836	116
7836	198
7836	230
7836	225
7837	163
7837	264
7837	114
7837	198
7837	242
7837	324
7838	114
7838	331
7838	224
7838	332
7838	242
7839	95
7839	114
7839	115
7839	198
7839	230
7839	207
7839	242
7839	225
7839	317
7840	168
7840	157
7840	230
7840	144
7840	242
7840	225
7841	114
7841	178
7841	106
7841	230
7841	291
7841	242
7841	225
7841	255
7842	114
7842	198
7842	14
7842	258
7842	242
7842	225
7842	289
7843	264
7843	114
7843	300
7843	326
7843	224
7843	198
7843	225
7843	32
7844	114
7844	230
7844	258
7844	144
7844	243
7844	242
7844	225
7845	264
7845	114
7845	198
7845	230
7845	213
7845	242
7845	225
7845	324
7846	339
7846	264
7846	106
7846	291
7846	323
7846	242
7846	225
7847	203
7847	114
7847	258
7847	144
7847	252
7847	242
7847	225
7848	88
7848	203
7848	114
7848	198
7848	230
7848	258
7848	242
7848	225
7849	264
7849	114
7849	113
7849	219
7849	198
7849	230
7849	242
7849	225
7850	114
7850	113
7850	230
7850	80
7850	252
7850	242
7850	225
7850	324
7851	114
7851	198
7851	230
7851	146
7851	148
7851	242
7851	225
7851	317
7852	132
7852	114
7852	198
7852	230
7852	86
7852	258
7852	225
7853	203
7853	114
7853	115
7853	198
7853	258
7853	225
7854	114
7854	198
7854	107
7854	230
7854	146
7854	258
7854	242
7854	225
7855	203
7855	109
7855	114
7855	198
7855	230
7855	258
7855	242
7856	168
7856	203
7856	157
7856	198
7856	237
7856	230
7856	225
7857	264
7857	282
7857	114
7857	198
7857	237
7857	228
7857	242
7858	163
7858	114
7858	230
7858	291
7858	323
7858	242
7858	225
7859	264
7859	282
7859	198
7859	237
7859	228
7859	230
7859	242
7860	251
7860	198
7860	136
7860	230
7860	22
7860	207
7860	242
7861	132
7861	245
7861	108
7861	21
7861	291
7861	225
7862	163
7862	109
7862	264
7862	114
7862	144
7862	242
7862	225
7863	203
7863	114
7863	230
7863	144
7863	252
7863	225
7864	109
7864	114
7864	257
7864	230
7864	252
7864	242
7864	225
7864	324
7865	203
7865	114
7865	106
7865	276
7865	258
7865	225
7866	203
7866	114
7866	113
7866	156
7866	198
7866	26
7866	106
7866	230
7866	103
7866	33
7866	207
7866	242
7867	109
7867	114
7867	156
7867	209
7867	103
7867	242
7868	149
7868	270
7868	114
7868	26
7868	291
7868	323
7868	242
7869	114
7869	113
7869	291
7869	323
7870	267
7870	26
7870	230
7870	291
7870	323
7870	242
7870	225
7871	203
7871	109
7871	114
7871	115
7871	198
7871	258
7871	242
7871	225
7872	149
7872	88
7872	167
7872	114
7872	331
7872	242
7873	109
7873	114
7873	115
7873	198
7873	106
7873	230
7873	258
7873	337
7873	150
7873	207
7873	242
7873	85
7874	264
7874	114
7874	300
7874	198
7874	237
7874	230
7874	242
7874	225
7875	114
7875	116
7875	198
7875	14
7875	230
7875	242
7875	225
7875	324
7876	149
7876	114
7876	300
7876	242
7876	225
7876	34
7876	324
7877	109
7877	114
7877	230
7877	258
7877	337
7877	242
7877	225
7878	203
7878	114
7878	300
7878	230
7878	144
7878	225
7879	203
7879	114
7879	230
7879	258
7879	144
7879	242
7879	225
7880	326
7880	26
7880	230
7880	207
7880	242
7880	5
7881	72
7881	114
7881	113
7881	198
7881	258
7881	242
7881	225
7881	317
7882	114
7882	26
7882	106
7882	323
7882	242
7882	225
7882	171
7883	114
7883	230
7883	258
7883	144
7883	252
7883	242
7883	225
7884	203
7884	114
7884	272
7884	230
7884	258
7884	242
7884	225
7885	313
7885	114
7885	300
7885	198
7885	136
7885	230
7885	242
7886	270
7886	114
7886	219
7886	106
7886	31
7886	302
7886	230
7886	242
7887	203
7887	114
7887	26
7887	258
7887	291
7887	242
7887	225
7888	264
7888	282
7888	237
7888	230
7888	291
7888	242
7889	114
7889	326
7889	198
7889	11
7889	98
7889	12
7889	242
7889	225
7890	81
7890	114
7890	106
7890	230
7890	258
7890	242
7890	225
7891	149
7891	264
7891	114
7891	224
7891	198
7891	230
7891	242
7891	225
7892	114
7892	113
7892	26
7892	230
7892	258
7892	225
7893	132
7893	108
7893	113
7893	326
7893	198
7893	26
7893	230
7893	11
7893	142
7893	96
7893	21
7894	114
7894	113
7894	198
7894	230
7894	323
7894	242
7894	171
7895	113
7895	198
7895	237
7895	230
7895	213
7895	207
7895	242
7895	225
7896	114
7896	26
7896	230
7896	291
7896	242
7896	225
7896	255
7897	264
7897	114
7897	230
7897	258
7897	144
7897	242
7897	225
7898	114
7898	198
7898	237
7898	230
7898	144
7898	12
7898	242
7898	225
7899	114
7899	198
7899	136
7899	258
7899	337
7899	242
7899	225
7899	317
7900	264
7900	282
7900	237
7900	228
7900	291
7900	323
7900	242
7901	92
7901	203
7901	114
7901	198
7901	130
7901	230
7901	214
7901	242
7901	225
7902	168
7902	81
7902	114
7902	130
7902	230
7902	242
7902	225
7903	114
7903	30
7903	198
7903	230
7903	148
7903	12
7903	242
7903	225
7904	114
7904	259
7904	198
7904	19
7904	242
7905	264
7905	114
7905	300
7905	224
7905	198
7905	230
7905	242
7905	225
7906	246
7906	114
7906	230
7906	276
7906	144
7906	283
7906	241
7907	264
7907	282
7907	114
7907	115
7907	258
7907	225
7908	203
7908	114
7908	198
7908	106
7908	31
7908	258
7908	225
7909	163
7909	151
7909	203
7909	264
7909	114
7909	198
7909	214
7909	242
7909	225
7910	163
7910	114
7910	259
7910	291
7910	323
7910	242
7911	203
7911	114
7911	115
7911	198
7911	230
7911	207
7911	242
7911	225
7911	317
7912	270
7912	114
7912	113
7912	195
7912	242
7912	225
7912	85
7913	114
7913	115
7913	230
7913	291
7913	242
7913	225
7913	5
7914	163
7914	264
7914	282
7914	114
7914	198
7914	230
7914	214
7914	242
7914	225
7914	324
7915	163
7915	264
7915	114
7915	198
7915	130
7915	214
7915	242
7915	225
7915	83
7916	114
7916	106
7916	230
7916	258
7916	323
7916	225
7917	114
7917	326
7917	230
7917	148
7917	21
7917	242
7917	225
7918	270
7918	114
7918	113
7918	291
7918	323
7918	242
7918	225
7919	270
7919	195
7919	198
7919	185
7919	205
7919	2
7919	19
7919	242
7920	114
7920	115
7920	258
7920	291
7920	242
7920	225
7920	5
7921	114
7921	198
7921	26
7921	130
7921	11
7921	214
7921	242
7921	225
7921	171
7922	203
7922	114
7922	198
7922	130
7922	230
7922	258
7922	214
7922	242
7922	225
7923	114
7923	230
7923	258
7923	144
7923	252
7923	214
7923	242
7923	225
7924	224
7924	230
7924	242
7924	114
7924	259
7925	224
7925	230
7925	242
7925	114
7925	259
7926	270
7926	264
7926	114
7926	107
7926	230
7926	323
7926	242
7926	225
7927	163
7927	203
7927	264
7927	114
7927	198
7927	130
7927	214
7927	242
7927	225
7927	324
7928	203
7928	114
7928	258
7928	144
7928	242
7928	225
7928	289
7929	97
7929	114
7929	115
7929	198
7929	258
7929	207
7929	242
7929	225
7929	317
7930	149
7930	198
7930	230
7930	80
7930	293
7930	242
7931	267
7931	203
7931	114
7931	230
7931	242
7931	225
7931	289
7932	114
7932	331
7932	107
7932	228
7932	332
7932	242
7932	225
7933	270
7933	203
7933	81
7933	114
7933	198
7933	258
7933	242
7933	225
7933	171
7934	114
7934	230
7934	144
7934	150
7934	252
7934	242
7934	225
7935	114
7935	198
7935	228
7935	230
7935	258
7935	242
7936	264
7936	114
7936	113
7936	195
7936	156
7936	198
7936	242
7936	225
7936	32
7936	324
7937	114
7937	106
7937	276
7937	258
7937	144
7937	323
7937	242
7937	225
7938	203
7938	114
7938	198
7938	272
7938	230
7938	258
7938	242
7938	225
7939	264
7939	114
7939	198
7939	155
7939	230
7939	242
7939	225
7940	92
7940	203
7940	114
7940	195
7940	198
7940	230
7940	242
7941	114
7941	198
7941	230
7941	213
7941	242
7941	225
7941	83
7941	324
7942	114
7942	113
7942	106
7942	230
7942	291
7942	242
7942	225
7943	163
7943	264
7943	114
7943	198
7943	87
7943	230
7943	214
7943	242
7943	225
7944	264
7944	114
7944	230
7944	276
7944	102
7944	323
7944	242
7944	225
7945	203
7945	114
7945	326
7945	230
7945	12
7945	214
7945	242
7945	225
7946	114
7946	230
7946	323
7946	242
7946	225
7947	149
7947	114
7947	326
7947	198
7947	230
7947	80
7947	242
7948	81
7948	114
7948	198
7948	26
7948	230
7948	242
7948	225
7949	114
7949	223
7949	198
7949	230
7949	258
7949	242
7949	225
7949	324
7950	114
7950	115
7950	198
7950	230
7950	258
7950	242
7950	225
7950	85
7950	317
7951	114
7951	230
7951	258
7951	291
7951	323
7951	242
7951	225
7952	203
7952	282
7952	114
7952	198
7952	26
7952	230
7952	242
7952	225
7953	264
7953	282
7953	237
7953	228
7953	242
7954	92
7954	114
7954	198
7954	230
7954	11
7954	12
7954	242
7954	225
7955	203
7955	26
7955	80
7955	86
7955	242
7955	225
7955	5
7956	173
7956	114
7956	198
7956	230
7956	258
7956	242
7956	34
7956	324
7957	91
7957	331
7957	26
7957	96
7957	332
7957	242
7957	225
7958	114
7958	91
7958	198
7958	26
7958	230
7958	146
7958	214
7958	242
7958	225
7959	270
7959	114
7959	195
7959	291
7959	323
7959	242
7959	225
7960	198
7960	242
7960	225
7960	324
7961	81
7961	114
7961	327
7961	115
7961	198
7961	242
7962	114
7962	198
7962	230
7962	144
7962	250
7962	242
7962	225
7963	264
7963	113
7963	198
7963	11
7963	12
7963	242
7963	225
7963	324
7964	339
7964	114
7964	327
7964	259
7964	198
7964	150
7964	242
7965	134
7965	26
7965	230
7965	144
7965	213
7965	242
7965	225
7966	88
7966	198
7966	26
7966	11
7966	21
7966	242
7966	225
7967	109
7967	114
7967	198
7967	230
7967	276
7967	258
7967	214
7967	242
7967	225
7968	116
7968	198
7968	14
7968	230
7968	258
7968	207
7968	242
7968	225
7969	149
7969	30
7969	319
7969	102
7969	242
7969	225
7969	34
7969	317
7970	114
7970	257
7970	106
7970	230
7970	242
7970	225
7970	89
7971	203
7971	114
7971	198
7971	293
7971	146
7971	258
7971	33
7971	242
7972	203
7972	114
7972	230
7972	144
7972	150
7972	242
7972	225
7973	114
7973	115
7973	230
7973	291
7973	323
7973	242
7974	264
7974	114
7974	113
7974	259
7974	198
7974	230
7974	242
7975	114
7975	302
7975	209
7975	103
7975	242
7976	132
7976	114
7976	198
7976	26
7976	242
7976	225
7976	34
7977	264
7977	114
7977	259
7977	230
7977	250
7977	323
7977	242
7977	225
7978	203
7978	114
7978	230
7978	258
7978	252
7978	214
7978	242
7978	225
7979	203
7979	121
7979	114
7979	265
7979	252
7979	242
7979	225
7980	245
7980	114
7980	198
7980	230
7980	11
7980	144
7980	214
7980	242
7980	225
7981	132
7981	114
7981	300
7981	230
7981	21
7981	242
7981	225
7982	109
7982	224
7982	323
7982	207
7982	242
7982	289
7983	264
7983	114
7983	116
7983	198
7983	228
7983	242
7984	203
7984	81
7984	114
7984	259
7984	198
7984	106
7984	80
7984	258
7984	242
7985	245
7985	109
7985	114
7985	224
7985	230
7985	242
7985	225
7986	264
7986	198
7986	26
7986	237
7986	207
7986	242
7986	225
7987	114
7987	14
7987	230
7987	258
7987	242
7987	225
7987	211
7988	264
7988	114
7988	113
7988	198
7988	228
7988	230
7988	242
7988	225
7989	114
7989	14
7989	230
7989	258
7989	252
7989	242
7989	225
7990	264
7990	114
7990	115
7990	198
7990	230
7990	258
7990	242
7990	225
7991	114
7991	115
7991	198
7991	230
7991	86
7991	258
7991	242
7991	225
7992	92
7992	114
7992	230
7992	144
7992	242
7992	225
7992	238
7993	163
7993	203
7993	114
7993	230
7993	144
7993	242
7993	225
7994	114
7994	192
7994	156
7994	198
7994	230
7994	242
7994	225
7995	109
7995	114
7995	327
7995	198
7995	230
7995	337
7995	214
7995	242
7995	225
7996	264
7996	114
7996	198
7996	146
7996	250
7996	242
7997	92
7997	264
7997	114
7997	198
7997	242
7997	225
7997	89
7997	324
7998	114
7998	198
7998	230
7998	276
7998	258
7998	242
7998	225
7998	240
7999	114
7999	115
7999	198
7999	14
7999	230
7999	258
7999	242
7999	225
8000	114
8000	326
8000	198
8000	26
8000	21
8000	12
8000	242
8000	225
8001	267
8001	114
8001	198
8001	276
8001	288
8001	142
8001	242
8002	267
8002	114
8002	26
8002	337
8002	10
8002	291
8002	214
8002	323
8002	242
8002	225
8003	203
8003	114
8003	230
8003	258
8003	144
8003	242
8003	225
8004	114
8004	115
8004	230
8004	258
8004	207
8004	242
8004	225
8005	114
8005	300
8005	113
8005	291
8005	323
8005	242
8005	225
8006	203
8006	114
8006	106
8006	230
8006	144
8006	291
8006	323
8006	242
8006	225
8007	114
8007	326
8007	230
8007	144
8007	252
8007	242
8007	225
8008	114
8008	230
8008	258
8008	144
8008	252
8008	242
8008	225
8009	203
8009	114
8009	115
8009	156
8009	198
8009	258
8009	242
8010	203
8010	81
8010	114
8010	259
8010	198
8010	106
8010	209
8010	258
8010	22
8010	33
8010	242
8011	114
8011	150
8011	252
8011	291
8011	323
8011	242
8011	225
8012	245
8012	114
8012	198
8012	230
8012	258
8012	242
8012	225
8013	114
8013	198
8013	230
8013	11
8013	144
8013	21
8013	214
8013	242
8013	225
8014	114
8014	31
8014	87
8014	230
8014	250
8014	242
8014	324
8015	203
8015	81
8015	114
8015	258
8015	291
8015	242
8015	225
8016	203
8016	114
8016	26
8016	119
8016	144
8016	242
8016	225
8017	264
8017	114
8017	198
8017	237
8017	86
8017	242
8017	5
8018	109
8018	114
8018	327
8018	230
8018	276
8018	242
8018	225
8019	264
8019	198
8019	237
8019	213
8019	207
8019	242
8019	225
8020	203
8020	113
8020	11
8020	253
8020	80
8020	242
8020	225
8021	134
8021	264
8021	282
8021	114
8021	198
8021	230
8021	242
8021	225
8022	203
8022	114
8022	300
8022	144
8022	22
8022	242
8022	225
8023	264
8023	114
8023	175
8023	276
8023	10
8023	242
8023	225
8023	317
8024	163
8024	264
8024	291
8024	323
8024	242
8024	225
8025	264
8025	114
8025	198
8025	242
8026	203
8026	114
8026	230
8026	258
8026	144
8026	214
8026	242
8026	225
8027	114
8027	198
8027	230
8027	258
8027	207
8027	242
8027	225
8028	264
8028	114
8028	230
8028	258
8028	144
8028	225
8029	114
8029	115
8029	302
8029	258
8029	291
8029	225
8030	114
8030	112
8030	17
8030	302
8030	320
8030	242
8031	114
8031	326
8031	224
8031	198
8031	142
8031	258
8031	242
8031	225
8032	264
8032	114
8032	198
8032	237
8032	228
8032	207
8032	242
8033	109
8033	264
8033	114
8033	230
8033	242
8033	287
8034	114
8034	115
8034	195
8034	242
8034	225
8034	324
8035	114
8035	230
8035	150
8035	252
8035	291
8035	323
8035	242
8035	225
8036	114
8036	113
8036	259
8036	198
8036	288
8036	258
8036	242
8037	114
8037	106
8037	230
8037	258
8037	337
8037	242
8037	225
8038	114
8038	259
8038	198
8038	302
8038	276
8038	209
8038	258
8038	207
8038	242
8039	92
8039	114
8039	331
8039	332
8039	242
8039	225
8039	211
8040	97
8040	114
8040	115
8040	258
8040	337
8040	242
8041	203
8041	114
8041	230
8041	258
8041	144
8041	214
8041	242
8041	225
8042	264
8042	114
8042	198
8042	237
8042	230
8042	242
8042	225
8042	32
8043	203
8043	109
8043	114
8043	198
8043	230
8043	258
8043	242
8043	225
8044	132
8044	114
8044	115
8044	198
8044	288
8044	258
8044	225
8045	198
8045	185
8045	19
8045	242
8046	203
8046	114
8046	230
8046	22
8046	242
8046	225
8047	114
8047	259
8047	198
8047	106
8047	230
8047	258
8047	242
8047	225
8048	132
8048	198
8048	26
8048	11
8048	98
8048	242
8049	109
8049	264
8049	114
8049	198
8049	237
8049	242
8049	34
8050	115
8050	156
8050	331
8050	14
8050	332
8050	225
8051	114
8051	265
8051	198
8051	14
8051	230
8051	258
8051	144
8052	264
8052	282
8052	114
8052	198
8052	237
8052	230
8052	242
8052	225
8053	127
8053	81
8053	114
8053	198
8053	107
8053	106
8053	276
8053	80
8053	146
8053	86
8053	258
8053	320
8053	337
8053	216
8053	242
8053	225
8053	255
8054	88
8054	114
8054	113
8054	228
8054	230
8054	242
8054	225
8055	92
8055	114
8055	230
8055	258
8055	242
8055	268
8055	324
8056	264
8056	114
8056	259
8056	198
8056	258
8056	103
8056	242
8057	114
8057	115
8057	198
8057	31
8057	276
8057	258
8057	242
8057	225
8057	324
8058	149
8058	92
8058	114
8058	198
8058	316
8058	242
8059	270
8059	267
8059	114
8059	104
8059	358
8059	345
8060	81
8060	109
8060	114
8060	106
8060	291
8060	242
8061	267
8061	114
8061	258
8061	150
8061	33
8061	242
8062	267
8062	203
8062	195
8062	209
8062	242
8063	203
8063	80
8063	86
8063	323
8063	242
8063	5
8064	88
8064	114
8064	198
8064	155
8064	17
8064	87
8064	242
8065	203
8065	195
8065	209
8065	144
8065	242
8066	114
8066	115
8066	259
8066	198
8066	258
8066	102
8066	242
8067	114
8067	156
8067	26
8067	31
8067	332
8067	225
8068	114
8068	198
8068	26
8068	98
8068	21
8068	12
8068	214
8068	242
8068	225
8069	114
8069	198
8069	86
8069	258
8069	214
8069	207
8069	242
8069	225
8070	114
8070	115
8070	80
8070	258
8070	207
8070	242
8071	72
8071	114
8071	198
8071	155
8071	228
8071	242
8072	95
8072	81
8072	114
8072	198
8072	230
8072	242
8072	225
8073	203
8073	114
8073	111
8073	230
8073	144
8073	242
8073	225
8074	203
8074	109
8074	114
8074	26
8074	230
8074	242
8075	149
8075	92
8075	114
8075	198
8075	316
8075	160
8075	242
8076	114
8076	91
8076	331
8076	107
8076	228
8076	242
8076	225
8077	203
8077	264
8077	114
8077	198
8077	230
8077	80
8077	242
8078	114
8078	242
8079	88
8079	114
8079	230
8079	150
8079	252
8079	242
8080	88
8080	114
8080	259
8080	198
8080	148
8080	21
8080	242
8081	114
8081	113
8081	327
8081	230
8081	252
8081	323
8081	242
8082	203
8082	114
8082	87
8082	258
8082	102
8082	242
8083	163
8083	264
8083	114
8083	237
8083	130
8083	214
8083	242
8083	225
8084	203
8084	109
8084	114
8084	198
8084	230
8084	258
8084	242
8085	114
8085	113
8085	156
8085	198
8085	225
8086	151
8086	114
8086	198
8086	302
8086	230
8086	242
8086	225
8087	114
8087	115
8087	195
8087	258
8087	102
8087	242
8088	92
8088	114
8088	198
8088	230
8088	258
8088	242
8088	225
8089	92
8089	114
8089	230
8089	288
8089	214
8089	242
8089	225
8090	203
8090	282
8090	114
8090	113
8090	198
8090	230
8090	242
8090	225
8091	114
8091	115
8091	198
8091	155
8091	17
8091	242
8092	163
8092	264
8092	114
8092	116
8092	198
8092	230
8092	242
8092	225
8093	163
8093	264
8093	114
8093	230
8093	10
8093	214
8093	242
8093	225
8094	168
8094	198
8094	237
8094	230
8094	207
8094	242
8094	225
8095	245
8095	264
8095	114
8095	198
8095	228
8095	242
8095	225
8096	114
8096	198
8096	230
8096	258
8096	10
8096	250
8096	242
8096	225
8097	114
8097	198
8097	237
8097	302
8097	207
8097	242
8097	225
8098	114
8098	198
8098	26
8098	237
8098	230
8098	258
8098	242
8098	225
8099	198
8099	302
8099	230
8099	146
8099	258
8099	207
8099	242
8099	225
8100	88
8100	114
8100	198
8100	230
8100	96
8100	242
8100	225
8101	88
8101	203
8101	114
8101	115
8101	198
8101	258
8101	242
8101	225
8102	114
8102	115
8102	198
8102	31
8102	302
8102	258
8102	242
8102	225
8103	203
8103	114
8103	327
8103	198
8103	230
8103	258
8103	242
8103	225
8104	81
8104	114
8104	198
8104	14
8104	237
8104	230
8104	242
8104	225
8105	203
8105	114
8105	115
8105	198
8105	230
8105	258
8105	242
8105	225
8106	203
8106	81
8106	114
8106	144
8106	207
8106	242
8106	225
8107	114
8107	259
8107	198
8107	258
8107	102
8107	242
8107	225
8108	114
8108	113
8108	115
8108	156
8108	198
8108	26
8108	215
8108	242
8108	225
8109	270
8109	109
8109	114
8109	198
8109	215
8109	242
8109	225
8109	289
8109	159
8110	267
8110	230
8110	291
8110	323
8110	242
8110	225
8110	34
8111	149
8111	163
8111	264
8111	257
8111	198
8111	230
8111	242
8111	225
8111	324
8112	81
8112	198
8112	230
8112	276
8112	142
8112	243
8112	242
8112	225
8113	19
8113	242
8114	267
8114	178
8114	195
8114	291
8114	323
8114	242
8114	225
8115	163
8115	264
8115	114
8115	198
8115	237
8115	230
8115	242
8115	225
8115	324
8116	81
8116	114
8116	113
8116	257
8116	198
8116	19
8116	242
8116	225
8116	324
8117	73
8117	203
8117	198
8117	230
8117	22
8117	213
8117	242
8117	225
8118	270
8118	114
8118	113
8118	291
8118	323
8118	242
8118	225
8119	270
8119	114
8119	178
8119	291
8119	323
8119	242
8119	225
8120	114
8120	198
8120	14
8120	230
8120	146
8120	242
8120	225
8120	5
8121	182
8121	114
8121	198
8121	107
8121	230
8121	243
8121	242
8121	225
8122	163
8122	203
8122	264
8122	326
8122	252
8122	242
8122	225
8122	324
8123	114
8123	206
8123	198
8123	185
8123	19
8123	242
8124	267
8124	230
8124	291
8124	323
8124	242
8124	225
8125	163
8125	264
8125	326
8125	224
8125	242
8125	225
8125	324
8126	163
8126	264
8126	113
8126	198
8126	230
8126	242
8126	225
8126	85
8126	324
8127	182
8127	264
8127	114
8127	198
8127	107
8127	230
8127	242
8127	225
8128	114
8128	113
8128	198
8128	230
8128	276
8128	242
8128	225
8128	255
8129	264
8129	282
8129	114
8129	331
8129	332
8129	242
8129	225
8130	267
8130	116
8130	14
8130	291
8130	242
8130	225
8131	163
8131	264
8131	282
8131	198
8131	237
8131	230
8131	242
8131	225
8131	324
8132	264
8132	114
8132	26
8132	252
8132	323
8132	225
8133	264
8133	198
8133	237
8133	228
8133	230
8133	144
8133	242
8133	225
8134	163
8134	264
8134	113
8134	198
8134	230
8134	242
8134	225
8134	289
8135	114
8135	198
8135	14
8135	106
8135	230
8135	258
8135	242
8135	225
8136	267
8136	17
8136	291
8136	323
8136	242
8136	225
8136	34
8137	163
8137	264
8137	114
8137	198
8137	237
8137	230
8137	242
8137	225
8138	109
8138	264
8138	198
8138	26
8138	86
8138	242
8138	225
8138	5
8139	163
8139	264
8139	282
8139	114
8139	198
8139	230
8139	242
8139	225
8140	203
8140	81
8140	198
8140	26
8140	230
8140	291
8140	242
8140	225
8140	231
8141	163
8141	264
8141	87
8141	230
8141	252
8141	242
8141	225
8142	114
8142	14
8142	258
8142	291
8142	323
8142	225
8143	113
8143	257
8143	198
8143	136
8143	14
8143	230
8143	242
8143	225
8144	127
8144	163
8144	264
8144	282
8144	113
8144	198
8144	242
8144	225
8145	182
8145	267
8145	114
8145	106
8145	230
8145	291
8145	242
8145	225
8146	203
8146	81
8146	113
8146	198
8146	106
8146	230
8146	242
8146	225
8147	270
8147	163
8147	264
8147	113
8147	198
8147	230
8147	242
8147	225
8148	264
8148	282
8148	113
8148	327
8148	198
8148	230
8148	242
8148	225
8149	264
8149	113
8149	219
8149	198
8149	237
8149	230
8149	242
8149	225
8150	245
8150	163
8150	264
8150	198
8150	130
8150	226
8150	242
8150	225
8150	324
8151	267
8151	288
8151	291
8151	323
8151	345
8151	242
8152	203
8152	195
8152	107
8152	230
8152	225
8153	203
8153	81
8153	198
8153	106
8153	230
8153	276
8153	242
8153	225
8154	163
8154	203
8154	224
8154	198
8154	230
8154	33
8154	214
8154	242
8154	225
8155	97
8155	203
8155	198
8155	209
8155	22
8155	214
8155	242
8155	225
8155	79
8156	26
8156	230
8156	276
8156	291
8156	214
8156	242
8156	225
8157	267
8157	230
8157	276
8157	291
8157	323
8157	242
8157	225
8158	270
8158	163
8158	264
8158	198
8158	237
8158	230
8158	214
8158	242
8158	225
8159	203
8159	81
8159	198
8159	228
8159	94
8159	230
8159	214
8159	242
8159	225
8160	149
8160	163
8160	264
8160	198
8160	14
8160	230
8160	214
8160	242
8160	225
8161	203
8161	113
8161	156
8161	198
8161	106
8161	230
8161	214
8161	242
8161	225
8162	2
8162	198
8163	163
8163	264
8163	198
8163	230
8163	214
8163	242
8163	225
8163	179
8164	113
8164	198
8164	106
8164	237
8164	230
8164	276
8164	214
8164	242
8164	225
8165	163
8165	264
8165	178
8165	198
8165	87
8165	230
8165	214
8165	242
8165	225
8166	114
8166	198
8166	136
8166	237
8166	230
8166	86
8166	214
8166	242
8166	225
8167	88
8167	203
8167	198
8167	237
8167	276
8167	102
8167	214
8167	242
8167	225
8168	267
8168	17
8168	291
8168	323
8168	242
8168	225
8168	34
8169	163
8169	263
8169	113
8169	261
8169	156
8169	198
8169	214
8169	242
8169	225
8170	267
8170	114
8170	195
8170	291
8170	323
8170	242
8170	225
8171	267
8171	116
8171	14
8171	291
8171	323
8171	242
8171	225
8172	114
8172	198
8172	107
8172	106
8172	230
8172	276
8172	214
8172	242
8172	225
8173	270
8173	163
8173	264
8173	282
8173	198
8173	230
8173	214
8173	242
8173	225
8174	163
8174	264
8174	282
8174	198
8174	228
8174	230
8174	214
8174	242
8174	225
8175	203
8175	109
8175	198
8175	107
8175	230
8175	276
8175	214
8175	242
8175	225
8176	163
8176	109
8176	264
8176	282
8176	114
8176	198
8176	214
8176	242
8176	225
8177	203
8177	198
8177	26
8177	106
8177	230
8177	276
8177	214
8177	242
8177	225
8178	163
8178	264
8178	113
8178	198
8178	237
8178	230
8178	214
8178	242
8178	225
8179	203
8179	114
8179	198
8179	237
8179	230
8179	22
8179	214
8179	242
8179	225
8180	198
8180	87
8180	19
8180	242
8181	163
8181	264
8181	261
8181	198
8181	230
8181	214
8181	242
8181	225
8181	268
8182	267
8182	198
8182	276
8182	146
8182	86
8182	144
8182	214
8182	242
8182	225
8183	149
8183	163
8183	264
8183	282
8183	198
8183	144
8183	214
8183	242
8183	225
8184	267
8184	81
8184	106
8184	230
8184	291
8184	242
8184	225
8185	198
8185	185
8185	19
8185	242
8186	198
8186	19
8187	81
8187	113
8187	198
8187	107
8187	106
8187	230
8187	214
8187	242
8187	225
8188	163
8188	264
8188	223
8188	198
8188	87
8188	230
8188	214
8188	242
8188	225
8189	267
8189	114
8189	230
8189	258
8189	323
8189	242
8190	203
8190	81
8190	26
8190	276
8190	102
8190	291
8190	214
8190	242
8190	225
8191	264
8191	114
8191	327
8191	198
8191	237
8191	230
8191	214
8191	242
8191	225
8192	168
8192	267
8192	116
8192	291
8192	323
8192	242
8193	270
8193	163
8193	264
8193	198
8193	237
8193	230
8193	214
8193	242
8193	225
8194	203
8194	198
8194	272
8194	230
8194	33
8194	214
8194	242
8194	225
8195	185
8195	80
8195	19
8195	242
8196	163
8196	151
8196	264
8196	282
8196	198
8196	10
8196	214
8196	242
8196	225
8197	92
8197	203
8197	198
8197	106
8197	230
8197	258
8197	214
8197	242
8197	225
8198	163
8198	264
8198	114
8198	198
8198	250
8198	242
8198	225
8198	324
8199	163
8199	264
8199	114
8199	113
8199	198
8199	230
8199	214
8199	242
8199	225
8200	282
8200	114
8200	198
8200	106
8200	230
8200	276
8200	214
8200	242
8200	225
8201	163
8201	264
8201	114
8201	198
8201	87
8201	230
8201	214
8201	242
8201	225
8202	267
8202	26
8202	276
8202	288
8202	102
8202	291
8202	323
8202	225
8203	203
8203	198
8203	230
8203	11
8203	33
8203	214
8203	242
8203	225
8203	89
8204	149
8204	127
8204	203
8204	198
8204	106
8204	276
8204	242
8205	163
8205	264
8205	114
8205	198
8205	230
8205	144
8205	214
8205	242
8205	225
8206	267
8206	203
8206	198
8206	288
8206	337
8206	216
8206	214
8206	242
8206	225
8207	163
8207	151
8207	264
8207	198
8207	230
8207	10
8207	214
8207	242
8207	225
8208	203
8208	81
8208	114
8208	198
8208	26
8208	230
8208	214
8208	242
8208	225
8209	267
8209	326
8209	230
8209	144
8209	291
8209	225
8210	149
8210	92
8210	163
8210	264
8210	198
8210	214
8210	242
8210	225
8211	114
8211	17
8211	209
8211	103
8211	242
8211	240
8212	114
8212	198
8212	106
8212	230
8212	146
8212	144
8212	214
8212	242
8212	225
8213	163
8213	264
8213	114
8213	198
8213	237
8213	230
8213	214
8213	242
8213	225
8214	267
8214	192
8214	26
8214	230
8214	323
8214	225
8214	171
8215	203
8215	198
8215	237
8215	230
8215	276
8215	22
8215	214
8215	242
8215	225
8216	163
8216	151
8216	264
8216	282
8216	198
8216	213
8216	214
8216	242
8216	225
8217	81
8217	198
8217	237
8217	228
8217	230
8217	250
8217	214
8217	242
8217	225
8218	267
8218	114
8218	230
8218	291
8218	323
8218	225
8219	163
8219	264
8219	282
8219	223
8219	198
8219	228
8219	214
8219	242
8219	225
8220	81
8220	114
8220	198
8220	276
8220	258
8220	214
8220	242
8220	225
8220	78
8221	167
8221	267
8221	104
8221	291
8221	323
8221	225
8222	149
8222	163
8222	264
8222	198
8222	130
8222	214
8222	242
8222	225
8223	23
8223	261
8223	156
8223	6
8223	242
8224	203
8224	81
8224	198
8224	276
8224	33
8224	250
8224	214
8224	242
8224	225
8225	182
8225	203
8225	276
8225	209
8225	291
8225	323
8225	242
8225	225
8226	267
8226	203
8226	195
8226	209
8226	22
8226	291
8226	214
8226	225
8227	163
8227	264
8227	114
8227	198
8227	237
8227	230
8227	214
8227	242
8227	225
8228	264
8228	114
8228	230
8228	146
8228	148
8228	242
8229	245
8229	198
8229	230
8229	214
8229	242
8229	225
8230	163
8230	264
8230	282
8230	114
8230	198
8230	228
8230	214
8230	242
8230	225
8231	92
8231	203
8231	195
8231	198
8231	33
8231	214
8231	242
8231	225
8232	163
8232	264
8232	114
8232	113
8232	198
8232	237
8232	214
8232	242
8232	225
8233	114
8233	91
8233	198
8233	230
8233	21
8233	214
8233	242
8233	225
8234	92
8234	116
8234	291
8234	323
8234	242
8235	267
8235	114
8235	266
8235	230
8235	242
8235	162
8236	92
8236	163
8236	264
8236	114
8236	261
8236	198
8236	214
8236	242
8236	225
8237	203
8237	327
8237	198
8237	276
8237	209
8237	22
8237	214
8237	242
8237	225
8238	163
8238	264
8238	113
8238	156
8238	198
8238	228
8238	214
8238	242
8238	225
8239	88
8239	114
8239	198
8239	106
8239	276
8239	103
8239	214
8239	242
8239	225
8240	203
8240	307
8240	209
8240	22
8240	291
8240	323
8240	242
8241	163
8241	109
8241	264
8241	114
8241	198
8241	228
8241	214
8241	242
8241	225
8241	324
8242	203
8242	114
8242	198
8242	237
8242	230
8242	276
8242	214
8242	242
8242	225
8243	264
8243	114
8243	198
8243	237
8243	230
8243	323
8243	225
8243	171
8244	97
8244	267
8244	114
8244	276
8244	291
8244	214
8244	323
8244	225
8245	163
8245	264
8245	282
8245	114
8245	198
8245	237
8245	214
8245	242
8245	225
8246	203
8246	198
8246	31
8246	22
8246	214
8246	242
8246	225
8246	78
8247	163
8247	264
8247	111
8247	198
8247	237
8247	230
8247	214
8247	242
8247	225
8248	267
8248	114
8248	198
8248	228
8248	230
8248	214
8248	242
8248	225
8249	270
8249	167
8249	114
8249	314
8249	266
8249	101
8249	224
8249	26
8249	14
8249	106
8249	228
8249	2
8249	230
8249	253
8249	146
8249	216
8249	291
8249	242
8250	219
8250	31
8250	230
8250	337
8250	242
8251	163
8251	264
8251	282
8251	114
8251	198
8251	237
8251	214
8251	242
8251	225
8252	277
8252	264
8252	116
8252	291
8252	323
8252	242
8253	92
8253	203
8253	198
8253	276
8253	209
8253	33
8253	214
8253	242
8253	225
8253	89
8254	195
8254	106
8254	291
8254	323
8254	242
8254	225
8255	270
8255	267
8255	116
8255	198
8255	230
8255	242
8255	171
8256	267
8256	114
8256	266
8256	291
8256	242
8256	162
8257	163
8257	264
8257	114
8257	198
8257	237
8257	214
8257	242
8257	225
8258	95
8258	203
8258	81
8258	262
8258	198
8258	230
8258	214
8258	242
8258	225
8259	203
8259	106
8259	230
8259	276
8259	291
8259	242
8260	163
8260	264
8260	198
8260	237
8260	87
8260	230
8260	214
8260	242
8260	225
8261	203
8261	114
8261	198
8261	237
8261	276
8261	80
8261	214
8261	242
8261	225
8262	151
8262	203
8262	276
8262	209
8262	291
8262	242
8263	270
8263	267
8263	307
8263	291
8263	323
8263	242
8264	163
8264	264
8264	114
8264	113
8264	198
8264	237
8264	214
8264	242
8264	225
8265	203
8265	114
8265	198
8265	144
8265	102
8265	250
8265	214
8265	242
8265	225
8266	132
8266	203
8266	30
8266	198
8266	230
8266	33
8266	214
8266	242
8266	225
8267	163
8267	263
8267	264
8267	198
8267	237
8267	230
8267	214
8267	242
8267	225
8268	267
8268	203
8268	109
8268	114
8268	198
8268	230
8268	214
8268	242
8268	225
8268	289
8269	163
8269	264
8269	282
8269	114
8269	198
8269	230
8269	214
8269	242
8269	225
8270	267
8270	198
8270	107
8270	230
8270	276
8270	214
8270	242
8270	225
8271	267
8271	26
8271	291
8271	323
8271	242
8271	225
8272	149
8272	163
8272	264
8272	198
8272	136
8272	130
8272	214
8272	242
8272	225
8273	267
8273	198
8273	237
8273	230
8273	258
8273	150
8273	214
8273	242
8273	225
8274	163
8274	264
8274	282
8274	114
8274	178
8274	198
8274	214
8274	242
8274	225
8275	182
8275	267
8275	203
8275	198
8275	230
8275	22
8275	214
8275	242
8275	225
8276	182
8276	326
8276	230
8276	291
8276	214
8276	225
8277	113
8277	156
8277	155
8277	17
8277	291
8277	323
8277	242
8278	163
8278	203
8278	264
8278	282
8278	114
8278	198
8278	214
8278	242
8278	225
8279	267
8279	114
8279	198
8279	14
8279	237
8279	230
8279	214
8279	242
8279	225
8280	92
8280	116
8280	80
8280	291
8280	323
8280	242
8280	311
8281	163
8281	203
8281	264
8281	144
8281	252
8281	214
8281	242
8281	225
8282	163
8282	264
8282	114
8282	113
8282	198
8282	237
8282	214
8282	242
8282	225
8283	163
8283	264
8283	282
8283	114
8283	198
8283	237
8283	214
8283	242
8283	225
8284	167
8284	307
8284	101
8284	146
8284	291
8284	214
8284	225
8285	267
8285	198
8285	107
8285	87
8285	323
8285	225
8285	171
8286	167
8286	114
8286	314
8286	197
8286	342
8286	26
8286	87
8286	230
8286	146
8286	291
8286	323
8286	242
8286	328
8287	163
8287	264
8287	114
8287	113
8287	198
8287	237
8287	214
8287	242
8287	225
8288	270
8288	198
8288	230
8288	323
8288	242
8288	171
8289	270
8289	156
8289	112
8289	26
8289	230
8289	291
8289	242
8289	255
8290	270
8290	163
8290	151
8290	264
8290	261
8290	198
8290	214
8290	242
8290	225
8291	267
8291	114
8291	113
8291	198
8291	214
8291	323
8291	225
8291	171
8292	163
8292	114
8292	113
8292	224
8292	198
8292	107
8292	214
8292	242
8292	225
8293	195
8293	198
8293	242
8293	317
8294	245
8294	267
8294	74
8294	198
8294	230
8294	214
8294	323
8294	225
8294	171
8295	81
8295	106
8295	323
8295	242
8296	270
8296	178
8296	308
8296	230
8297	198
8297	19
8297	242
8297	225
8298	203
8298	81
8298	230
8298	86
8298	323
8298	242
8299	264
8299	114
8299	198
8299	237
8299	228
8299	242
8299	225
8300	245
8300	237
8300	230
8300	291
8300	214
8300	323
8300	225
8301	261
8301	104
8301	156
8301	262
8301	337
8301	242
8302	267
8302	114
8302	314
8302	230
8302	291
8302	323
8302	242
8303	168
8303	114
8303	314
8303	198
8303	237
8303	230
8303	214
8303	242
8303	225
8304	198
8304	31
8304	302
8304	230
8304	288
8304	102
8304	242
8304	225
8305	127
8305	264
8305	198
8305	237
8305	228
8305	230
8305	102
8305	21
8305	242
8306	267
8306	134
8306	198
8306	237
8306	230
8306	213
8306	242
8306	225
8307	267
8307	114
8307	113
8307	198
8307	106
8307	230
8307	214
8307	242
8307	225
8308	101
8308	198
8308	237
8308	130
8308	230
8308	214
8308	242
8308	225
8309	163
8309	264
8309	282
8309	114
8309	198
8309	237
8309	214
8309	242
8309	225
8310	92
8310	331
8310	107
8310	332
8310	10
8310	242
8310	225
8311	334
8311	267
8311	109
8311	190
8311	198
8311	230
8311	214
8311	242
8311	225
8312	167
8312	114
8312	111
8312	331
8312	198
8312	242
8312	225
8313	228
8313	291
8313	323
8313	242
8314	168
8314	267
8314	326
8314	198
8314	230
8314	242
8314	225
8315	270
8315	168
8315	116
8315	230
8315	291
8315	242
8316	228
8316	144
8316	250
8316	291
8316	323
8316	242
8317	270
8317	267
8317	198
8317	31
8317	242
8318	97
8318	104
8318	209
8318	323
8318	242
8319	114
8319	113
8319	198
8319	26
8319	237
8319	228
8319	242
8319	225
8320	104
8320	331
8320	26
8320	320
8320	332
8320	242
8321	267
8321	116
8321	198
8321	87
8321	230
8321	214
8321	242
8321	225
8322	167
8322	267
8322	203
8322	101
8322	198
8322	230
8322	214
8322	242
8322	225
8323	267
8323	114
8323	224
8323	198
8323	17
8323	272
8323	242
8323	225
8324	203
8324	26
8324	230
8324	276
8324	291
8324	323
8324	242
8325	168
8325	261
8325	262
8325	198
8325	17
8325	242
8326	97
8326	203
8326	106
8326	144
8326	214
8326	242
8326	225
8327	168
8327	267
8327	203
8327	81
8327	223
8327	198
8327	214
8327	242
8327	225
8328	114
8328	230
8328	291
8328	323
8328	242
8329	149
8329	114
8329	198
8329	230
8329	146
8329	214
8329	242
8329	225
8330	149
8330	270
8330	151
8330	253
8330	338
8330	216
8330	242
8331	267
8331	198
8331	136
8331	230
8331	250
8331	242
8332	219
8332	31
8332	302
8332	230
8332	242
8333	132
8333	198
8333	237
8333	228
8333	250
8333	242
8334	267
8334	101
8334	156
8334	198
8334	242
8334	225
8335	339
8335	264
8335	198
8335	237
8335	205
8335	230
8335	242
8335	32
8336	167
8336	101
8336	198
8336	21
8336	214
8336	242
8336	225
8337	114
8337	14
8337	230
8337	258
8337	242
8338	81
8338	114
8338	198
8338	106
8338	230
8338	22
8338	214
8338	242
8338	225
8339	163
8339	264
8339	331
8339	332
8339	214
8339	242
8339	225
8340	149
8340	203
8340	113
8340	14
8340	146
8340	144
8340	242
8341	270
8341	163
8341	264
8341	198
8341	230
8341	242
8342	245
8342	339
8342	198
8342	237
8342	228
8342	96
8342	242
8344	267
8344	116
8344	198
8344	14
8344	230
8344	242
8345	267
8345	114
8345	326
8345	198
8345	230
8345	144
8345	214
8345	242
8345	225
8346	149
8346	319
8346	198
8346	293
8346	242
8346	317
8347	267
8347	114
8347	198
8347	26
8347	146
8347	102
8347	242
8347	317
8348	264
8348	282
8348	114
8348	198
8348	237
8348	230
8348	242
8348	225
8349	267
8349	114
8349	116
8349	198
8349	14
8349	214
8349	242
8349	225
8350	109
8350	101
8350	219
8350	242
8351	127
8351	117
8351	168
8351	267
8351	198
8351	276
8351	242
8352	245
8352	163
8352	264
8352	114
8352	198
8352	237
8352	214
8352	242
8352	225
8353	245
8353	168
8353	198
8353	237
8353	230
8353	214
8353	242
8353	225
8354	167
8354	267
8354	111
8354	198
8354	230
8354	293
8354	242
8355	167
8355	74
8355	208
8355	223
8355	198
8355	230
8355	214
8355	242
8355	225
8356	127
8356	270
8356	167
8356	267
8356	74
8356	342
8356	190
8356	116
8356	198
8356	106
8356	228
8356	242
8357	267
8357	198
8357	230
8357	242
8358	245
8358	97
8358	148
8358	242
8358	225
8359	151
8359	203
8359	198
8359	230
8359	209
8359	22
8359	242
8360	167
8360	267
8360	114
8360	198
8360	230
8360	242
8360	225
8361	326
8361	198
8361	226
8361	242
8362	149
8362	97
8362	104
8362	195
8362	156
8362	242
8363	197
8363	156
8363	219
8363	198
8363	250
8363	218
8363	242
8364	270
8364	163
8364	264
8364	198
8364	302
8364	148
8364	214
8364	242
8364	225
8365	245
8365	14
8365	242
8365	225
8366	339
8366	114
8366	112
8366	198
8366	237
8366	228
8366	230
8366	242
8367	109
8367	114
8367	104
8367	198
8367	136
8367	106
8367	230
8367	242
8368	198
8368	228
8368	230
8368	144
8368	102
8368	242
8369	267
8369	190
8369	195
8369	198
8369	288
8369	80
8370	167
8370	203
8370	307
8370	223
8370	198
8370	14
8370	242
8371	92
8371	198
8371	230
8371	102
8371	250
8371	242
8372	149
8372	163
8372	264
8372	282
8372	198
8372	237
8372	214
8372	242
8372	225
8373	267
8373	224
8373	198
8373	96
8373	242
8373	225
8374	92
8374	116
8374	198
8374	230
8374	80
8374	242
8375	18
8375	104
8375	293
8375	323
8375	167
8376	88
8376	198
8376	228
8376	230
8376	144
8376	102
8376	242
8377	267
8377	114
8377	156
8377	198
8377	237
8377	230
8377	242
8377	225
8378	104
8378	230
8378	226
8378	323
8378	225
8379	257
8379	156
8379	198
8379	155
8379	228
8379	242
8380	197
8380	156
8380	209
8380	242
8381	267
8381	114
8381	342
8381	259
8381	224
8381	198
8381	242
8381	225
8382	267
8382	190
8382	308
8382	104
8382	26
8382	214
8383	168
8383	178
8383	116
8383	259
8383	198
8383	230
8383	242
8384	114
8384	113
8384	198
8384	26
8384	230
8384	226
8384	242
8384	317
8385	167
8385	114
8385	314
8385	101
8385	259
8385	198
8385	87
8385	230
8385	242
8386	307
8386	156
8386	157
8386	144
8386	21
8386	250
8386	242
8387	166
8387	168
8387	104
8387	198
8387	230
8387	80
8387	242
8388	168
8388	114
8388	198
8388	230
8388	102
8388	250
8388	242
8389	154
8389	259
8389	198
8389	80
8389	86
8389	215
8389	242
8390	267
8390	133
8390	307
8390	104
8390	26
8390	323
8390	242
8390	225
8390	5
8391	270
8391	114
8391	276
8391	291
8391	323
8391	242
8392	30
8392	331
8392	148
8392	332
8392	291
8392	242
8392	225
8393	276
8393	80
8393	86
8393	291
8393	323
8393	242
8393	225
8393	211
8393	317
8394	251
8394	114
8394	26
8394	230
8394	291
8394	323
8394	242
8394	225
8395	26
8395	230
8395	291
8395	242
8395	225
8395	5
8396	267
8396	111
8396	86
8396	291
8396	323
8396	242
8396	225
8397	267
8397	90
8397	259
8397	198
8398	267
8398	197
8398	230
8398	291
8398	323
8398	242
8398	225
8399	276
8399	150
8399	250
8399	291
8399	323
8399	242
8399	225
8400	313
8400	88
8400	167
8400	114
8400	178
8400	136
8400	253
8400	293
8400	216
8400	291
8400	242
8400	225
8401	267
8401	266
8401	259
8401	230
8401	291
8401	242
8401	225
8402	245
8402	108
8402	267
8402	140
8402	225
8402	5
8403	108
8403	26
8403	144
8403	21
8403	291
8403	323
8403	242
8403	225
8404	163
8404	264
8404	106
8404	291
8404	323
8404	242
8404	225
8404	32
8405	203
8405	106
8405	80
8405	323
8405	242
8405	225
8405	211
8406	80
8406	226
8406	10
8406	323
8406	301
8406	242
8406	5
8407	267
8407	307
8407	259
8407	291
8407	323
8407	242
8407	225
8408	264
8408	114
8408	178
8408	291
8408	323
8408	242
8408	225
8408	32
8409	334
8409	74
8409	178
8409	198
8409	230
8409	250
8409	214
8409	242
8409	225
8410	267
8410	276
8410	291
8410	323
8410	242
8410	225
8411	334
8411	92
8411	267
8411	198
8411	230
8411	276
8411	242
8411	225
8412	267
8412	266
8412	259
8412	198
8412	230
8412	276
8412	242
8413	339
8413	264
8413	150
8413	291
8413	323
8413	242
8413	225
8414	266
8414	178
8414	224
8414	198
8414	230
8414	33
8414	242
8414	225
8415	334
8415	267
8415	276
8415	150
8415	242
8415	225
8416	182
8416	167
8416	178
8416	224
8416	198
8416	228
8416	242
8417	267
8417	266
8417	259
8417	198
8417	276
8417	337
8417	242
8418	245
8418	100
8418	167
8418	198
8418	228
8418	293
8418	242
8418	225
8418	317
8419	277
8419	267
8419	31
8419	80
8419	242
8419	225
8420	132
8420	326
8420	198
8420	26
8420	87
8420	242
8421	267
8421	109
8421	178
8421	327
8421	21
8421	242
8421	225
8422	267
8422	114
8422	178
8422	80
8422	291
8422	242
8422	225
8423	149
8423	100
8423	167
8423	198
8423	293
8423	146
8423	242
8423	225
8423	317
8424	334
8424	92
8424	267
8424	276
8424	323
8424	242
8424	225
8425	267
8425	331
8425	224
8425	332
8425	242
8426	149
8426	203
8426	198
8426	237
8426	242
8426	78
8427	267
8427	178
8427	198
8427	230
8427	323
8427	242
8427	171
8428	245
8428	167
8428	230
8428	291
8428	323
8428	242
8428	225
8429	266
8429	104
8429	198
8429	272
8429	230
8429	242
8430	178
8430	259
8430	198
8430	230
8430	80
8430	146
8430	242
8430	225
8430	324
8431	19
8431	242
8432	127
8432	259
8432	198
8432	107
8432	106
8432	119
8432	230
8432	276
8432	242
8432	225
8432	324
8433	266
8433	178
8433	259
8433	198
8433	230
8433	276
8433	242
8434	267
8434	266
8434	331
8434	332
8434	242
8435	334
8435	267
8435	291
8435	323
8435	242
8435	225
8435	238
8436	185
8436	19
8436	242
8436	324
8437	266
8437	178
8437	259
8437	198
8437	230
8437	150
8437	242
8438	203
8438	266
8438	198
8438	136
8438	106
8438	147
8438	242
8439	246
8439	339
8439	266
8439	198
8439	230
8439	80
8439	242
8440	203
8440	308
8440	7
8440	262
8440	291
8440	323
8440	225
8441	167
8441	267
8441	156
8441	230
8441	291
8441	225
8441	255
8442	168
8442	109
8442	74
8442	230
8442	209
8442	242
8442	225
8443	167
8443	203
8443	230
8443	291
8443	323
8443	242
8443	225
8444	182
8444	267
8444	104
8444	198
8444	102
8444	196
8444	242
8445	245
8445	26
8445	148
8445	291
8445	323
8445	242
8445	225
8446	182
8446	266
8446	104
8446	198
8446	144
8446	102
8446	242
8447	267
8447	266
8447	259
8447	291
8447	323
8447	242
8448	267
8448	198
8448	230
8448	276
8448	250
8448	225
8449	267
8449	104
8449	198
8449	243
8449	242
8450	267
8450	266
8450	178
8450	198
8450	107
8450	320
8450	242
8451	267
8451	203
8451	293
8451	146
8451	214
8451	242
8451	225
8452	156
8452	112
8452	106
8452	276
8452	291
8452	323
8452	242
8453	203
8453	178
8453	156
8453	106
8453	144
8453	214
8453	242
8453	225
8454	267
8454	203
8454	262
8454	112
8454	80
8454	323
8455	267
8455	266
8455	198
8455	272
8455	288
8455	102
8455	242
8456	232
8456	331
8456	157
8456	332
8456	291
8456	323
8456	242
8457	267
8457	203
8457	7
8457	262
8457	323
8458	167
8458	259
8458	230
8458	291
8458	323
8458	242
8459	92
8459	267
8459	198
8459	237
8459	230
8459	242
8460	145
8460	245
8460	91
8460	198
8460	140
8460	242
8460	225
8460	324
8461	266
8461	198
8461	106
8461	276
8461	209
8461	22
8461	242
8461	225
8461	317
8461	324
8462	313
8462	267
8462	276
8462	102
8462	291
8462	214
8462	225
8463	267
8463	195
8463	276
8463	288
8463	102
8463	291
8463	214
8463	225
8464	270
8464	267
8464	230
8464	291
8464	323
8464	242
8465	132
8465	245
8465	140
8465	291
8465	323
8465	242
8466	203
8466	262
8466	205
8466	80
8466	291
8466	323
8466	242
8467	195
8467	331
8467	332
8467	291
8467	323
8467	242
8467	225
8468	267
8468	114
8468	104
8468	198
8468	258
8468	242
8469	232
8469	331
8469	157
8469	332
8469	291
8469	323
8469	242
8470	264
8470	259
8470	230
8470	291
8470	323
8470	242
8471	245
8471	149
8471	148
8471	140
8471	291
8471	242
8471	225
8472	267
8472	266
8472	230
8472	291
8472	323
8472	242
8473	116
8473	80
8473	21
8473	323
8473	242
8474	267
8474	266
8474	198
8474	230
8474	323
8474	242
8474	225
8474	171
8474	317
8475	267
8475	266
8475	116
8475	104
8475	198
8475	226
8475	242
8476	167
8476	267
8476	266
8476	259
8476	291
8476	242
8477	253
8477	338
8477	216
8477	291
8477	242
8478	104
8478	195
8478	316
8478	291
8478	323
8478	242
8479	232
8479	331
8479	157
8479	332
8479	291
8479	323
8479	242
8480	167
8480	266
8480	190
8480	259
8480	198
8480	106
8480	242
8481	167
8481	197
8481	190
8481	101
8481	198
8481	250
8481	242
8481	225
8481	317
8482	182
8482	266
8482	104
8482	144
8482	214
8482	242
8483	267
8483	266
8483	178
8483	198
8483	291
8483	323
8483	242
8484	331
8484	107
8484	144
8484	332
8484	242
8484	225
8485	167
8485	267
8485	276
8485	291
8485	323
8485	242
8486	203
8486	276
8486	242
8486	225
8486	317
8487	245
8487	149
8487	156
8487	140
8487	291
8487	242
8487	225
8488	108
8488	276
8488	21
8488	242
8488	225
8488	317
8489	182
8489	267
8489	266
8489	198
8489	230
8489	150
8489	242
8490	267
8490	259
8490	219
8490	198
8490	213
8490	242
8490	225
8490	317
8491	114
8491	331
8491	86
8491	332
8491	291
8491	242
8491	225
8492	127
8492	167
8492	190
8492	198
8492	106
8492	276
8492	242
8493	267
8493	114
8493	178
8493	119
8493	291
8493	323
8493	242
8494	167
8494	230
8494	96
8494	291
8494	323
8494	242
8495	203
8495	104
8495	14
8495	80
8495	242
8496	167
8496	267
8496	198
8496	14
8496	230
8496	213
8496	242
8496	225
8496	317
8497	198
8497	86
8497	144
8497	216
8497	213
8497	242
8497	225
8497	317
8498	224
8498	198
8498	250
8498	214
8498	242
8499	81
8499	198
8499	107
8499	237
8499	230
8499	242
8499	225
8499	317
8500	116
8500	14
8500	291
8500	242
8501	267
8501	266
8501	111
8501	198
8501	230
8501	242
8502	167
8502	267
8502	230
8502	291
8502	323
8502	242
8503	280
8503	167
8503	230
8503	288
8503	213
8503	242
8503	317
8504	267
8504	331
8504	26
8504	228
8504	332
8504	242
8505	267
8505	266
8505	156
8505	198
8505	86
8505	242
8506	267
8506	307
8506	331
8506	224
8506	94
8506	242
8507	313
8507	331
8507	228
8507	332
8507	242
8507	225
8508	132
8508	148
8508	21
8508	291
8508	323
8508	242
8509	151
8509	114
8509	230
8509	291
8509	323
8509	242
8510	267
8510	203
8510	266
8510	198
8510	33
8510	269
8510	242
8511	267
8511	2
8511	230
8511	291
8511	323
8511	242
8512	267
8512	197
8512	111
8512	230
8512	323
8512	242
8512	317
8513	307
8513	259
8513	230
8513	291
8513	323
8513	242
8514	266
8514	178
8514	198
8514	107
8514	106
8514	276
8514	242
8515	267
8515	266
8515	142
8515	144
8515	242
8515	225
8516	81
8516	266
8516	106
8516	230
8516	10
8516	242
8517	266
8517	198
8517	2
8517	230
8517	323
8517	242
8517	171
8518	230
8518	144
8518	252
8518	291
8518	323
8518	242
8519	253
8519	216
8519	291
8519	323
8519	242
8519	5
8520	339
8520	178
8520	230
8520	291
8520	323
8520	242
8521	267
8521	331
8521	224
8521	332
8521	242
8521	225
8522	132
8522	245
8522	108
8522	267
8522	230
8522	291
8522	323
8522	242
8523	203
8523	209
8523	22
8523	242
8523	317
8524	132
8524	245
8524	198
8524	253
8524	140
8524	216
8524	242
8525	203
8525	114
8525	276
8525	209
8525	22
8525	242
8525	317
8526	203
8526	26
8526	276
8526	209
8526	21
8526	242
8526	317
8527	267
8527	259
8527	198
8527	230
8527	10
8527	242
8527	105
8527	322
8528	270
8528	331
8528	86
8528	22
8528	242
8528	105
8529	178
8529	195
8529	224
8529	198
8529	123
8529	214
8529	242
8529	225
8530	266
8530	307
8530	198
8530	230
8530	209
8530	142
8530	242
8530	317
8531	270
8531	109
8531	230
8531	291
8531	323
8531	242
8532	267
8532	109
8532	198
8532	107
8532	94
8532	243
8532	242
8533	259
8533	198
8533	2
8533	19
8533	242
8534	251
8534	167
8534	267
8534	190
8534	230
8534	291
8534	323
8534	242
8535	267
8535	266
8535	258
8535	291
8535	323
8535	242
8535	240
8536	313
8536	326
8536	230
8536	144
8536	252
8536	214
8536	242
8536	225
8537	245
8537	88
8537	114
8537	331
8537	242
8537	225
8538	334
8538	267
8538	307
8538	291
8538	323
8538	242
8539	149
8539	163
8539	264
8539	266
8539	198
8539	230
8539	214
8539	242
8539	225
8540	109
8540	266
8540	178
8540	259
8540	230
8540	242
8541	264
8541	198
8541	228
8541	230
8541	242
8542	167
8542	267
8542	111
8542	198
8542	230
8542	242
8542	317
8543	97
8543	164
8543	192
8543	104
8543	224
8543	242
8544	245
8544	76
8544	331
8544	242
8544	225
8545	245
8545	167
8545	230
8545	96
8545	291
8545	242
8546	270
8546	167
8546	178
8546	230
8546	146
8546	242
8547	180
8547	266
8547	104
8547	224
8547	198
8547	228
8547	242
8548	264
8548	178
8548	116
8548	198
8548	230
8548	242
8549	266
8549	178
8549	198
8549	230
8549	323
8549	242
8549	171
8550	167
8550	267
8550	198
8550	230
8550	96
8550	242
8551	203
8551	264
8551	157
8551	198
8551	237
8551	230
8551	214
8551	242
8551	225
8552	100
8552	167
8552	267
8552	230
8552	150
8552	252
8552	242
8553	168
8553	81
8553	109
8553	230
8553	242
8554	156
8554	112
8554	11
8554	80
8554	150
8554	242
8555	267
8555	266
8555	259
8555	198
8555	242
8556	182
8556	267
8556	22
8556	6
8556	252
8556	214
8556	242
8556	225
8557	132
8557	245
8557	307
8557	230
8557	276
8557	323
8557	242
8558	203
8558	112
8558	106
8558	146
8558	10
8558	242
8559	267
8559	178
8559	291
8559	323
8559	242
8560	308
8560	195
8560	262
8560	205
8560	150
8560	242
8561	88
8561	167
8561	203
8561	262
8561	150
8561	242
8562	132
8562	144
8562	21
8562	291
8562	323
8562	242
8563	167
8563	267
8563	101
8563	230
8563	150
8563	160
8563	242
8564	267
8564	114
8564	230
8564	291
8564	323
8564	242
8565	167
8565	267
8565	101
8565	232
8565	230
8565	242
8566	76
8566	262
8566	112
8566	22
8566	150
8566	242
8567	267
8567	121
8567	224
8567	198
8567	230
8567	242
8568	267
8568	276
8568	258
8568	291
8568	323
8568	242
8569	308
8569	195
8569	262
8569	136
8569	242
8570	132
8570	245
8570	101
8570	140
8570	10
8570	242
8571	167
8571	224
8571	198
8571	230
8571	242
8572	167
8572	190
8572	230
8572	146
8572	148
8572	242
8573	149
8573	267
8573	291
8573	323
8573	242
8574	149
8574	334
8574	267
8574	291
8574	323
8574	242
8575	313
8575	114
8575	178
8575	259
8575	230
8575	253
8575	146
8575	102
8575	150
8575	216
8575	250
8575	291
8575	323
8575	242
8576	267
8576	136
8576	230
8576	323
8576	242
8577	100
8577	198
8577	228
8577	242
8578	267
8578	266
8578	259
8578	291
8578	214
8578	225
8579	167
8579	267
8579	266
8579	291
8579	323
8579	242
8580	144
8580	150
8580	252
8580	291
8580	323
8580	242
8581	267
8581	266
8581	178
8581	198
8581	214
8581	323
8581	225
8581	171
8582	267
8582	178
8582	198
8582	230
8582	288
8582	142
8582	242
8582	225
8583	307
8583	259
8583	230
8583	291
8583	323
8583	242
8584	270
8584	267
8584	116
8584	104
8584	156
8584	14
8584	230
8584	80
8584	242
8585	167
8585	267
8585	113
8585	116
8585	104
8585	14
8585	230
8585	242
8586	245
8586	182
8586	267
8586	230
8586	291
8586	323
8586	242
8587	108
8587	267
8587	350
8587	116
8587	230
8588	203
8588	266
8588	178
8588	101
8588	198
8588	106
8588	214
8588	242
8588	225
8589	267
8589	266
8589	198
8589	136
8589	230
8589	250
8589	242
8590	245
8590	91
8590	331
8590	146
8590	291
8590	225
8591	266
8591	178
8591	232
8591	219
8591	224
8591	198
8591	242
8591	225
8592	167
8592	267
8592	230
8592	242
8593	132
8593	245
8593	230
8593	291
8593	323
8593	242
8594	267
8594	230
8594	285
8594	167
8595	326
8595	104
8595	272
8595	337
8595	214
8595	242
8596	323
8596	291
8597	104
8597	259
8597	198
8597	136
8597	272
8597	242
8598	203
8598	116
8598	104
8598	14
8598	230
8598	242
8599	331
8599	224
8599	332
8599	242
8599	225
8600	132
8600	245
8600	198
8600	146
8600	216
8600	242
8601	168
8601	178
8601	198
8601	230
8601	144
8601	214
8601	242
8601	225
8602	167
8602	197
8602	104
8602	80
8602	22
8602	323
8602	242
8603	198
8603	26
8603	6
8603	150
8603	33
8603	242
8604	178
8604	331
8604	259
8604	224
8604	157
8604	198
8604	242
8605	334
8605	267
8605	307
8605	101
8605	198
8605	242
8606	313
8606	266
8606	178
8606	198
8606	230
8606	80
8606	102
8606	150
8606	216
8606	242
8607	97
8607	104
8607	209
8607	291
8607	323
8607	242
8608	104
8608	224
8608	198
8608	272
8608	242
8609	167
8609	267
8609	101
8609	291
8609	323
8609	242
8610	245
8610	91
8610	228
8610	144
8610	242
8611	178
8611	223
8611	224
8611	198
8611	136
8611	272
8611	242
8612	307
8612	276
8612	22
8612	242
8613	167
8613	267
8613	203
8613	208
8613	101
8613	259
8613	198
8613	230
8613	242
8614	168
8614	232
8614	331
8614	157
8614	144
8614	332
8614	242
8615	264
8615	266
8615	198
8615	26
8615	226
8615	301
8615	242
8616	307
8616	331
8616	224
8616	86
8616	332
8616	242
8617	114
8617	314
8617	326
8617	136
8617	146
8617	214
8617	242
8617	225
8618	167
8618	198
8618	26
8618	230
8618	96
8618	21
8618	242
8619	267
8619	307
8619	265
8619	130
8619	230
8619	242
8619	225
8619	55
8620	178
8620	116
8620	14
8620	230
8620	242
8620	55
8621	245
8621	266
8621	116
8621	198
8621	14
8621	237
8621	230
8621	21
8621	242
8622	92
8622	232
8622	331
8622	198
8622	144
8622	332
8622	242
8623	266
8623	258
8623	150
8623	291
8623	242
8624	229
8624	267
8624	266
8624	178
8624	307
8624	198
8624	228
8624	230
8624	242
8625	182
8625	203
8625	266
8625	198
8625	26
8625	144
8625	242
8626	245
8626	167
8626	266
8626	198
8626	21
8626	214
8626	242
8626	225
8627	270
8627	97
8627	276
8627	252
8627	242
8628	264
8628	326
8628	104
8628	230
8628	150
8628	323
8628	122
8628	242
8629	266
8629	198
8629	230
8629	323
8629	242
8629	171
8630	326
8630	104
8630	272
8630	230
8630	323
8630	242
8631	230
8631	142
8631	258
8631	22
8631	291
8631	323
8631	242
8632	167
8632	326
8632	224
8632	230
8632	22
8632	214
8632	242
8632	225
8633	266
8633	116
8633	259
8633	198
8633	107
8633	230
8633	276
8633	242
8634	313
8634	266
8634	178
8634	259
8634	252
8634	242
8634	225
8635	151
8635	72
8635	266
8635	178
8635	195
8635	259
8635	198
8635	302
8635	242
8636	100
8636	167
8636	267
8636	276
8636	33
8636	214
8636	242
8636	225
8637	178
8637	198
8637	14
8637	237
8637	230
8637	150
8637	214
8637	242
8637	225
8638	167
8638	266
8638	178
8638	307
8638	116
8638	104
8638	262
8638	242
8639	167
8639	266
8639	195
8639	259
8639	198
8639	106
8639	242
8640	267
8640	259
8640	198
8640	31
8640	302
8640	209
8640	214
8640	242
8640	225
8641	266
8641	307
8641	104
8641	331
8641	14
8641	228
8641	87
8641	150
8641	242
8642	178
8642	259
8642	198
8642	230
8642	323
8642	242
8642	171
8643	266
8643	178
8643	198
8643	230
8643	276
8643	242
8644	167
8644	267
8644	326
8644	230
8644	252
8644	242
8644	225
8645	151
8645	203
8645	276
8645	209
8645	33
8645	242
8646	164
8646	314
8646	178
8646	259
8646	198
8646	142
8646	242
8647	132
8647	198
8647	26
8647	140
8647	21
8647	242
8648	203
8648	112
8648	259
8648	198
8648	276
8648	144
8648	150
8648	242
8649	326
8649	230
8649	150
8649	252
8649	242
8649	225
8650	267
8650	203
8650	178
8650	198
8650	230
8650	146
8650	214
8650	242
8650	225
8651	167
8651	266
8651	259
8651	198
8651	230
8651	150
8651	242
8651	225
8652	266
8652	259
8652	198
8652	276
8652	288
8652	102
8652	242
8653	132
8653	266
8653	307
8653	198
8653	230
8653	144
8653	21
8653	242
8654	266
8654	178
8654	116
8654	259
8654	198
8654	14
8654	242
8655	267
8655	326
8655	331
8655	259
8655	142
8655	214
8655	242
8655	225
8656	167
8656	264
8656	307
8656	31
8656	302
8656	214
8656	242
8656	225
8657	167
8657	203
8657	266
8657	307
8657	104
8657	259
8657	198
8657	242
8658	167
8658	267
8658	101
8658	198
8658	230
8658	22
8658	242
8658	225
8659	198
8659	14
8659	237
8659	228
8659	230
8659	214
8659	242
8659	225
8660	167
8660	178
8660	198
8660	237
8660	230
8660	242
8660	225
8661	267
8661	307
8661	230
8661	288
8661	252
8661	242
8661	225
8662	132
8662	326
8662	198
8662	230
8662	148
8662	332
8662	216
8662	242
8663	167
8663	198
8663	228
8663	242
8663	225
8664	167
8664	267
8664	111
8664	224
8664	198
8664	214
8664	242
8664	225
8665	167
8665	307
8665	22
8665	150
8665	252
8665	214
8665	242
8665	225
8666	307
8666	198
8666	230
8666	242
8666	225
8667	267
8667	266
8667	331
8667	142
8667	332
8667	214
8667	242
8667	225
8668	270
8668	178
8668	198
8668	242
8668	225
8669	203
8669	314
8669	230
8669	142
8669	214
8669	291
8669	167
8670	167
8670	178
8670	198
8670	230
8670	21
8670	242
8670	225
8671	203
8671	142
8671	22
8671	33
8671	291
8671	242
8672	232
8672	331
8672	157
8672	144
8672	332
8672	242
8673	266
8673	178
8673	259
8673	198
8673	80
8673	10
8673	242
8674	245
8674	198
8674	2
8674	288
8674	146
8674	214
8674	242
8674	225
8675	167
8675	266
8675	198
8675	142
8675	214
8675	242
8675	225
8676	167
8676	267
8676	116
8676	144
8676	150
8676	214
8676	242
8676	225
8677	245
8677	76
8677	198
8677	102
8677	242
8677	225
8678	167
8678	198
8678	237
8678	228
8678	230
8678	242
8679	307
8679	116
8679	259
8679	14
8679	230
8679	214
8679	242
8679	225
8680	132
8680	266
8680	198
8680	31
8680	302
8680	230
8680	242
8680	225
8681	167
8681	266
8681	178
8681	198
8681	230
8681	22
8681	225
8681	171
8682	198
8682	106
8682	276
8682	242
8683	266
8683	178
8683	307
8683	198
8683	230
8683	22
8683	242
8683	225
8684	168
8684	267
8684	266
8684	178
8684	291
8684	225
8685	245
8685	167
8685	266
8685	198
8685	242
8685	225
8686	80
8686	226
8686	320
8686	216
8686	242
8686	225
8687	334
8687	267
8687	266
8687	259
8687	198
8687	150
8687	242
8688	267
8688	203
8688	178
8688	259
8688	198
8688	230
8688	242
8688	225
8689	167
8689	267
8689	178
8689	198
8689	21
8689	214
8689	242
8689	225
8690	266
8690	307
8690	259
8690	224
8690	198
8690	107
8690	242
8691	132
8691	266
8691	91
8691	198
8691	230
8691	253
8691	242
8692	259
8692	157
8692	198
8692	230
8692	209
8692	242
8692	225
8693	167
8693	267
8693	266
8693	198
8693	230
8693	242
8693	225
8694	267
8694	121
8694	266
8694	350
8694	259
8694	302
8694	291
8695	245
8695	91
8695	30
8695	331
8695	214
8695	242
8695	225
8696	178
8696	307
8696	198
8696	230
8696	96
8696	146
8696	214
8696	242
8696	225
8697	167
8697	267
8697	178
8697	198
8697	230
8697	22
8697	242
8697	225
8698	267
8698	190
8698	101
8698	350
8698	291
8698	167
8699	167
8699	198
8699	230
8699	96
8699	214
8699	242
8699	225
8700	245
8700	259
8700	198
8700	288
8700	96
8700	144
8700	214
8700	242
8700	225
8701	266
8701	178
8701	259
8701	230
8701	291
8701	214
8701	225
8702	133
8702	266
8702	307
8702	116
8702	259
8702	291
8702	323
8702	242
8703	270
8703	267
8703	178
8703	198
8703	230
8703	22
8703	242
8703	225
8704	314
8704	197
8704	306
8704	101
8704	198
8704	136
8704	144
8704	242
8705	266
8705	307
8705	319
8705	198
8705	293
8705	242
8706	203
8706	107
8706	291
8706	214
8706	225
8707	267
8707	266
8707	178
8707	291
8707	225
8708	267
8708	307
8708	326
8708	230
8708	242
8708	225
8709	267
8709	195
8709	331
8709	31
8709	242
8710	267
8710	307
8710	198
8710	230
8710	22
8710	242
8710	225
8711	314
8711	326
8711	230
8711	150
8711	252
8711	242
8711	225
8712	267
8712	266
8712	198
8712	288
8712	142
8712	214
8712	242
8712	225
8713	108
8713	266
8713	116
8713	259
8713	198
8713	242
8714	267
8714	266
8714	178
8714	198
8714	205
8714	214
8714	242
8714	225
8715	167
8715	267
8715	195
8715	150
8715	214
8715	242
8715	225
8716	182
8716	167
8716	267
8716	190
8716	198
8716	230
8716	22
8716	242
8716	225
8717	132
8717	267
8717	259
8717	198
8717	21
8717	214
8717	242
8717	225
8718	166
8718	307
8718	198
8718	142
8718	146
8718	22
8718	242
8719	267
8719	266
8719	104
8719	195
8719	198
8719	216
8719	242
8720	245
8720	267
8720	198
8720	237
8720	228
8720	96
8720	242
8720	225
8721	267
8721	178
8721	307
8721	144
8721	291
8721	225
8722	245
8722	267
8722	198
8722	136
8722	130
8722	96
8722	214
8722	242
8722	225
8723	167
8723	267
8723	101
8723	326
8723	230
8723	242
8723	225
8724	267
8724	266
8724	178
8724	307
8724	198
8724	225
8724	171
8725	267
8725	266
8725	178
8725	307
8725	291
8725	225
8725	162
8726	149
8726	267
8726	307
8726	198
8726	293
8726	146
8726	214
8726	242
8726	225
8727	167
8727	267
8727	190
8727	198
8727	242
8728	127
8728	266
8728	198
8728	214
8728	242
8728	225
8729	267
8729	307
8729	198
8729	230
8729	242
8729	225
8730	267
8730	266
8730	178
8730	307
8730	291
8730	225
8731	267
8731	178
8731	293
8731	146
8731	291
8731	225
8732	266
8732	307
8732	198
8732	142
8732	86
8732	144
8732	242
8733	267
8733	114
8733	266
8733	178
8733	291
8733	225
8734	267
8734	253
8734	338
8734	216
8734	291
8734	225
8735	267
8735	178
8735	307
8735	80
8735	291
8735	225
8736	267
8736	114
8736	307
8736	111
8736	291
8736	242
8737	182
8737	267
8737	291
8737	323
8738	267
8738	266
8738	307
8738	195
8738	291
8738	225
8739	267
8739	307
8739	276
8739	291
8739	225
8740	267
8740	114
8740	178
8740	307
8740	291
8740	225
8741	307
8741	223
8741	259
8741	198
8741	242
8741	225
8742	267
8742	307
8742	259
8742	198
8742	276
8742	144
8742	21
8742	242
8742	225
8743	267
8743	307
8743	198
8743	26
8743	146
8743	242
8743	225
8744	167
8744	101
8744	198
8744	228
8744	146
8744	242
8745	319
8745	198
8745	144
8745	242
8746	149
8746	198
8746	142
8746	22
8746	242
8747	267
8747	198
8747	142
8747	242
8748	109
8748	266
8748	307
8748	198
8748	242
8749	149
8749	114
8749	113
8749	198
8749	230
8749	225
8749	5
8750	163
8750	203
8750	80
8750	150
8750	225
8750	5
8751	163
8751	114
8751	113
8751	259
8751	198
8751	228
8751	276
8751	242
8751	324
8752	118
8752	114
8752	113
8752	198
8752	237
8752	230
8752	242
8752	225
8752	324
8753	203
8753	81
8753	114
8753	144
8753	22
8753	225
8754	163
8754	264
8754	91
8754	230
8754	144
8754	242
8754	225
8755	118
8755	264
8755	282
8755	198
8755	237
8755	213
8755	242
8755	225
8756	72
8756	264
8756	115
8756	195
8756	198
8756	230
8756	225
8756	32
8757	203
8757	198
8757	26
8757	230
8757	22
8757	150
8757	242
8757	225
8758	203
8758	114
8758	136
8758	106
8758	230
8758	242
8758	225
8759	267
8759	26
8759	21
8759	291
8759	323
8759	242
8759	225
8760	114
8760	113
8760	195
8760	198
8760	225
8760	85
8760	317
8761	264
8761	282
8761	114
8761	178
8761	156
8761	198
8761	107
8761	237
8761	230
8761	86
8761	242
8762	88
8762	203
8762	114
8762	198
8762	258
8762	102
8762	242
8762	225
8763	163
8763	264
8763	282
8763	114
8763	198
8763	237
8763	242
8763	225
8764	264
8764	237
8764	230
8764	146
8764	291
8764	323
8764	242
8765	264
8765	282
8765	114
8765	178
8765	156
8765	198
8765	107
8765	237
8765	230
8765	86
8765	242
8766	163
8766	282
8766	291
8766	323
8766	242
8767	203
8767	72
8767	230
8767	144
8767	252
8767	242
8767	225
8768	198
8768	19
8768	242
8769	114
8769	198
8769	107
8769	230
8769	86
8769	144
8769	242
8770	195
8770	262
8770	112
8770	200
8770	242
8770	225
8770	317
8770	324
8771	264
8771	114
8771	219
8771	198
8771	230
8771	242
8771	225
8771	268
8772	163
8772	114
8772	113
8772	198
8772	230
8772	80
8772	225
8773	282
8773	114
8773	198
8773	237
8773	230
8773	213
8773	242
8773	225
8774	264
8774	282
8774	237
8774	228
8774	291
8774	323
8774	242
8775	203
8775	106
8775	272
8775	230
8775	191
8775	225
8776	203
8776	114
8776	146
8776	291
8776	323
8776	242
8776	225
8777	81
8777	114
8777	198
8777	26
8777	230
8777	144
8777	242
8777	225
8778	151
8778	264
8778	282
8778	114
8778	198
8778	107
8778	237
8778	230
8778	86
8778	242
8778	5
8779	198
8779	19
8779	242
8780	163
8780	114
8780	113
8780	319
8780	198
8780	230
8780	225
8781	326
8781	331
8781	144
8781	332
8781	291
8781	242
8781	225
8782	264
8782	282
8782	114
8782	198
8782	107
8782	237
8782	230
8782	86
8782	242
8783	163
8783	264
8783	198
8783	144
8783	323
8783	242
8783	225
8783	171
8784	151
8784	264
8784	282
8784	114
8784	198
8784	107
8784	237
8784	230
8784	86
8784	242
8784	5
8785	81
8785	114
8785	331
8785	26
8785	11
8785	242
8785	324
8786	97
8786	264
8786	114
8786	331
8786	332
8786	242
8786	225
8786	324
8787	180
8787	104
8787	331
8787	80
8787	242
8787	324
8788	132
8788	26
8788	291
8788	323
8788	242
8788	225
8788	34
8789	163
8789	114
8789	113
8789	198
8789	230
8789	146
8789	225
8790	114
8790	331
8790	26
8790	31
8790	11
8790	242
8790	324
8791	264
8791	114
8791	198
8791	237
8791	144
8791	242
8791	225
8792	114
8792	331
8792	26
8792	31
8792	11
8792	242
8792	324
8793	114
8793	331
8793	31
8793	11
8793	144
8793	242
8793	324
8794	264
8794	114
8794	198
8794	26
8794	237
8794	228
8794	242
8794	225
8794	317
8794	324
8795	203
8795	81
8795	121
8795	264
8795	114
8795	242
8796	121
8796	114
8796	331
8796	332
8796	323
8796	242
8796	225
8796	5
8797	113
8797	156
8797	106
8797	291
8797	323
8797	242
8797	225
8797	255
8798	163
8798	114
8798	113
8798	319
8798	198
8798	230
8798	225
8799	224
8799	198
8799	26
8799	230
8799	144
8799	225
8799	5
8799	317
8800	164
8800	203
8800	114
8800	308
8800	198
8800	185
8800	80
8800	86
8800	216
8800	242
8800	324
8801	203
8801	114
8801	178
8801	156
8801	198
8801	107
8801	230
8801	86
8801	242
8802	114
8802	300
8802	146
8802	86
8802	258
8802	144
8802	291
8802	323
8802	242
8802	5
8803	163
8803	72
8803	114
8803	116
8803	198
8803	230
8803	225
8804	163
8804	114
8804	80
8804	207
8804	225
8804	5
8805	264
8805	114
8805	198
8805	237
8805	144
8805	213
8805	242
8805	225
8806	224
8806	198
8806	250
8806	345
8806	242
8806	353
8807	267
8807	114
8807	31
8807	230
8807	209
8807	323
8807	242
8807	225
8808	264
8808	114
8808	198
8808	237
8808	230
8808	276
8808	242
8808	225
8809	97
8809	114
8809	198
8809	237
8809	230
8809	258
8809	242
8809	225
8809	324
8810	264
8810	113
8810	198
8810	237
8810	230
8810	242
8810	225
8810	324
8811	113
8811	195
8811	156
8811	230
8811	291
8811	242
8811	225
8812	203
8812	306
8812	195
8812	259
8812	198
8812	230
8812	242
8812	225
8812	317
8813	229
8813	81
8813	114
8813	300
8813	198
8813	316
8813	242
8813	225
8813	324
8814	127
8814	23
8814	203
8814	264
8814	114
8814	259
8814	198
8814	107
8814	106
8814	230
8814	276
8814	209
8814	253
8814	80
8814	258
8814	147
8814	102
8814	320
8814	337
8814	103
8814	242
8814	225
8814	255
8814	324
8815	264
8815	198
8815	237
8815	230
8815	213
8815	225
8816	23
8816	203
8816	264
8816	114
8816	259
8816	198
8816	107
8816	106
8816	230
8816	276
8816	209
8816	258
8816	242
8816	225
8816	324
8817	163
8817	114
8817	300
8817	224
8817	198
8817	144
8817	242
8817	225
8817	32
8817	324
8818	264
8818	116
8818	237
8818	291
8818	225
8819	169
8819	270
8819	81
8819	146
8819	323
8819	242
8819	5
8820	264
8820	114
8820	195
8820	175
8820	276
8820	225
8820	317
8821	114
8821	302
8821	146
8821	337
8821	242
8821	5
8822	163
8822	109
8822	114
8822	113
8822	198
8822	136
8822	242
8822	324
8823	114
8823	113
8823	198
8823	106
8823	230
8823	225
8823	211
8824	264
8824	114
8824	326
8824	198
8824	26
8824	228
8824	242
8824	225
8824	317
8824	324
8825	163
8825	114
8825	113
8825	80
8825	225
8825	158
8826	203
8826	170
8826	331
8826	233
8826	11
8826	242
8826	225
8827	270
8827	114
8827	80
8827	291
8827	323
8827	242
8827	225
8828	264
8828	114
8828	178
8828	198
8828	228
8828	230
8828	225
8829	264
8829	114
8829	116
8829	198
8829	237
8829	213
8829	242
8829	225
8830	230
8830	209
8830	80
8830	144
8830	291
8830	323
8830	242
8831	203
8831	114
8831	198
8831	106
8831	230
8831	144
8831	225
8831	317
8832	114
8832	198
8832	26
8832	31
8832	230
8832	144
8832	225
8832	317
8833	132
8833	300
8833	198
8833	230
8833	146
8833	123
8833	225
8834	203
8834	114
8834	232
8834	198
8834	230
8834	250
8834	242
8835	264
8835	114
8835	91
8835	198
8835	26
8835	230
8835	242
8835	225
8836	149
8836	81
8836	195
8836	242
8836	225
8836	85
8837	170
8837	331
8837	233
8837	332
8837	291
8837	242
8837	225
8838	264
8838	114
8838	198
8838	237
8838	230
8838	242
8838	225
8838	32
8838	324
8839	203
8839	326
8839	198
8839	6
8839	103
8839	33
8839	225
8839	317
8840	144
8840	291
8840	323
8840	345
8841	81
8841	86
8841	144
8841	291
8841	323
8841	345
8842	163
8842	264
8842	26
8842	230
8842	144
8842	225
8843	203
8843	264
8843	282
8843	198
8843	150
8843	242
8843	238
8844	203
8844	170
8844	331
8844	233
8844	11
8844	242
8844	225
8845	113
8845	331
8845	26
8845	146
8845	242
8845	225
8845	5
8846	163
8846	264
8846	198
8846	237
8846	228
8846	242
8847	264
8847	282
8847	114
8847	113
8847	259
8847	198
8847	230
8847	242
8847	324
8848	267
8848	114
8848	276
8848	142
8848	258
8848	225
8849	334
8849	339
8849	264
8849	282
8849	198
8849	237
8849	228
8849	230
8849	242
8849	249
8849	324
8850	121
8850	170
8850	331
8850	233
8850	12
8850	242
8850	225
8851	114
8851	198
8851	106
8851	302
8851	276
8851	250
8851	242
8851	225
8852	267
8852	111
8852	112
8852	147
8852	291
8852	323
8852	242
8853	277
8853	163
8853	264
8853	291
8853	225
8854	203
8854	81
8854	209
8854	242
8854	225
8854	289
8854	78
8855	91
8855	26
8855	230
8855	146
8855	242
8855	225
8855	5
8856	163
8856	114
8856	113
8856	198
8856	230
8856	250
8856	225
8857	264
8857	282
8857	114
8857	237
8857	242
8857	225
8857	179
8858	264
8858	198
8858	237
8858	228
8858	230
8858	242
8858	225
8858	75
8859	18
8859	267
8859	195
8859	80
8859	242
8859	225
8859	317
8859	324
8860	163
8860	342
8860	337
8860	291
8860	225
8860	289
8861	132
8861	245
8861	198
8861	148
8861	242
8861	225
8861	34
8861	317
8862	203
8862	114
8862	230
8862	323
8862	242
8862	225
8862	171
8863	114
8863	198
8863	86
8863	144
8863	337
8863	216
8863	353
8864	114
8864	178
8864	198
8864	146
8864	144
8864	242
8864	225
8864	5
8865	117
8865	264
8865	282
8865	114
8865	198
8865	237
8865	242
8865	225
8866	111
8866	106
8866	230
8866	276
8866	323
8866	242
8866	225
8867	163
8867	114
8867	80
8867	216
8867	225
8867	5
8868	261
8868	195
8868	112
8868	200
8868	242
8868	225
8868	317
8868	324
8869	173
8869	335
8869	261
8869	7
8869	225
8870	30
8870	195
8870	291
8870	323
8870	242
8870	171
8871	114
8871	178
8871	198
8871	230
8871	86
8871	144
8871	242
8871	5
8872	127
8872	163
8872	331
8872	80
8872	225
8872	5
8873	264
8873	282
8873	114
8873	198
8873	237
8873	213
8873	242
8873	225
8874	163
8874	203
8874	114
8874	146
8874	242
8874	5
8875	163
8875	114
8875	113
8875	291
8875	323
8875	242
8875	225
8875	32
8876	224
8876	230
8876	146
8876	144
8876	242
8876	5
8877	163
8877	264
8877	198
8877	230
8877	276
8877	80
8877	242
8877	225
8877	32
8877	324
8878	127
8878	163
8878	114
8878	80
8878	103
8878	225
8879	264
8879	114
8879	195
8879	175
8879	276
8879	242
8879	225
8879	317
8879	324
8880	203
8880	264
8880	282
8880	114
8880	198
8880	237
8880	242
8880	225
8881	92
8881	203
8881	223
8881	144
8881	225
8881	287
8882	277
8882	163
8882	264
8882	116
8882	291
8882	225
8882	32
8883	203
8883	114
8883	198
8883	146
8883	144
8883	21
8883	242
8883	225
8884	267
8884	197
8884	112
8884	147
8884	291
8884	242
8885	163
8885	326
8885	26
8885	288
8885	144
8885	225
8886	11
8886	80
8886	22
8886	150
8886	242
8887	81
8887	282
8887	114
8887	198
8887	107
8887	237
8887	230
8887	144
8887	242
8888	163
8888	114
8888	198
8888	26
8888	225
8888	5
8889	270
8889	114
8889	198
8889	230
8889	250
8889	242
8889	225
8889	317
8890	264
8890	282
8890	114
8890	113
8890	198
8890	237
8890	242
8890	225
8891	163
8891	114
8891	113
8891	198
8891	230
8891	276
8891	242
8891	324
8892	267
8892	195
8892	276
8892	209
8892	142
8892	242
8892	225
8892	79
8893	270
8893	224
8893	198
8893	144
8893	243
8893	242
8893	5
8894	114
8894	113
8894	224
8894	198
8894	230
8894	250
8894	242
8894	225
8894	317
8895	270
8895	26
8895	358
8895	345
8895	242
8896	100
8896	114
8896	224
8896	198
8896	242
8896	225
8896	317
8896	324
8897	264
8897	114
8897	198
8897	237
8897	213
8897	242
8897	225
8897	85
8898	203
8898	327
8898	195
8898	276
8898	22
8898	242
8898	324
8899	203
8899	195
8899	80
8899	22
8899	242
8899	225
8899	211
8900	195
8900	276
8900	291
8900	323
8900	242
8900	171
8901	114
8901	195
8901	291
8901	323
8901	345
8902	72
8902	114
8902	113
8902	116
8902	198
8902	10
8902	225
8903	203
8903	81
8903	114
8903	198
8903	237
8903	230
8903	242
8903	225
8904	293
8904	6
8904	103
8904	33
8904	242
8904	78
8905	163
8905	331
8905	11
8905	332
8905	225
8905	5
8906	245
8906	163
8906	30
8906	198
8906	148
8906	242
8906	225
8906	324
8907	264
8907	116
8907	198
8907	237
8907	230
8907	213
8907	242
8907	225
8908	246
8908	114
8908	198
8908	94
8908	230
8908	209
8908	225
8909	163
8909	26
8909	230
8909	225
8909	158
8909	5
8910	114
8910	224
8910	146
8910	144
8910	242
8911	80
8911	146
8911	22
8911	225
8911	158
8911	5
8912	163
8912	282
8912	114
8912	113
8912	198
8912	237
8912	242
8912	225
8913	264
8913	198
8913	237
8913	87
8913	230
8913	144
8913	242
8913	225
8913	32
8913	324
8914	114
8914	230
8914	276
8914	10
8914	291
8914	242
8914	225
8915	245
8915	152
8915	198
8915	136
8915	148
8915	140
8915	225
8915	317
8916	267
8916	197
8916	112
8916	288
8916	291
8916	323
8916	242
8917	264
8917	282
8917	237
8917	228
8917	291
8917	323
8917	242
8918	264
8918	282
8918	116
8918	198
8918	237
8918	230
8918	242
8919	178
8919	331
8919	228
8919	31
8919	242
8919	324
8920	4
8920	230
8920	146
8920	144
8920	242
8920	5
8921	163
8921	264
8921	224
8921	198
8921	237
8921	230
8921	242
8921	225
8921	324
8922	203
8922	81
8922	209
8922	33
8922	291
8922	242
8922	225
8923	331
8923	26
8923	146
8923	332
8923	225
8923	5
8924	163
8924	203
8924	327
8924	259
8924	198
8924	106
8924	230
8924	209
8924	22
8924	103
8924	33
8924	242
8924	324
8925	114
8925	206
8925	198
8925	185
8925	19
8925	242
8926	203
8926	114
8926	198
8926	276
8926	22
8926	33
8926	242
8926	225
8926	317
8926	324
8927	226
8927	291
8927	323
8927	242
8927	171
8928	92
8928	326
8928	26
8928	293
8928	144
8928	225
8929	267
8929	331
8929	146
8929	332
8929	291
8929	242
8929	225
8930	264
8930	114
8930	195
8930	175
8930	276
8930	225
8930	317
8931	163
8931	198
8931	337
8931	150
8931	225
8931	289
8932	30
8932	195
8932	198
8932	96
8932	148
8932	225
8932	317
8933	203
8933	331
8933	230
8933	25
8933	252
8933	242
8933	225
8934	203
8934	114
8934	198
8934	106
8934	230
8934	22
8934	242
8934	225
8935	151
8935	291
8935	323
8935	242
8935	171
8936	203
8936	114
8936	230
8936	144
8936	252
8936	225
8937	163
8937	198
8937	26
8937	230
8937	216
8937	225
8937	5
8938	264
8938	114
8938	113
8938	198
8938	237
8938	242
8938	225
8939	251
8939	109
8939	114
8939	136
8939	230
8939	323
8939	242
8940	109
8940	26
8940	230
8940	258
8940	337
8940	225
8941	270
8941	264
8941	282
8941	198
8941	237
8941	228
8941	242
8942	267
8942	197
8942	112
8942	288
8942	291
8942	323
8942	242
8943	163
8943	230
8943	146
8943	33
8943	225
8943	5
8944	264
8944	113
8944	156
8944	198
8944	230
8944	242
8944	225
8944	32
8944	324
8945	114
8945	30
8945	26
8945	144
8945	243
8945	242
8945	225
8946	163
8946	151
8946	203
8946	264
8946	113
8946	198
8946	242
8946	225
8947	114
8947	259
8947	198
8947	230
8947	142
8947	86
8947	242
8948	132
8948	270
8948	198
8948	107
8948	276
8948	86
8948	144
8948	242
8948	5
8949	109
8949	224
8949	230
8949	258
8949	144
8949	225
8949	317
8950	118
8950	264
8950	114
8950	198
8950	26
8950	237
8950	242
8950	225
8951	203
8951	81
8951	198
8951	155
8951	17
8951	276
8951	225
8952	107
8952	276
8952	146
8952	243
8952	242
8952	225
8952	255
8953	264
8953	282
8953	237
8953	230
8953	291
8953	323
8953	242
8954	198
8954	19
8954	242
8955	2
8955	198
8956	132
8956	163
8956	198
8956	26
8956	230
8956	225
8956	5
8957	203
8957	195
8957	26
8957	107
8957	276
8957	291
8957	242
8957	225
8958	203
8958	113
8958	230
8958	144
8958	252
8958	242
8958	225
8959	270
8959	291
8959	323
8959	345
8960	113
8960	156
8960	198
8960	242
8960	225
8960	324
8961	203
8961	109
8961	114
8961	257
8961	230
8961	242
8961	225
8962	114
8962	331
8962	144
8962	332
8962	242
8962	225
8963	264
8963	114
8963	198
8963	230
8963	242
8963	225
8963	83
8963	324
8964	163
8964	11
8964	80
8964	22
8964	225
8964	5
8965	264
8965	114
8965	198
8965	22
8965	33
8965	269
8965	242
8965	225
8965	324
8966	291
8966	323
8966	242
8966	171
8966	5
8967	114
8967	26
8967	146
8967	337
8967	353
8968	163
8968	203
8968	326
8968	198
8968	144
8968	225
8968	5
8969	203
8969	264
8969	114
8969	259
8969	198
8969	230
8969	242
8970	264
8970	198
8970	155
8970	17
8970	230
8970	144
8970	225
8971	149
8971	81
8971	195
8971	205
8971	209
8971	323
8971	242
8971	225
8972	203
8972	230
8972	144
8972	252
8972	242
8972	225
8973	270
8973	163
8973	264
8973	327
8973	198
8973	230
8973	225
8974	108
8974	88
8974	144
8974	291
8974	225
8975	178
8975	291
8975	323
8975	242
8975	171
8976	144
8976	291
8976	323
8976	242
8976	171
8977	270
8977	203
8977	258
8978	163
8978	259
8978	80
8978	146
8978	225
8978	5
8979	198
8979	302
8979	209
8979	22
8979	337
8979	150
8979	242
8979	225
8980	182
8980	203
8980	205
8980	230
8980	276
8980	225
8981	264
8981	198
8981	26
8981	230
8981	276
8981	293
8981	214
8981	242
8981	225
8982	267
8982	146
8982	144
8982	323
8982	242
8983	259
8983	198
8983	230
8983	148
8983	123
8983	242
8983	225
8983	317
8984	198
8984	291
8984	323
8984	242
8984	171
8985	26
8985	291
8985	323
8985	242
8985	171
8985	255
8986	178
8986	291
8986	323
8986	242
8986	171
8987	86
8987	291
8987	323
8987	242
8987	171
8987	5
8988	245
8988	148
8988	144
8988	225
8988	34
8989	97
8989	203
8989	230
8989	276
8989	144
8989	214
8989	242
8989	225
8990	270
8990	97
8990	156
8990	209
8990	258
8991	339
8991	264
8991	114
8991	198
8991	228
8991	230
8991	80
8991	86
8991	242
8991	249
8991	324
8992	163
8992	114
8992	80
8992	291
8992	323
8992	242
8992	225
8992	32
8993	87
8993	293
8993	144
8993	252
8993	225
8993	328
8994	163
8994	203
8994	198
8994	293
8994	146
8994	242
8994	225
8994	5
8994	324
8995	331
8995	233
8995	144
8995	12
8995	242
8995	225
8996	264
8996	114
8996	198
8996	237
8996	230
8996	242
8996	225
8996	32
8996	324
8997	270
8997	14
8997	209
8997	102
8998	163
8998	80
8998	22
8998	242
8998	225
8998	211
8998	5
8999	163
8999	264
8999	198
8999	144
8999	323
8999	242
8999	225
8999	171
9000	264
9000	114
9000	198
9000	230
9000	323
9000	242
9000	225
9000	171
9001	203
9001	264
9001	276
9001	291
9001	323
9001	242
9001	225
9002	163
9002	203
9002	114
9002	291
9002	323
9002	242
9002	225
9003	163
9003	114
9003	106
9003	291
9003	323
9003	242
9004	282
9004	198
9004	87
9004	230
9004	150
9004	250
9004	242
9005	106
9005	302
9005	276
9005	209
9005	242
9006	163
9006	88
9006	264
9006	114
9006	111
9006	198
9006	214
9006	242
9006	225
9007	203
9007	114
9007	7
9007	195
9007	156
9007	345
9007	242
9008	127
9008	230
9008	25
9008	250
9008	323
9008	242
9008	225
9009	104
9009	230
9009	293
9009	146
9009	144
9009	242
9009	225
9010	163
9010	331
9010	228
9010	332
9010	242
9010	225
9010	271
9010	324
9011	270
9011	178
9011	230
9011	291
9011	323
9011	242
9012	163
9012	114
9012	228
9012	230
9012	242
9012	171
9013	263
9013	264
9013	113
9013	156
9013	198
9013	230
9013	242
9013	225
9013	32
9013	324
9014	163
9014	72
9014	342
9014	116
9014	198
9014	87
9014	242
9014	225
9014	324
9015	127
9015	203
9015	104
9015	156
9015	198
9015	293
9015	323
9015	242
9015	225
9016	270
9016	302
9016	209
9016	103
9016	242
9017	291
9017	323
9017	345
9018	291
9018	323
9018	345
9019	291
9019	323
9019	345
9020	298
9020	291
9020	323
9020	345
9021	163
9021	72
9021	116
9021	198
9021	87
9021	80
9021	242
9021	225
9021	273
9022	270
9022	339
9022	109
9022	230
9022	242
9022	225
9022	312
9023	163
9023	230
9023	80
9023	144
9023	22
9023	242
9023	225
9023	324
9024	163
9024	121
9024	26
9024	80
9024	146
9024	242
9024	225
9024	324
9025	114
9025	178
9025	195
9025	112
9025	323
9025	242
9025	225
9026	163
9026	114
9026	178
9026	291
9026	323
9026	242
9027	114
9027	206
9027	198
9027	185
9027	19
9027	242
9028	2
9028	114
9028	206
9029	264
9029	237
9029	228
9029	291
9029	242
9029	225
9030	203
9030	195
9030	107
9030	291
9030	323
9030	242
9031	264
9031	282
9031	224
9031	198
9031	237
9031	291
9031	323
9031	242
9032	132
9032	26
9032	146
9032	291
9032	323
9032	345
9033	132
9033	26
9033	86
9033	144
9033	291
9033	323
9033	345
9034	264
9034	198
9034	26
9034	237
9034	242
9034	225
9034	281
9035	203
9035	331
9035	26
9035	144
9035	22
9035	242
9035	225
9036	270
9036	163
9036	26
9036	144
9036	21
9036	323
9036	242
9036	225
9036	324
9037	163
9037	264
9037	114
9037	198
9037	230
9037	242
9037	225
9037	32
9038	291
9038	323
9038	345
9039	264
9039	282
9039	237
9039	228
9039	291
9039	323
9039	242
9040	132
9040	163
9040	113
9040	80
9040	22
9040	242
9040	225
9041	163
9041	264
9041	116
9041	291
9041	323
9041	242
9041	225
9042	264
9042	114
9042	113
9042	198
9042	237
9042	213
9042	242
9042	225
9043	198
9043	230
9043	276
9043	146
9043	86
9043	250
9043	242
9043	225
9044	314
9044	198
9044	26
9044	155
9044	230
9044	144
9044	242
9044	225
9045	270
9045	106
9045	230
9045	150
9045	225
9045	283
9045	241
9046	270
9046	163
9046	331
9046	26
9046	332
9046	242
9046	225
9046	324
9047	250
9047	291
9047	323
9047	345
9048	81
9048	230
9048	291
9048	323
9048	345
9049	270
9049	198
9049	106
9049	230
9049	150
9049	225
9049	283
9049	241
9050	163
9050	114
9050	113
9050	80
9050	337
9050	242
9050	225
9051	331
9051	146
9051	144
9051	332
9051	242
9051	225
9052	92
9052	134
9052	259
9052	198
9052	230
9052	213
9052	242
9052	225
9053	264
9053	237
9053	230
9053	291
9053	242
9053	225
9054	81
9054	114
9054	327
9054	195
9054	338
9054	283
9054	241
9055	170
9055	331
9055	233
9055	31
9055	12
9055	242
9055	225
9056	97
9056	114
9056	146
9056	144
9056	242
9056	225
9056	239
9057	291
9057	323
9057	345
9058	291
9058	323
9058	345
9059	81
9059	232
9059	157
9059	250
9059	323
9059	242
9060	203
9060	114
9060	198
9060	22
9060	150
9060	33
9060	214
9060	242
9060	225
9061	203
9061	230
9061	276
9061	291
9061	323
9061	283
9061	241
9062	163
9062	264
9062	114
9062	113
9062	116
9062	230
9062	323
9062	242
9063	111
9063	198
9063	119
9063	230
9063	144
9063	323
9063	242
9063	225
9063	171
9064	163
9064	114
9064	331
9064	26
9064	332
9064	242
9064	225
9064	324
9065	203
9065	264
9065	327
9065	230
9065	252
9065	242
9065	225
9066	88
9066	230
9066	276
9066	144
9066	252
9066	214
9066	242
9066	225
9067	291
9067	323
9067	345
9068	198
9068	230
9068	80
9068	144
9068	242
9068	239
9068	240
9069	264
9069	237
9069	230
9069	291
9069	323
9069	225
9070	264
9070	26
9070	230
9070	252
9070	12
9070	214
9070	242
9070	225
9071	156
9071	198
9071	107
9071	230
9071	258
9071	10
9071	242
9071	225
9071	317
9072	291
9072	323
9072	345
9073	291
9073	323
9073	345
9074	291
9074	323
9074	345
9075	92
9075	261
9075	7
9075	230
9075	6
9075	242
9075	225
9076	127
9076	163
9076	114
9076	331
9076	259
9076	26
9076	146
9076	147
9076	320
9076	332
9076	242
9076	225
9076	324
9077	203
9077	264
9077	116
9077	198
9077	230
9077	80
9077	242
9078	192
9078	119
9078	230
9078	276
9078	144
9078	242
9078	225
9079	108
9079	163
9079	114
9079	113
9079	198
9079	230
9079	242
9079	225
9080	163
9080	151
9080	203
9080	114
9080	113
9080	198
9080	242
9080	225
9080	324
9081	264
9081	114
9081	178
9081	198
9081	228
9081	230
9081	323
9081	242
9081	225
9082	149
9082	264
9082	114
9082	198
9082	237
9082	230
9082	242
9082	225
9082	32
9082	324
9083	264
9083	114
9083	237
9083	230
9083	323
9083	242
9083	225
9083	32
9084	146
9084	291
9084	323
9084	345
9085	326
9085	26
9085	144
9085	291
9085	323
9085	345
9086	230
9086	291
9086	323
9086	345
9087	26
9087	107
9087	291
9087	323
9087	345
9088	203
9088	291
9088	323
9088	358
9088	345
9088	376
9089	291
9089	323
9089	366
9089	345
9089	276
9090	163
9090	326
9090	331
9090	323
9090	225
9090	171
9091	91
9091	331
9091	228
9091	31
9091	332
9091	242
9091	225
9092	203
9092	81
9092	80
9092	22
9092	323
9092	242
9093	267
9093	327
9093	326
9093	146
9093	252
9093	242
9093	225
9094	203
9094	26
9094	80
9094	291
9094	323
9094	242
9094	225
9095	134
9095	195
9095	198
9095	230
9095	209
9095	21
9095	242
9095	225
9095	317
9096	163
9096	203
9096	114
9096	113
9096	327
9096	198
9096	26
9096	276
9096	80
9096	86
9096	22
9096	242
9096	225
9096	324
9097	337
9097	291
9097	323
9097	345
9098	291
9098	323
9098	345
9098	226
9099	203
9099	291
9099	323
9099	345
9100	203
9100	291
9100	323
9100	345
9101	109
9101	114
9101	106
9101	230
9101	337
9101	242
9101	225
9102	339
9102	264
9102	282
9102	114
9102	237
9102	228
9102	230
9102	323
9102	242
9102	324
9103	264
9103	114
9103	326
9103	237
9103	86
9103	242
9104	163
9104	114
9104	113
9104	198
9104	26
9104	228
9104	276
9104	209
9104	86
9104	102
9104	103
9104	242
9104	225
9104	324
9105	270
9105	163
9105	203
9105	331
9105	11
9105	86
9105	147
9105	144
9105	22
9105	242
9105	225
9105	281
9106	270
9106	163
9106	203
9106	114
9106	113
9106	11
9106	253
9106	80
9106	22
9106	242
9106	225
9106	211
9106	324
9107	339
9107	264
9107	237
9107	230
9107	291
9107	323
9107	242
9107	249
9107	324
9108	6
9108	33
9108	283
9108	241
9108	256
9109	264
9109	114
9109	237
9109	230
9109	323
9109	242
9109	225
9109	32
9110	264
9110	262
9110	198
9110	237
9110	242
9111	145
9111	148
9111	140
9111	323
9111	301
9111	242
9111	5
9112	163
9112	264
9112	116
9112	291
9112	323
9112	242
9112	225
9113	163
9113	203
9113	114
9113	113
9113	198
9113	228
9113	17
9113	209
9113	253
9113	80
9113	147
9113	242
9113	225
9113	324
9114	264
9114	228
9114	302
9114	230
9114	144
9114	242
9114	225
9115	104
9115	331
9115	144
9115	332
9115	242
9115	211
9116	203
9116	195
9116	107
9116	276
9116	209
9116	242
9116	225
9117	203
9117	264
9117	178
9117	198
9117	237
9117	230
9117	214
9117	242
9117	225
9118	163
9118	203
9118	114
9118	314
9118	156
9118	198
9118	26
9118	150
9118	103
9118	242
9118	225
9118	324
9119	198
9119	26
9119	148
9119	242
9119	225
9119	89
9119	34
9120	163
9120	178
9120	230
9120	291
9120	323
9120	242
9120	225
9120	32
9121	163
9121	114
9121	198
9121	99
9121	106
9121	230
9121	242
9121	225
9121	324
9122	132
9122	26
9122	230
9122	144
9122	21
9122	242
9122	225
9123	95
9123	264
9123	198
9123	237
9123	228
9123	230
9123	242
9124	108
9124	276
9124	288
9124	258
9124	21
9124	242
9124	225
9124	317
9124	324
9125	149
9125	267
9125	198
9125	230
9125	150
9125	250
9125	242
9125	225
9126	267
9126	276
9126	144
9126	150
9126	252
9126	242
9126	225
9127	163
9127	203
9127	114
9127	198
9127	22
9127	242
9127	225
9127	174
9127	324
9128	163
9128	264
9128	282
9128	291
9128	323
9128	242
9128	225
9129	245
9129	149
9129	319
9129	291
9129	323
9129	242
9129	225
9130	163
9130	253
9130	80
9130	22
9130	225
9130	211
9131	331
9131	26
9131	87
9131	144
9131	332
9131	242
9131	225
9132	339
9132	203
9132	109
9132	264
9132	114
9132	198
9132	228
9132	230
9132	242
9132	249
9132	324
9133	163
9133	203
9133	114
9133	198
9133	230
9133	22
9133	225
9134	203
9134	26
9134	106
9134	276
9134	242
9134	225
9134	78
9135	151
9135	323
9136	203
9136	81
9136	230
9136	276
9136	252
9136	214
9136	242
9136	225
9137	114
9137	192
9137	156
9137	198
9137	230
9137	242
9137	225
9138	203
9138	26
9138	22
9138	291
9138	323
9138	242
9138	225
9139	264
9139	282
9139	237
9139	228
9139	144
9139	225
9140	203
9140	121
9140	106
9140	230
9140	144
9140	242
9140	225
9141	327
9141	323
9141	377
9142	108
9142	88
9142	198
9142	26
9142	144
9142	242
9142	225
9143	163
9143	198
9143	230
9143	288
9143	258
9143	225
9144	264
9144	114
9144	198
9144	237
9144	230
9144	150
9144	225
9145	163
9145	203
9145	114
9145	233
9145	144
9145	225
9146	203
9146	31
9146	302
9146	291
9146	225
9147	267
9147	2
9147	230
9147	291
9147	323
9147	225
9148	267
9148	203
9148	114
9148	323
9148	242
9149	121
9149	114
9149	113
9149	230
9149	250
9149	242
9149	225
9149	317
9150	163
9150	114
9150	113
9150	80
9150	86
9150	225
9151	72
9151	116
9151	223
9151	198
9151	228
9151	230
9151	242
9152	203
9152	81
9152	230
9152	209
9152	10
9152	214
9152	242
9152	225
9153	170
9153	331
9153	233
9153	144
9153	12
9153	225
9154	163
9154	326
9154	198
9154	26
9154	230
9154	144
9154	225
9155	203
9155	264
9155	282
9155	198
9155	230
9155	10
9155	225
9156	92
9156	203
9156	223
9156	11
9156	150
9156	242
9156	225
9157	132
9157	114
9157	30
9157	198
9157	230
9157	146
9157	144
9157	102
9157	242
9157	378
9158	163
9158	203
9158	232
9158	331
9158	157
9158	198
9158	225
9159	339
9159	203
9159	264
9159	282
9159	114
9159	237
9159	228
9159	230
9159	226
9159	291
9159	323
9159	242
9159	249
9159	324
9160	264
9160	114
9160	116
9160	106
9160	230
9160	242
9161	92
9161	331
9161	107
9161	228
9161	332
9161	242
9161	225
9162	270
9162	163
9162	198
9162	230
9162	323
9162	242
9162	171
9163	264
9163	113
9163	237
9163	228
9163	230
9163	225
9164	203
9164	195
9164	31
9164	209
9164	323
9164	225
9165	163
9165	314
9165	198
9165	26
9165	293
9165	146
9165	225
9166	151
9166	114
9166	198
9166	155
9166	17
9166	230
9166	242
9167	203
9167	264
9167	114
9167	198
9167	26
9167	237
9167	242
9167	225
9168	163
9168	203
9168	114
9168	113
9168	198
9168	22
9168	225
9169	267
9169	178
9169	230
9169	144
9169	215
9169	242
9169	225
9170	203
9170	81
9170	114
9170	230
9170	144
9170	242
9171	114
9171	326
9171	144
9171	291
9171	323
9171	242
9172	170
9172	223
9172	233
9172	11
9172	225
9173	264
9173	331
9173	31
9173	323
9173	242
9173	5
9174	127
9174	163
9174	331
9174	22
9174	332
9174	225
9175	163
9175	203
9175	26
9175	106
9175	230
9175	225
9176	31
9176	302
9176	291
9176	323
9176	242
9176	225
9176	78
9177	92
9177	163
9177	314
9177	198
9177	26
9177	106
9177	225
9178	114
9178	178
9178	198
9178	230
9178	323
9178	242
9178	225
9179	203
9179	107
9179	209
9179	242
9180	109
9180	198
9180	228
9180	230
9180	323
9180	225
9180	171
9181	203
9181	81
9181	109
9181	302
9181	323
9182	114
9182	113
9182	219
9182	224
9182	198
9182	230
9182	242
9182	225
9182	273
9182	317
9183	114
9183	237
9183	230
9183	252
9183	242
9183	249
9184	270
9184	318
9184	267
9184	198
9184	323
9184	242
9185	163
9185	203
9185	198
9185	253
9185	80
9185	22
9185	225
9186	203
9186	114
9186	119
9186	276
9186	323
9186	242
9187	72
9187	155
9187	228
9187	291
9187	323
9187	242
9188	270
9188	339
9188	264
9188	230
9188	291
9188	225
9189	163
9189	114
9189	113
9189	331
9189	332
9189	225
9190	112
9190	80
9190	22
9190	150
9190	242
9191	264
9191	101
9191	198
9191	237
9191	230
9191	144
9191	242
9191	225
9191	32
9192	264
9192	282
9192	114
9192	178
9192	326
9192	237
9192	230
9192	144
9192	242
9192	225
9193	261
9193	308
9193	296
9193	7
9193	156
9193	225
9194	127
9194	163
9194	232
9194	331
9194	198
9194	332
9194	225
9195	261
9195	7
9195	6
9195	291
9195	323
9195	242
9195	225
9196	81
9196	331
9196	233
9196	228
9196	12
9196	242
9196	225
9197	267
9197	111
9197	219
9197	198
9197	288
9197	242
9198	168
9198	203
9198	157
9198	237
9198	230
9198	323
9198	242
9198	225
9199	264
9199	282
9199	198
9199	237
9199	242
9199	225
9200	203
9200	195
9200	31
9200	276
9200	209
9200	323
9201	114
9201	206
9201	331
9201	228
9201	242
9202	163
9202	331
9202	224
9202	26
9202	225
9203	203
9203	81
9203	198
9203	228
9203	230
9203	80
9203	214
9203	242
9203	225
9204	116
9204	155
9204	87
9204	144
9204	242
9204	328
9205	277
9205	163
9205	26
9205	230
9205	337
9205	225
9206	88
9206	203
9206	106
9206	209
9206	291
9206	214
9206	225
9207	264
9207	114
9207	198
9207	237
9207	228
9207	230
9207	242
9207	225
9208	264
9208	282
9208	114
9208	178
9208	326
9208	237
9208	230
9208	242
9208	225
9209	127
9209	264
9209	198
9209	237
9209	228
9209	31
9209	302
9209	230
9209	276
9209	216
9209	242
9210	114
9210	198
9210	316
9210	230
9210	209
9210	258
9210	225
9211	163
9211	264
9211	282
9211	237
9211	228
9211	323
9211	242
9211	225
9212	314
9212	155
9212	144
9212	291
9212	323
9212	242
9213	110
9213	261
9213	330
9213	7
9213	156
9213	323
9213	242
9213	225
9214	182
9214	203
9214	198
9214	106
9214	302
9214	337
9214	242
9215	109
9215	113
9215	230
9215	337
9215	323
9215	225
9216	270
9216	195
9216	107
9216	323
9216	242
9216	225
9217	81
9217	114
9217	198
9217	230
9217	276
9217	102
9217	242
9217	225
9218	163
9218	114
9218	26
9218	80
9218	22
9218	225
9219	203
9219	293
9219	25
9219	22
9219	252
9219	242
9219	225
9220	114
9220	223
9220	224
9220	198
9220	146
9220	225
9220	345
9221	132
9221	203
9221	198
9221	22
9221	33
9221	12
9221	242
9221	225
9222	114
9222	157
9222	119
9222	230
9222	144
9222	242
9223	97
9223	203
9223	230
9223	22
9223	252
9223	214
9223	242
9223	225
9224	270
9224	92
9224	163
9224	151
9224	264
9224	198
9224	214
9224	242
9224	225
9225	331
9225	228
9225	332
9225	291
9225	225
9226	270
9226	335
9226	330
9226	198
9226	276
9226	242
9226	255
9227	264
9227	293
9227	148
9227	242
9228	264
9228	96
9228	297
9228	242
9229	104
9229	331
9229	144
9229	332
9229	242
9229	211
9230	163
9230	14
9230	106
9230	228
9230	102
9230	242
9230	225
9231	270
9231	109
9231	198
9231	230
9231	86
9231	22
9231	242
9231	225
9232	23
9232	113
9232	198
9232	155
9232	17
9232	230
9232	242
9233	264
9233	198
9233	237
9233	230
9233	144
9233	242
9233	225
9233	32
9234	109
9234	264
9234	198
9234	237
9234	230
9234	242
9234	85
9235	314
9235	261
9235	7
9235	156
9235	198
9235	288
9235	242
9236	203
9236	33
9236	242
9237	203
9237	198
9237	150
9237	242
9238	245
9238	198
9238	96
9238	242
9238	225
9239	133
9239	307
9239	116
9239	237
9239	230
9239	144
9239	242
9239	225
9240	109
9240	114
9240	198
9240	230
9240	258
9240	242
9240	225
9241	163
9241	331
9241	26
9241	144
9241	332
9241	242
9241	225
9242	203
9242	198
9242	107
9242	106
9242	119
9242	276
9242	242
9243	198
9243	136
9243	96
9243	148
9243	21
9243	242
9243	225
9243	317
9244	169
9244	334
9244	198
9244	228
9244	94
9244	242
9245	163
9245	114
9245	198
9245	107
9245	228
9245	102
9245	242
9245	225
9246	203
9246	80
9246	86
9246	242
9246	5
9247	72
9247	114
9247	116
9247	291
9247	323
9247	242
9248	169
9248	334
9248	198
9248	228
9248	94
9248	242
9249	195
9249	291
9249	242
9250	267
9250	113
9250	198
9250	237
9250	144
9250	150
9250	242
9250	225
9251	267
9251	242
9252	163
9252	261
9252	7
9252	80
9252	22
9252	242
9252	225
9253	203
9253	198
9253	106
9253	276
9253	147
9253	320
9253	242
9254	88
9254	114
9254	115
9254	198
9254	155
9254	17
9254	242
9255	163
9255	114
9255	104
9255	198
9255	106
9255	242
9256	163
9256	114
9256	104
9256	198
9256	106
9256	242
9257	277
9257	163
9257	104
9257	223
9257	157
9257	276
9257	242
9258	163
9258	114
9258	113
9258	80
9258	22
9258	242
9258	225
9259	169
9259	334
9259	198
9259	107
9259	242
9260	195
9260	198
9260	226
9260	148
9260	21
9260	242
9260	225
9260	317
9261	267
9261	323
9261	242
9262	88
9262	95
9262	291
9262	323
9262	242
9262	225
9262	268
9263	149
9263	277
9263	163
9263	113
9263	102
9263	242
9263	225
9264	203
9264	81
9264	198
9264	237
9264	11
9264	12
9264	242
9264	225
9265	267
9265	242
9266	203
9266	107
9266	209
9266	242
9266	225
9267	114
9267	116
9267	228
9267	230
9267	144
9267	242
9267	225
9268	127
9268	163
9268	114
9268	331
9268	332
9268	242
9268	225
9269	163
9269	264
9269	114
9269	198
9269	237
9269	242
9269	225
9270	97
9270	264
9270	282
9270	114
9270	198
9270	237
9270	228
9270	230
9270	242
9271	203
9271	81
9271	113
9271	106
9271	230
9271	242
9271	225
9271	89
9272	167
9272	109
9272	198
9272	230
9272	323
9272	242
9272	225
9272	171
9273	96
9273	148
9273	144
9273	291
9273	323
9273	242
9274	163
9274	224
9274	198
9274	293
9274	258
9274	242
9275	114
9275	224
9275	198
9275	230
9275	146
9275	86
9275	242
9276	198
9276	136
9276	209
9276	80
9276	148
9276	242
9276	317
9277	169
9277	114
9277	104
9277	198
9277	146
9277	242
9278	163
9278	331
9278	26
9278	144
9278	12
9278	242
9279	203
9279	81
9279	264
9279	195
9279	230
9279	242
9280	88
9280	114
9280	198
9280	26
9280	230
9280	10
9280	214
9280	242
9280	225
9281	203
9281	114
9281	198
9281	276
9281	21
9281	214
9281	225
9281	171
9282	270
9282	339
9282	198
9282	230
9282	150
9282	242
9283	127
9283	104
9283	276
9283	102
9283	320
9283	21
9283	243
9283	242
9284	151
9284	267
9284	198
9284	242
9285	163
9285	113
9285	261
9285	7
9285	80
9285	242
9286	334
9286	163
9286	198
9286	228
9286	230
9286	242
9286	249
9287	127
9287	81
9287	198
9287	276
9287	146
9287	320
9287	242
9288	261
9288	155
9288	17
9288	144
9288	242
9288	268
9289	145
9289	132
9289	245
9289	140
9289	216
9290	270
9290	163
9290	264
9290	228
9290	230
9290	323
9290	242
9291	163
9291	264
9291	114
9291	219
9291	230
9291	242
9291	225
9292	149
9292	163
9292	114
9292	331
9292	332
9292	242
9293	163
9293	203
9293	26
9293	14
9293	237
9293	242
9294	264
9294	114
9294	259
9294	250
9294	323
9294	242
9295	203
9295	114
9295	106
9295	276
9295	209
9295	242
9296	203
9296	106
9296	230
9296	276
9296	209
9296	22
9296	242
9297	127
9297	104
9297	94
9297	276
9297	320
9297	243
9297	242
9298	127
9298	104
9298	94
9298	276
9298	320
9298	243
9298	242
9299	198
9299	185
9299	2
9299	19
9299	242
9300	169
9300	270
9300	92
9300	261
9300	198
9300	228
9300	242
9301	163
9301	331
9301	26
9301	11
9301	144
9301	242
9302	203
9302	81
9302	114
9302	230
9302	144
9302	242
9302	225
9303	267
9303	198
9303	150
9303	242
9304	263
9304	81
9304	198
9304	106
9304	276
9304	320
9304	242
9305	92
9305	167
9305	291
9305	242
9306	163
9306	261
9306	7
9306	156
9306	230
9306	242
9307	163
9307	203
9307	114
9307	113
9307	102
9307	242
9308	114
9308	104
9308	157
9308	119
9308	230
9308	144
9308	242
9309	245
9309	264
9309	198
9309	155
9309	242
9310	169
9310	263
9310	198
9310	228
9310	209
9310	33
9310	242
9311	169
9311	263
9311	151
9311	198
9311	26
9311	228
9311	320
9311	242
9312	132
9312	26
9312	230
9312	276
9312	96
9312	146
9312	148
9312	216
9312	323
9312	242
9313	203
9313	114
9313	198
9313	106
9313	230
9313	276
9313	242
9313	225
9314	270
9314	267
9314	114
9314	198
9314	242
9315	109
9315	114
9315	106
9315	230
9315	337
9315	242
9316	264
9316	282
9316	237
9316	228
9316	230
9316	96
9316	102
9316	323
9316	242
9317	308
9317	31
9317	209
9317	242
9318	163
9318	113
9318	331
9318	26
9318	12
9318	242
9319	114
9319	198
9319	107
9319	237
9319	293
9319	10
9319	214
9319	242
9319	225
9320	114
9320	91
9320	331
9320	228
9320	332
9320	242
9320	225
9321	203
9321	264
9321	156
9321	106
9321	22
9321	214
9321	242
9321	225
9322	127
9322	331
9322	146
9322	291
9322	225
9323	81
9323	114
9323	80
9323	22
9323	150
9323	242
9324	270
9324	267
9324	203
9324	198
9324	230
9324	33
9324	242
9325	163
9325	114
9325	198
9325	26
9325	228
9325	230
9325	242
9326	264
9326	331
9326	31
9326	25
9326	337
9326	332
9326	242
9326	105
9326	211
9327	198
9327	230
9327	288
9327	209
9327	191
9327	242
9327	225
9328	264
9328	282
9328	237
9328	228
9328	230
9328	323
9328	242
9328	105
9329	195
9329	242
9329	105
9330	101
9330	198
9330	237
9330	228
9330	230
9330	242
9331	270
9331	114
9331	106
9331	230
9331	148
9331	242
9332	245
9332	91
9332	198
9332	228
9332	230
9332	242
9333	203
9333	114
9333	7
9333	195
9333	156
9333	242
9333	317
9334	163
9334	151
9334	264
9334	178
9334	261
9334	198
9334	214
9334	242
9334	225
9335	264
9335	114
9335	198
9335	237
9335	228
9335	230
9335	242
9336	263
9336	151
9336	203
9336	114
9336	198
9336	80
9336	22
9336	242
9337	270
9337	92
9337	198
9337	230
9337	146
9337	150
9337	242
9338	308
9338	31
9338	209
9338	337
9338	242
9339	88
9339	261
9339	7
9339	198
9339	276
9339	147
9339	6
9339	103
9339	242
9339	287
9340	264
9340	198
9340	228
9340	242
9340	75
9341	203
9341	106
9341	291
9341	323
9341	242
9342	114
9342	198
9342	230
9342	148
9342	214
9342	242
9342	225
9344	203
9344	195
9344	209
9344	22
9344	33
9344	214
9344	242
9344	225
9345	163
9345	264
9345	198
9345	237
9345	228
9345	242
9346	163
9346	114
9346	331
9346	26
9346	12
9346	242
9347	264
9347	195
9347	198
9347	107
9347	230
9347	242
9348	132
9348	331
9348	148
9348	242
9348	317
9349	163
9349	203
9349	282
9349	113
9349	26
9349	242
9350	203
9350	114
9350	253
9350	80
9350	323
9350	242
9351	245
9351	92
9351	114
9351	198
9351	228
9351	242
9351	225
9352	112
9352	276
9352	142
9352	242
9353	163
9353	198
9353	323
9353	242
9353	171
9354	109
9354	198
9354	26
9354	230
9354	337
9354	242
9355	331
9355	31
9355	302
9355	291
9355	323
9355	242
9356	203
9356	198
9356	106
9356	242
9357	245
9357	257
9357	198
9357	144
9357	242
9358	163
9358	114
9358	331
9358	26
9358	12
9358	242
9359	170
9359	223
9359	233
9359	26
9359	12
9359	242
9360	163
9360	170
9360	223
9360	26
9360	11
9360	242
9361	264
9361	114
9361	228
9361	230
9361	242
9361	225
9362	203
9362	107
9362	276
9362	291
9362	323
9362	242
9363	291
9363	323
9363	242
9364	323
9364	242
9365	149
9365	30
9365	195
9365	198
9365	80
9365	148
9365	242
9366	169
9366	104
9366	250
9366	291
9366	242
9367	277
9367	163
9367	203
9367	144
9367	252
9367	242
9368	106
9368	22
9368	323
9368	242
9369	163
9369	151
9369	203
9369	264
9369	198
9369	22
9369	214
9369	242
9369	225
9370	163
9370	203
9370	114
9370	230
9370	144
9370	242
9371	163
9371	178
9371	230
9371	291
9371	323
9371	242
9372	270
9372	163
9372	264
9372	114
9372	228
9372	230
9372	242
9373	163
9373	264
9373	291
9373	323
9373	242
9374	195
9374	198
9374	96
9374	148
9374	242
9374	317
9375	182
9375	92
9375	114
9375	198
9375	230
9375	293
9375	242
9375	225
9376	264
9376	114
9376	230
9376	146
9376	323
9376	242
9377	232
9377	331
9377	157
9377	136
9377	242
9378	203
9378	264
9378	114
9378	198
9378	26
9378	106
9378	214
9378	242
9378	225
9379	114
9379	230
9379	148
9379	252
9379	291
9379	323
9379	242
9380	169
9380	228
9380	94
9380	242
9381	113
9381	156
9381	198
9381	337
9381	242
9382	232
9382	331
9382	157
9382	136
9382	242
9383	198
9383	2
9383	19
9383	242
9384	163
9384	114
9384	331
9384	26
9384	12
9384	242
9385	170
9385	233
9385	26
9385	12
9385	214
9385	242
9386	113
9386	198
9386	106
9386	230
9386	209
9386	242
9387	267
9387	198
9387	230
9387	209
9387	214
9387	242
9387	225
9388	270
9388	264
9388	114
9388	230
9388	146
9388	242
9389	245
9389	117
9389	264
9389	198
9389	96
9389	242
9390	267
9390	291
9390	323
9390	242
9391	127
9391	331
9391	198
9391	86
9391	332
9391	242
9392	110
9392	335
9392	261
9392	330
9392	7
9392	156
9392	198
9392	242
9393	127
9393	163
9393	113
9393	331
9393	26
9393	242
9394	203
9394	81
9394	198
9394	106
9394	237
9394	22
9394	214
9394	242
9394	225
9395	149
9395	127
9395	270
9395	264
9395	198
9395	237
9395	228
9395	230
9395	276
9395	96
9395	242
9396	114
9396	91
9396	198
9396	228
9396	242
9396	225
9397	203
9397	316
9397	22
9397	150
9397	252
9397	242
9397	66
9398	203
9398	81
9398	276
9398	323
9398	242
9399	203
9399	109
9399	198
9399	106
9399	276
9399	191
9399	214
9399	242
9399	225
9400	270
9400	113
9400	195
9400	198
9400	209
9400	103
9400	242
9401	163
9401	170
9401	223
9401	12
9401	242
9402	127
9402	163
9402	331
9402	26
9402	107
9402	242
9403	203
9403	114
9403	276
9403	22
9403	252
9403	214
9403	242
9403	225
9404	270
9404	92
9404	114
9404	113
9404	261
9404	7
9404	156
9404	106
9404	80
9404	22
9404	6
9404	150
9404	242
9405	270
9405	203
9405	178
9405	291
9405	323
9405	242
9406	81
9406	114
9406	326
9406	198
9406	230
9406	242
9406	225
9407	245
9407	264
9407	323
9407	242
9408	72
9408	114
9408	198
9408	155
9408	228
9408	242
9409	72
9409	114
9409	116
9409	291
9409	323
9409	242
9410	127
9410	163
9410	331
9410	107
9410	332
9410	242
9411	145
9411	132
9411	163
9411	198
9411	230
9411	242
9412	151
9412	261
9412	291
9412	323
9412	242
9413	230
9413	291
9413	323
9413	242
9414	264
9414	114
9414	116
9414	230
9414	291
9414	323
9414	242
9415	198
9415	96
9415	293
9415	148
9415	242
9415	317
9416	203
9416	17
9416	276
9416	209
9416	291
9416	242
9417	114
9417	219
9417	198
9417	17
9417	242
9417	225
9418	163
9418	264
9418	198
9418	230
9418	146
9418	323
9418	242
9418	171
9419	91
9419	113
9419	156
9419	146
9419	214
9419	242
9419	225
9420	203
9420	113
9420	26
9420	106
9420	230
9420	242
9421	203
9421	264
9421	198
9421	237
9421	228
9421	230
9421	242
9422	163
9422	114
9422	170
9422	26
9422	11
9422	242
9423	264
9423	282
9423	230
9423	291
9423	323
9423	242
9424	132
9424	291
9424	323
9424	242
9425	163
9425	203
9425	26
9425	293
9425	144
9425	242
9426	163
9426	72
9426	116
9426	87
9426	230
9426	242
9427	245
9427	149
9427	163
9427	310
9427	214
9427	225
9428	114
9428	195
9428	198
9428	26
9428	230
9428	146
9428	242
9428	225
9429	132
9429	30
9429	148
9429	242
9430	270
9430	267
9430	109
9430	198
9430	293
9430	337
9430	242
9431	163
9431	223
9431	233
9431	224
9431	12
9431	242
9432	170
9432	233
9432	224
9432	12
9432	214
9432	215
9432	242
9433	163
9433	224
9433	198
9433	230
9433	242
9433	32
9434	163
9434	88
9434	314
9434	326
9434	155
9434	228
9434	242
9435	109
9435	114
9435	106
9435	230
9435	337
9435	242
9436	17
9436	22
9436	242
9437	267
9437	101
9437	130
9437	214
9437	19
9437	242
9437	225
9438	182
9438	97
9438	114
9438	195
9438	22
9438	242
9439	163
9439	264
9439	219
9439	198
9439	237
9439	228
9439	144
9439	213
9439	242
9440	149
9440	163
9440	264
9440	114
9440	230
9440	291
9440	214
9440	323
9440	242
9441	149
9441	92
9441	114
9441	293
9441	146
9441	323
9441	242
9442	81
9442	109
9442	198
9442	230
9442	242
9443	127
9443	163
9443	114
9443	331
9443	26
9443	242
9444	266
9444	170
9444	223
9444	233
9444	12
9444	242
9445	203
9445	178
9445	230
9445	6
9445	252
9445	242
9445	225
9446	264
9446	116
9446	237
9446	242
9447	132
9447	88
9447	198
9447	288
9447	148
9447	242
9447	317
9448	163
9448	203
9448	198
9448	209
9448	146
9448	337
9448	242
9449	335
9449	86
9449	323
9449	242
9450	163
9450	264
9450	331
9450	31
9450	86
9450	332
9450	242
9451	163
9451	170
9451	223
9451	224
9451	12
9451	242
9452	88
9452	178
9452	7
9452	198
9452	106
9452	6
9452	214
9452	242
9452	225
9453	88
9453	203
9453	114
9453	26
9453	252
9453	214
9453	242
9453	225
9454	132
9454	198
9454	26
9454	21
9454	242
9455	114
9455	106
9455	146
9455	291
9455	242
9456	132
9456	270
9456	230
9456	148
9456	323
9456	242
9457	163
9457	264
9457	114
9457	178
9457	156
9457	230
9457	291
9457	214
9457	323
9457	242
9458	92
9458	88
9458	264
9458	114
9458	178
9458	198
9458	323
9458	242
9458	171
9459	203
9459	198
9459	31
9459	230
9459	293
9459	146
9459	242
9459	225
9460	23
9460	114
9460	198
9460	10
9460	242
9461	198
9461	2
9461	19
9461	242
9462	203
9462	264
9462	198
9462	323
9462	242
9462	171
9463	163
9463	203
9463	264
9463	116
9463	198
9463	230
9463	242
9464	163
9464	203
9464	104
9464	224
9464	144
9464	242
9465	182
9465	92
9465	151
9465	113
9465	261
9465	104
9465	7
9465	26
9465	6
9465	242
9466	163
9466	264
9466	114
9466	198
9466	237
9466	228
9466	242
9466	225
9467	163
9467	151
9467	264
9467	114
9467	198
9467	136
9467	214
9467	242
9467	225
9468	203
9468	109
9468	264
9468	282
9468	198
9468	230
9468	242
9469	203
9469	81
9469	114
9469	230
9469	242
9470	245
9470	114
9470	258
9470	242
9471	95
9471	203
9471	198
9471	106
9471	276
9471	242
9472	163
9472	331
9472	332
9472	242
9473	264
9473	282
9473	114
9473	198
9473	237
9473	228
9473	242
9474	170
9474	223
9474	233
9474	12
9474	214
9474	242
9475	270
9475	198
9475	230
9475	86
9475	150
9475	242
9476	277
9476	163
9476	114
9476	198
9476	102
9476	250
9476	242
9477	81
9477	264
9477	27
9477	326
9477	144
9477	213
9477	242
9478	81
9478	121
9478	114
9478	107
9478	230
9478	291
9478	323
9478	242
9479	198
9479	80
9479	144
9479	320
9479	242
9480	21
9480	291
9480	323
9480	242
9481	298
9481	30
9481	291
9481	323
9481	242
9482	111
9482	291
9482	323
9482	242
9483	267
9483	276
9483	10
9483	291
9483	214
9483	242
9484	310
9484	81
9484	104
9484	195
9484	228
9484	230
9484	242
9485	270
9485	203
9485	264
9485	198
9485	228
9485	242
9486	163
9486	264
9486	198
9486	230
9486	323
9486	242
9486	171
9487	245
9487	93
9487	198
9487	228
9487	242
9487	225
9488	270
9488	163
9488	264
9488	331
9488	332
9488	214
9488	242
9488	225
9489	264
9489	106
9489	148
9489	242
9490	270
9490	178
9490	224
9490	198
9490	272
9490	230
9490	242
9490	225
9491	206
9491	326
9491	237
9491	230
9491	242
9491	225
9491	249
9492	109
9492	327
9492	198
9492	26
9492	230
9492	337
9492	214
9492	242
9492	225
9493	95
9493	203
9493	198
9493	155
9493	230
9493	242
9494	163
9494	331
9494	26
9494	107
9494	242
9495	151
9495	81
9495	261
9495	198
9495	17
9495	242
9496	127
9496	109
9496	331
9496	224
9496	198
9496	146
9496	214
9496	242
9496	225
9497	114
9497	195
9497	150
9497	214
9497	242
9497	225
9498	264
9498	282
9498	198
9498	237
9498	228
9498	230
9498	242
9498	225
9499	264
9499	114
9499	237
9499	230
9499	323
9499	242
9500	230
9500	146
9500	242
9500	171
9501	169
9501	203
9501	104
9501	228
9501	94
9501	242
9502	163
9502	264
9502	113
9502	156
9502	291
9502	214
9502	225
9503	163
9503	264
9503	114
9503	178
9503	195
9503	198
9503	242
9504	163
9504	264
9504	282
9504	198
9504	237
9504	230
9504	242
9505	114
9505	331
9505	144
9505	291
9505	323
9505	242
9506	149
9506	163
9506	310
9506	264
9506	114
9506	198
9506	214
9506	242
9506	225
9507	81
9507	198
9507	276
9507	242
9508	270
9508	81
9508	264
9508	198
9508	237
9508	230
9508	242
9509	298
9509	198
9509	33
9509	242
9510	277
9510	72
9510	264
9510	113
9510	116
9510	104
9510	7
9510	26
9510	230
9510	6
9510	242
9511	245
9511	88
9511	198
9511	228
9511	242
9511	225
9512	331
9512	228
9512	332
9512	291
9512	225
9513	264
9513	116
9513	195
9513	198
9513	228
9513	230
9513	242
9514	132
9514	30
9514	96
9514	146
9514	140
9514	216
9514	242
9515	270
9515	327
9515	198
9515	107
9515	230
9515	10
9515	242
9516	163
9516	203
9516	264
9516	224
9516	144
9516	242
9517	270
9517	81
9517	264
9517	232
9517	198
9517	230
9517	242
9518	132
9518	114
9518	291
9518	323
9518	242
9519	91
9519	198
9519	96
9519	242
9519	317
9520	282
9520	74
9520	326
9520	198
9520	237
9520	230
9520	242
9520	225
9521	267
9521	114
9521	2
9521	276
9521	291
9521	242
9522	169
9522	326
9522	104
9522	253
9522	33
9522	242
9523	245
9523	73
9523	242
9523	225
9524	127
9524	81
9524	114
9524	195
9524	198
9524	22
9524	214
9524	242
9524	225
9525	264
9525	114
9525	228
9525	214
9525	323
9525	291
9526	264
9526	224
9526	198
9526	237
9526	242
9526	225
9527	132
9527	81
9527	264
9527	226
9527	148
9527	242
9528	270
9528	151
9528	81
9528	264
9528	198
9528	230
9528	242
9529	132
9529	264
9529	198
9529	148
9529	242
9530	245
9530	264
9530	237
9530	230
9530	242
9531	163
9531	198
9531	148
9531	242
9532	118
9532	163
9532	264
9532	116
9532	198
9532	230
9532	10
9532	242
9533	114
9533	198
9533	228
9533	230
9533	213
9533	242
9533	225
9534	114
9534	224
9534	198
9534	237
9534	230
9534	242
9534	225
9535	132
9535	245
9535	108
9535	30
9535	148
9535	242
9536	121
9536	114
9536	261
9536	259
9536	230
9536	86
9536	291
9536	323
9536	242
9537	104
9537	195
9537	198
9537	160
9537	242
9538	264
9538	282
9538	114
9538	308
9538	258
9538	242
9539	270
9539	264
9539	198
9539	237
9539	228
9539	130
9539	242
9540	245
9540	264
9540	198
9540	228
9540	242
9540	225
9541	270
9541	81
9541	114
9541	307
9541	195
9541	112
9541	80
9541	22
9541	242
9542	163
9542	203
9542	114
9542	237
9542	228
9542	242
9543	261
9543	291
9543	323
9543	242
9544	114
9544	331
9544	237
9544	332
9544	242
9544	225
9545	270
9545	264
9545	282
9545	198
9545	237
9545	228
9545	242
9546	264
9546	219
9546	157
9546	198
9546	31
9546	242
9547	203
9547	114
9547	198
9547	237
9547	230
9547	258
9547	242
9547	225
9548	264
9548	116
9548	198
9548	228
9548	242
9549	92
9549	113
9549	198
9549	107
9549	276
9549	102
9549	242
9550	92
9550	203
9550	178
9550	22
9550	6
9550	214
9550	242
9550	225
9551	264
9551	114
9551	178
9551	230
9551	291
9551	323
9551	242
9552	132
9552	264
9552	30
9552	237
9552	86
9552	148
9552	242
9553	149
9553	267
9553	198
9553	293
9553	25
9553	146
9553	242
9554	326
9554	104
9554	331
9554	224
9554	332
9554	242
9554	225
9555	203
9555	198
9555	22
9555	33
9555	242
9556	132
9556	26
9556	86
9556	291
9556	323
9556	242
9557	132
9557	195
9557	198
9557	148
9557	33
9557	242
9557	317
9558	203
9558	109
9558	114
9558	327
9558	230
9558	242
9559	264
9559	114
9559	115
9559	230
9559	258
9559	242
9560	267
9560	111
9560	219
9560	198
9560	288
9560	218
9560	242
9561	163
9561	114
9561	331
9561	26
9561	107
9561	242
9562	127
9562	114
9562	178
9562	198
9562	107
9562	147
9562	242
9562	225
9563	198
9563	2
9563	19
9563	242
9564	163
9564	198
9564	106
9564	87
9564	230
9564	276
9564	214
9564	242
9565	203
9565	144
9565	22
9565	150
9565	252
9565	214
9565	242
9565	225
9566	264
9566	114
9566	198
9566	237
9566	230
9566	242
9566	225
9567	270
9567	81
9567	198
9567	302
9567	276
9567	242
9568	81
9568	195
9568	112
9568	80
9568	86
9568	323
9568	242
9569	26
9569	230
9569	148
9569	144
9569	291
9569	323
9569	242
9570	109
9570	114
9570	106
9570	230
9570	337
9570	242
9571	270
9571	81
9571	223
9571	198
9571	14
9571	150
9571	283
9572	173
9572	224
9572	198
9572	96
9572	242
9572	225
9573	298
9573	198
9573	21
9573	323
9573	242
9573	171
9574	203
9574	198
9574	26
9574	150
9574	33
9574	283
9574	241
9575	163
9575	26
9575	144
9575	102
9575	22
9575	242
9576	264
9576	114
9576	104
9576	115
9576	237
9576	242
9577	261
9577	156
9577	198
9577	288
9577	218
9577	242
9578	163
9578	203
9578	264
9578	198
9578	230
9578	242
9579	163
9579	151
9579	264
9579	114
9579	198
9579	237
9579	214
9579	242
9579	225
9580	132
9580	230
9580	226
9580	146
9580	291
9580	323
9580	242
9581	132
9581	264
9581	198
9581	237
9581	230
9581	242
9581	225
9582	245
9582	92
9582	331
9582	242
9582	225
9583	277
9583	81
9583	109
9583	198
9583	242
9584	88
9584	156
9584	198
9584	155
9584	228
9584	242
9585	163
9585	114
9585	331
9585	224
9585	332
9585	242
9586	203
9586	326
9586	26
9586	230
9586	291
9586	323
9586	242
9587	169
9587	334
9587	104
9587	228
9587	242
9588	132
9588	203
9588	195
9588	198
9588	33
9588	242
9588	317
9589	114
9589	327
9589	291
9589	323
9589	242
9590	114
9590	115
9590	258
9590	252
9590	291
9590	323
9590	242
9591	109
9591	114
9591	302
9591	291
9591	323
9591	242
9592	267
9592	331
9592	224
9592	209
9592	144
9592	242
9593	264
9593	232
9593	219
9593	198
9593	230
9593	242
9594	81
9594	114
9594	261
9594	257
9594	291
9594	323
9594	242
9595	132
9595	149
9595	195
9595	198
9595	144
9595	150
9595	242
9595	317
9596	203
9596	198
9596	31
9596	230
9596	209
9596	22
9596	242
9596	225
9597	163
9597	203
9597	26
9597	230
9597	144
9597	242
9598	151
9598	203
9598	114
9598	198
9598	155
9598	230
9598	242
9599	264
9599	282
9599	198
9599	237
9599	230
9599	10
9599	242
9599	225
9600	163
9600	203
9600	264
9600	198
9600	230
9600	242
9601	114
9601	224
9601	198
9601	230
9601	146
9601	301
9601	242
9601	225
9602	91
9602	242
9602	225
9603	267
9603	101
9603	230
9603	148
9603	291
9603	323
9603	242
9604	110
9604	330
9604	230
9604	276
9604	242
9605	114
9605	326
9605	104
9605	272
9605	242
9606	104
9606	223
9606	136
9606	258
9606	242
9607	104
9607	80
9607	144
9607	22
9607	242
9608	163
9608	203
9608	114
9608	198
9608	26
9608	144
9608	242
9609	81
9609	219
9609	224
9609	198
9609	230
9609	146
9609	242
9610	298
9610	30
9610	291
9610	323
9610	242
9611	226
9611	291
9611	323
9611	242
9612	113
9612	156
9612	198
9612	242
9613	163
9613	203
9613	198
9613	22
9613	242
9613	317
9614	270
9614	163
9614	264
9614	331
9614	332
9614	214
9614	242
9614	225
9615	72
9615	114
9615	116
9615	104
9615	115
9615	223
9615	106
9615	230
9615	209
9615	258
9615	242
9616	81
9616	198
9616	230
9616	150
9616	242
9616	225
9617	245
9617	331
9617	140
9617	242
9617	61
9618	163
9618	203
9618	114
9618	331
9618	332
9618	242
9619	163
9619	264
9619	114
9619	224
9619	198
9619	150
9619	242
9620	149
9620	334
9620	291
9620	323
9620	242
9621	132
9621	149
9621	134
9621	91
9621	198
9621	242
9621	317
9622	113
9622	156
9622	198
9622	106
9622	209
9622	103
9622	242
9622	225
9623	261
9623	198
9623	26
9623	80
9623	144
9623	337
9623	242
9624	270
9624	264
9624	282
9624	237
9624	228
9624	242
9625	326
9625	144
9625	252
9625	291
9625	323
9625	242
9626	109
9626	198
9626	230
9626	22
9626	337
9626	150
9626	283
9627	72
9627	114
9627	116
9627	198
9627	228
9627	242
9628	163
9628	114
9628	224
9628	198
9628	26
9628	226
9628	242
9629	81
9629	198
9629	22
9629	242
9630	30
9630	224
9630	198
9630	96
9630	293
9630	148
9630	242
9631	163
9631	203
9631	197
9631	195
9631	198
9631	242
9631	317
9632	178
9632	198
9632	106
9632	10
9632	214
9632	171
9633	277
9633	118
9633	264
9633	114
9633	116
9633	104
9633	115
9633	223
9633	237
9633	230
9633	258
9633	242
9634	88
9634	264
9634	237
9634	144
9634	242
9635	132
9635	245
9635	149
9635	30
9635	331
9635	198
9635	242
9635	225
9636	203
9636	114
9636	113
9636	106
9636	230
9636	242
9637	203
9637	224
9637	198
9637	26
9637	80
9637	86
9637	214
9637	242
9637	225
9638	163
9638	114
9638	326
9638	224
9638	293
9638	242
9639	8
9639	101
9639	198
9639	119
9639	230
9639	144
9639	242
9640	163
9640	264
9640	114
9640	327
9640	198
9640	237
9640	230
9640	242
9641	203
9641	195
9641	198
9641	317
9642	335
9642	81
9642	114
9642	198
9642	226
9642	242
9643	149
9643	92
9643	81
9643	80
9643	144
9643	291
9643	323
9643	242
9644	81
9644	114
9644	302
9644	226
9644	291
9644	323
9644	242
9645	339
9645	282
9645	116
9645	198
9645	107
9645	106
9645	228
9645	230
9645	242
9646	203
9646	114
9646	223
9646	198
9646	155
9646	242
9647	203
9647	195
9647	198
9647	22
9647	33
9647	242
9648	81
9648	261
9648	308
9648	7
9648	198
9648	242
9649	163
9649	264
9649	114
9649	224
9649	198
9649	230
9649	242
9650	264
9650	116
9650	198
9650	230
9650	242
9650	171
9651	203
9651	114
9651	198
9651	31
9651	302
9651	209
9651	214
9651	242
9651	225
9652	264
9652	31
9652	302
9652	230
9652	242
9653	277
9653	118
9653	163
9653	72
9653	264
9653	114
9653	116
9653	104
9653	115
9653	230
9653	258
9653	242
9654	270
9654	267
9654	81
9654	114
9654	195
9654	156
9654	112
9654	11
9654	242
9655	149
9655	104
9655	224
9655	291
9655	323
9655	242
9656	203
9656	114
9656	104
9656	242
9657	104
9657	331
9657	146
9657	337
9657	242
9658	81
9658	223
9658	198
9658	230
9658	22
9658	150
9658	283
9659	245
9659	109
9659	264
9659	198
9659	237
9659	230
9659	242
9659	225
9660	163
9660	264
9660	114
9660	331
9660	26
9660	242
9661	277
9661	163
9661	264
9661	26
9661	230
9661	242
9662	203
9662	276
9662	144
9662	22
9662	332
9662	283
9663	203
9663	112
9663	80
9663	22
9663	283
9664	203
9664	276
9664	22
9664	252
9664	283
9665	203
9665	114
9665	198
9665	276
9665	22
9665	150
9665	323
9665	242
9666	170
9666	233
9666	26
9666	213
9666	12
9666	214
9666	242
9667	270
9667	267
9667	114
9667	198
9667	323
9667	242
9667	171
9668	203
9668	264
9668	331
9668	22
9668	242
9668	225
9669	92
9669	163
9669	264
9669	114
9669	198
9669	237
9669	214
9669	242
9669	225
9670	81
9670	262
9670	198
9670	205
9670	22
9670	150
9670	242
9671	245
9671	149
9671	151
9671	291
9671	323
9671	242
9672	198
9672	209
9672	11
9672	144
9672	150
9672	242
9673	277
9673	114
9673	104
9673	115
9673	237
9673	230
9673	258
9673	242
9674	163
9674	114
9674	331
9674	224
9674	26
9674	242
9675	245
9675	149
9675	104
9675	242
9676	73
9676	313
9676	167
9676	267
9676	203
9676	264
9676	114
9676	307
9676	116
9676	331
9676	259
9676	291
9676	323
9676	242
9677	245
9677	76
9677	228
9677	242
9677	225
9678	264
9678	114
9678	198
9678	228
9678	242
9678	225
9679	132
9679	245
9679	226
9679	242
9680	270
9680	163
9680	264
9680	198
9680	237
9680	228
9680	242
9680	225
9681	163
9681	331
9681	224
9681	26
9681	94
9681	242
9682	313
9682	114
9682	326
9682	150
9682	252
9682	242
9682	225
9683	264
9683	114
9683	104
9683	237
9683	230
9683	242
9683	225
9684	270
9684	264
9684	104
9684	276
9684	150
9684	252
9684	242
9685	104
9685	195
9685	237
9685	242
9686	203
9686	195
9686	198
9686	209
9686	317
9687	203
9687	195
9687	209
9687	22
9687	150
9687	323
9687	242
9688	163
9688	264
9688	282
9688	198
9688	237
9688	230
9688	242
9689	264
9689	282
9689	198
9689	237
9689	242
9690	182
9690	92
9690	198
9690	230
9690	102
9690	242
9691	150
9691	291
9691	323
9691	242
9692	114
9692	198
9692	146
9692	86
9692	102
9693	203
9693	81
9693	144
9693	332
9693	242
9693	225
9694	264
9694	116
9694	104
9694	198
9694	228
9694	242
9695	314
9695	178
9695	261
9695	111
9695	198
9695	230
9695	11
9695	293
9695	6
9695	242
9696	203
9696	195
9696	198
9696	107
9696	31
9696	22
9696	242
9697	163
9697	203
9697	264
9697	198
9697	230
9697	144
9697	242
9698	95
9698	264
9698	198
9698	80
9698	323
9698	242
9698	171
9699	104
9699	198
9699	86
9699	242
9700	132
9700	245
9700	163
9700	264
9700	326
9700	198
9700	242
9701	313
9701	114
9701	258
9701	291
9701	323
9701	242
9702	21
9702	291
9702	323
9702	242
9703	198
9703	276
9703	323
9703	242
9703	171
9704	195
9704	198
9704	209
9704	258
9704	150
9704	33
9704	242
9704	317
9705	81
9705	331
9705	22
9705	150
9705	252
9705	214
9705	242
9705	225
9706	163
9706	264
9706	146
9706	144
9706	22
9706	242
9707	163
9707	264
9707	116
9707	219
9707	198
9707	80
9707	242
9708	203
9708	276
9708	144
9708	213
9708	291
9708	242
9709	178
9709	104
9709	331
9709	332
9709	242
9710	132
9710	169
9710	104
9710	346
9710	107
9710	253
9710	146
9711	203
9711	264
9711	116
9711	195
9711	198
9711	228
9711	242
9712	163
9712	264
9712	266
9712	331
9712	259
9712	198
9712	242
9713	264
9713	114
9713	198
9713	228
9713	146
9713	242
9714	127
9714	163
9714	264
9714	116
9714	331
9714	22
9714	332
9715	264
9715	114
9715	219
9715	198
9715	155
9715	230
9715	242
9716	245
9716	230
9716	148
9716	291
9716	323
9716	242
9717	264
9717	282
9717	224
9717	32
9718	306
9718	331
9718	146
9718	144
9718	332
9718	242
9718	225
9719	7
9719	316
9719	22
9719	33
9719	242
9720	203
9720	327
9720	198
9720	144
9720	22
9720	33
9720	242
9721	92
9721	81
9721	107
9721	22
9721	291
9721	242
9722	88
9722	81
9722	198
9722	230
9722	80
9722	293
9722	171
9723	264
9723	282
9723	104
9723	237
9723	230
9723	242
9724	270
9724	203
9724	264
9724	198
9724	144
9724	323
9724	242
9724	171
9725	163
9725	264
9725	224
9725	146
9725	144
9725	242
9726	195
9726	198
9726	230
9726	21
9726	242
9727	86
9727	291
9727	323
9727	242
9728	163
9728	261
9728	291
9728	323
9729	166
9729	30
9729	198
9729	148
9729	242
9729	225
9730	4
9730	267
9730	331
9730	146
9730	332
9730	214
9730	242
9730	225
9731	264
9731	198
9731	106
9731	230
9731	242
9732	108
9732	338
9732	148
9732	140
9732	242
9733	149
9733	264
9733	319
9733	242
9734	308
9734	327
9734	104
9734	156
9734	230
9734	323
9734	242
9735	163
9735	151
9735	264
9735	198
9735	136
9735	11
9735	242
9736	132
9736	298
9736	198
9736	99
9736	86
9736	323
9736	242
9736	171
9737	132
9737	116
9737	230
9737	226
9737	242
9738	149
9738	264
9738	198
9738	228
9738	242
9739	104
9739	195
9739	107
9739	276
9739	242
9740	270
9740	163
9740	264
9740	198
9740	237
9740	228
9740	242
9740	225
9741	114
9741	224
9741	198
9741	230
9741	213
9741	242
9741	225
9742	203
9742	198
9742	107
9742	22
9742	33
9742	242
9743	163
9743	203
9743	264
9743	198
9743	228
9743	144
9743	242
9744	81
9744	114
9744	198
9744	237
9744	228
9744	230
9744	242
9744	225
9745	267
9745	327
9745	106
9745	144
9745	242
9746	104
9746	195
9746	224
9746	242
9747	104
9747	195
9747	80
9747	242
9748	198
9748	19
9748	348
9749	198
9749	19
9749	348
9750	203
9750	198
9750	242
9750	171
9751	298
9751	198
9751	230
9751	148
9751	144
9751	21
9751	242
9752	132
9752	310
9752	195
9752	198
9752	144
9752	242
9753	203
9753	198
9753	136
9753	106
9753	276
9753	209
9753	242
9754	245
9754	270
9754	264
9754	198
9754	228
9754	242
9755	261
9755	7
9755	156
9755	198
9755	6
9755	103
9755	323
9756	267
9756	114
9756	327
9756	331
9756	112
9756	200
9757	121
9757	331
9757	200
9757	242
9758	270
9758	23
9758	203
9758	104
9758	316
9758	242
9759	127
9759	163
9759	72
9759	116
9759	331
9759	253
9759	332
9760	203
9760	195
9760	198
9760	276
9760	225
9760	317
9761	198
9761	226
9761	242
9762	132
9762	264
9762	198
9762	230
9762	226
9762	146
9762	242
9763	198
9763	146
9763	214
9763	301
9763	242
9763	225
9764	203
9764	195
9764	198
9764	107
9764	31
9764	291
9764	242
9765	334
9765	163
9765	224
9765	198
9765	150
9765	250
9765	242
9766	245
9766	264
9766	326
9766	237
9766	242
9767	203
9767	264
9767	195
9768	163
9768	264
9768	282
9768	237
9768	242
9769	198
9769	228
9769	94
9769	276
9769	242
9770	151
9770	198
9770	80
9770	103
9770	33
9770	242
9771	88
9771	95
9771	81
9771	114
9771	192
9771	230
9772	245
9772	163
9772	264
9772	198
9772	230
9772	21
9772	242
9773	319
9773	291
9773	323
9773	242
9773	317
9774	203
9774	81
9774	198
9774	147
9774	214
9774	242
9774	225
9775	118
9775	331
9775	107
9775	237
9775	332
9775	242
9775	225
9776	132
9776	245
9776	264
9776	198
9776	228
9776	96
9776	242
9777	198
9777	230
9777	96
9777	148
9777	242
9777	317
9778	264
9778	114
9778	195
9778	198
9778	230
9778	242
9779	298
9779	156
9779	106
9779	293
9779	103
9779	323
9780	163
9780	264
9780	114
9780	224
9780	198
9780	144
9780	242
9781	203
9781	198
9781	106
9781	214
9781	242
9781	225
9782	97
9782	95
9782	81
9782	198
9782	225
9782	171
9783	88
9783	261
9783	198
9783	155
9783	144
9783	242
9784	335
9784	203
9784	121
9784	261
9784	7
9785	203
9785	156
9785	198
9785	107
9785	276
9785	144
9785	214
9785	242
9785	225
9786	132
9786	11
9786	225
9787	195
9787	106
9787	323
9787	291
9787	347
9788	346
9788	230
9788	355
9788	323
9788	285
9789	118
9789	116
9789	331
9789	242
9790	132
9790	331
9790	332
9790	242
9791	80
9791	86
9791	291
9791	242
9792	264
9792	116
9792	195
9792	323
9792	242
9792	32
9793	173
9793	203
9793	261
9793	7
9793	195
9793	209
9794	132
9794	92
9794	261
9794	198
9794	228
9794	148
9794	242
9795	270
9795	81
9795	104
9795	224
9795	226
9795	146
9795	242
9796	163
9796	203
9796	264
9796	114
9796	198
9796	26
9796	242
9797	339
9797	209
9797	80
9797	242
9798	163
9798	203
9798	264
9798	198
9798	136
9798	209
9798	22
9798	242
9799	267
9799	253
9799	10
9799	214
9799	291
9800	203
9800	198
9800	214
9800	242
9800	225
9801	163
9801	264
9801	114
9801	198
9801	237
9801	214
9801	242
9801	225
9802	163
9802	264
9802	114
9802	331
9802	136
9802	242
9803	270
9803	203
9803	114
9803	104
9803	230
9803	291
9803	323
9803	242
9804	270
9804	178
9804	331
9804	224
9804	332
9804	242
9804	225
9805	198
9805	148
9805	242
9805	225
9806	81
9806	116
9806	198
9806	213
9806	214
9806	242
9806	225
9807	339
9807	203
9807	116
9807	198
9807	276
9807	209
9807	80
9807	242
9808	127
9808	203
9808	81
9808	276
9808	209
9808	144
9808	242
9809	163
9809	203
9809	72
9809	264
9809	198
9809	230
9809	242
9810	88
9810	167
9810	22
9810	150
9810	252
9810	214
9810	242
9810	225
9811	264
9811	106
9811	237
9812	132
9812	127
9812	163
9812	198
9812	146
9812	144
9812	242
9813	264
9813	80
9813	86
9813	242
9814	92
9814	203
9814	326
9814	242
9814	225
9814	131
9815	111
9815	104
9815	195
9815	198
9815	302
9815	242
9816	112
9816	198
9816	230
9816	80
9816	6
9816	242
9817	127
9817	151
9817	203
9817	276
9817	144
9817	242
9818	182
9818	203
9818	261
9818	276
9818	209
9818	242
9819	18
9819	92
9819	327
9819	331
9819	332
9819	242
9820	339
9820	203
9820	264
9820	327
9820	198
9820	228
9820	242
9821	264
9821	237
9821	228
9821	291
9821	242
9822	163
9822	264
9822	198
9822	230
9822	171
9822	162
9824	245
9824	30
9824	331
9824	242
9824	225
9825	88
9825	203
9825	111
9825	198
9825	214
9825	242
9825	225
9826	198
9826	107
9826	106
9826	276
9826	142
9826	144
9826	242
9827	73
9827	156
9827	198
9827	302
9827	209
9827	337
9827	214
9827	242
9827	225
9828	264
9828	261
9828	198
9828	144
9828	285
9829	264
9829	282
9829	114
9829	224
9829	87
9829	230
9829	242
9830	264
9830	323
9830	285
9831	163
9831	114
9831	198
9831	136
9831	142
9831	22
9831	242
9832	264
9832	195
9832	198
9832	230
9832	144
9832	242
9833	203
9833	195
9833	198
9833	107
9833	144
9833	242
9834	288
9834	102
9834	323
9835	264
9835	219
9835	198
9835	237
9835	228
9835	242
9836	270
9836	198
9836	323
9836	242
9836	171
9837	88
9837	327
9837	198
9837	302
9837	33
9837	243
9837	242
9838	264
9838	237
9838	209
9838	102
9839	81
9839	198
9839	214
9839	242
9839	225
9840	203
9840	91
9840	198
9840	22
9840	242
9840	225
9841	264
9841	195
9841	80
9841	291
9841	323
9841	242
9842	110
9842	97
9842	331
9842	86
9842	242
9843	127
9843	118
9843	163
9843	339
9843	331
9843	242
9844	118
9844	116
9844	144
9844	323
9844	242
9845	163
9845	203
9845	198
9845	302
9845	11
9845	22
9845	242
9846	166
9846	104
9846	142
9846	144
9846	22
9846	242
9847	114
9847	115
9847	198
9847	230
9847	258
9847	242
9847	225
9848	151
9848	114
9848	104
9848	230
9848	252
9848	242
9849	149
9849	264
9849	319
9849	198
9849	242
9850	92
9850	198
9850	237
9850	230
9850	214
9850	242
9850	225
9851	236
9851	178
9851	198
9851	136
9851	228
9851	242
9852	144
9852	252
9852	323
9852	242
9853	163
9853	114
9853	224
9853	198
9853	258
9853	242
9854	163
9854	264
9854	116
9854	331
9854	332
9854	242
9855	267
9855	198
9855	146
9855	144
9855	10
9855	214
9855	171
9856	132
9856	270
9856	198
9856	21
9856	242
9857	245
9857	149
9857	242
9858	264
9858	157
9858	237
9858	230
9858	214
9858	242
9858	225
9859	203
9859	81
9859	276
9859	323
9859	291
9860	313
9860	203
9860	198
9860	150
9860	214
9860	242
9860	225
9861	149
9861	335
9861	206
9861	198
9861	253
9861	250
9861	242
9862	270
9862	198
9862	323
9862	242
9862	171
9863	173
9863	88
9863	263
9863	151
9863	291
9863	242
9863	317
9864	261
9864	224
9864	198
9864	209
9864	242
9865	203
9865	198
9865	302
9865	230
9865	209
9865	22
9865	191
9865	242
9866	182
9866	92
9866	203
9866	262
9866	242
9867	132
9867	351
9867	264
9867	21
9867	323
9867	285
9868	264
9868	114
9868	230
9868	22
9868	323
9869	163
9869	114
9869	331
9869	259
9869	26
9869	242
9870	163
9870	114
9870	198
9870	228
9870	230
9870	144
9870	242
9871	326
9871	198
9871	230
9871	242
9871	225
9872	264
9872	116
9872	198
9872	26
9872	237
9872	228
9872	214
9872	242
9872	225
9873	203
9873	195
9873	276
9873	142
9873	22
9873	242
9874	264
9874	114
9874	198
9874	26
9874	302
9874	146
9874	242
9874	225
9875	178
9875	198
9875	146
9875	144
9875	214
9875	242
9875	225
9877	4
9877	91
9877	331
9877	144
9877	332
9877	242
9877	225
9878	203
9878	112
9878	198
9878	214
9878	242
9878	225
9879	270
9879	81
9879	198
9879	136
9879	288
9879	214
9879	242
9879	225
9880	118
9880	203
9880	114
9880	116
9880	323
9880	242
9881	182
9881	91
9881	192
9881	7
9881	226
9881	242
9882	92
9882	166
9882	104
9882	316
9882	242
9883	203
9883	81
9883	198
9883	144
9883	22
9883	225
9883	171
9884	319
9884	198
9884	87
9884	230
9884	242
9884	317
9885	264
9885	237
9885	242
9885	225
9886	132
9886	108
9886	195
9886	198
9886	86
9886	21
9886	242
9887	88
9887	203
9887	198
9887	230
9887	22
9888	163
9888	261
9888	327
9888	195
9888	198
9889	163
9889	114
9889	198
9889	293
9889	146
9889	144
9889	242
9890	149
9890	198
9890	136
9890	119
9890	242
9890	225
9891	92
9891	203
9891	261
9891	198
9891	214
9891	242
9891	225
9892	104
9892	291
9893	246
9893	264
9893	114
9893	195
9893	242
9894	245
9894	198
9894	155
9894	230
9894	242
9894	225
9895	245
9895	91
9895	198
9895	230
9895	146
9895	242
9895	225
9896	182
9896	81
9896	101
9896	331
9896	323
9896	242
9897	163
9897	264
9897	116
9897	198
9897	228
9897	230
9897	242
9898	195
9898	198
9898	242
9899	203
9899	198
9899	146
9899	144
9899	214
9899	242
9899	225
9900	203
9900	198
9900	107
9900	288
9900	102
9900	216
9900	242
9901	264
9901	116
9901	195
9901	228
9901	144
9901	242
9901	45
9902	163
9902	198
9902	228
9902	230
9902	242
9903	245
9903	91
9903	216
9903	122
9903	242
9903	225
9903	39
9904	203
9904	104
9904	230
9904	242
9905	198
9905	22
9905	150
9905	242
9906	203
9906	81
9906	198
9906	209
9906	22
9906	242
9906	225
9907	203
9907	107
9907	276
9907	144
9907	242
9908	95
9908	264
9908	198
9908	242
9909	127
9909	331
9909	107
9909	103
9909	242
9910	163
9910	203
9910	264
9910	26
9910	276
9910	291
9911	118
9911	163
9911	264
9911	198
9911	230
9911	242
9912	245
9912	264
9912	198
9912	242
9912	225
9913	88
9913	109
9913	198
9913	230
9913	150
9913	214
9913	225
9913	171
9915	182
9915	92
9915	261
9915	198
9915	31
9915	276
9915	209
9915	80
9915	6
9915	323
9916	245
9916	264
9916	114
9916	30
9916	198
9916	148
9916	214
9916	242
9916	225
9917	203
9917	198
9917	209
9917	258
9917	242
9917	225
9918	245
9918	149
9918	151
9918	264
9918	198
9918	230
9918	214
9918	242
9918	225
9919	198
9919	26
9919	230
9919	80
9919	242
9920	264
9920	198
9920	237
9920	228
9920	148
9920	242
9921	267
9921	326
9921	198
9921	230
9921	242
9921	225
9922	163
9922	264
9922	331
9922	332
9922	10
9922	214
9922	242
9922	225
9923	163
9923	151
9923	264
9923	230
9923	323
9923	291
9924	245
9924	264
9924	114
9924	198
9924	230
9924	242
9924	32
9925	331
9925	224
9925	147
9925	332
9925	323
9925	242
9925	171
9926	203
9926	81
9926	106
9926	276
9926	209
9926	80
9926	103
9927	339
9927	264
9927	282
9927	198
9927	242
9928	198
9928	230
9928	293
9928	226
9928	242
9928	225
9929	203
9929	264
9929	198
9929	107
9929	228
9929	146
9929	242
9930	92
9930	203
9930	114
9930	198
9930	228
9930	242
9930	225
9930	317
9931	270
9931	104
9931	224
9931	198
9931	230
9931	242
9931	225
9932	339
9932	282
9932	114
9932	150
9932	291
9932	225
9933	81
9933	114
9933	104
9933	316
9933	213
9933	242
9935	270
9935	331
9935	228
9935	332
9935	242
9935	225
9936	245
9936	92
9936	198
9936	21
9936	214
9936	242
9936	225
9937	224
9937	291
9938	182
9938	81
9938	198
9938	80
9939	264
9939	116
9939	198
9939	237
9939	228
9939	242
9940	92
9940	106
9940	230
9940	242
9941	182
9941	203
9941	81
9941	31
9941	33
9941	323
9942	264
9942	209
9942	80
9942	323
9942	242
9943	163
9943	331
9943	224
9943	146
9943	332
9943	242
9945	164
9945	114
9945	198
9945	155
9945	230
9945	242
9946	245
9946	151
9946	198
9946	228
9947	163
9947	72
9947	264
9947	116
9947	198
9947	230
9947	242
9948	163
9948	263
9948	203
9948	261
9948	198
9948	106
9948	242
9949	116
9949	219
9949	198
9949	237
9949	230
9949	214
9949	242
9949	225
9950	92
9950	163
9950	198
9950	107
9950	276
9950	209
9950	242
9951	151
9951	114
9951	346
9951	355
9951	323
9952	88
9952	264
9952	326
9952	237
9952	242
9953	92
9953	198
9953	285
9953	344
9954	163
9954	264
9954	198
9954	230
9954	293
9954	242
9955	163
9955	203
9955	327
9955	198
9955	106
9955	22
9955	242
9956	132
9956	245
9956	216
9956	122
9956	242
9956	225
9957	132
9957	245
9957	91
9957	331
9957	242
9958	164
9958	88
9958	104
9958	198
9958	242
9959	88
9959	95
9959	203
9959	155
9959	323
9959	242
9960	326
9960	230
9960	148
9960	291
9960	242
9961	270
9961	198
9961	155
9961	228
9961	242
9962	203
9962	326
9962	136
9962	144
9962	332
9962	242
9963	198
9963	250
9963	214
9963	242
9963	225
9964	163
9964	203
9964	264
9964	282
9964	114
9964	198
9964	214
9964	242
9964	225
9965	203
9965	104
9965	195
9965	106
9965	119
9965	242
9966	267
9966	203
9966	198
9966	242
9967	203
9967	81
9967	331
9967	228
9967	332
9967	242
9968	267
9968	178
9968	146
9968	144
9968	10
9968	214
9968	242
9968	225
9969	334
9969	146
9969	102
9969	242
9970	203
9970	198
9970	31
9970	242
9971	81
9971	114
9971	198
9971	230
9971	22
9971	242
9971	225
9973	127
9973	331
9973	198
9973	147
9973	291
9973	323
9973	242
9974	203
9974	261
9974	198
9975	121
9975	156
9975	200
9976	109
9976	114
9976	298
9976	115
9976	198
9976	258
9976	242
9976	225
9977	127
9977	270
9977	163
9977	264
9977	276
9977	323
9977	242
9978	168
9978	326
9978	26
9978	230
9978	242
9979	132
9979	163
9979	91
9979	30
9979	198
9979	242
9980	163
9980	264
9980	116
9980	198
9980	228
9980	230
9980	242
9981	203
9981	195
9981	198
9981	225
9981	317
9982	270
9982	109
9982	198
9982	230
9982	242
9983	327
9983	104
9983	195
9983	198
9983	242
9984	342
9984	104
9984	136
9984	22
9984	242
9984	225
9985	30
9985	198
9985	237
9985	228
9985	148
9985	242
9985	225
9986	198
9986	293
9986	146
9986	214
9986	242
9986	225
9987	11
9987	291
9987	214
9987	225
9988	156
9988	155
9988	291
9988	323
9989	166
9989	197
9989	332
9989	242
9989	225
9989	317
9990	149
9990	151
9990	111
9990	198
9990	242
9990	317
9991	261
9991	7
9991	195
9991	291
9991	317
9992	203
9992	261
9992	31
9992	242
9993	167
9993	114
9993	331
9993	228
9993	291
9994	149
9994	264
9994	259
9994	198
9994	237
9994	214
9994	242
9994	225
9995	203
9995	81
9995	195
9995	276
9995	323
9996	114
9996	342
9996	157
9996	230
9996	323
9997	203
9997	198
9997	209
9997	323
9998	81
9998	114
9998	115
9999	298
9999	30
9999	198
10000	163
10000	203
10000	81
10000	276
10001	163
10001	264
10001	228
10001	291
10001	323
10001	225
10002	270
10002	104
10002	31
10002	209
10002	258
10002	242
10004	127
10004	109
10004	331
10004	147
10004	22
10004	332
10004	242
10005	264
10005	195
10005	22
10005	323
10006	163
10006	95
10006	264
10006	198
10006	230
10006	242
10007	149
10007	198
10007	293
10007	146
10007	242
10008	203
10008	81
10008	7
10008	198
10008	214
10008	242
10008	225
10009	203
10009	81
10009	291
10009	214
10009	225
10010	298
10010	224
10010	198
10010	242
10010	225
10011	151
10011	156
10011	291
10011	225
10012	264
10012	209
10012	323
10012	242
10013	339
10013	26
10013	80
10013	86
10014	203
10014	195
10014	22
10015	81
10015	114
10015	198
10015	230
10015	209
10015	22
10015	225
10015	171
10016	163
10016	276
10016	209
10016	80
10016	323
10016	144
10017	116
10017	195
10017	198
10017	230
10017	242
10018	97
10018	81
10018	30
10018	209
10018	103
10019	163
10019	203
10019	198
10019	106
10019	80
10019	242
10020	342
10020	319
10020	198
10020	230
10020	242
10021	178
10021	198
10021	106
10021	146
10021	144
10021	10
10021	214
10021	242
10022	198
10022	106
10022	144
10022	216
10023	245
10023	264
10023	114
10023	291
10023	323
10023	242
10023	32
10024	163
10024	80
10024	293
10024	146
10024	22
10024	242
10025	114
10025	198
10025	209
10025	258
10025	214
10025	242
10025	225
10026	81
10026	326
10026	104
10026	230
10026	146
10026	242
10027	327
10027	112
10027	185
10027	200
10027	347
10028	104
10028	242
10028	225
10029	92
10029	203
10029	327
10029	198
10029	214
10029	242
10029	225
10030	203
10030	114
10030	327
10030	291
10030	214
10030	225
10031	127
10031	118
10031	163
10031	209
10031	80
10031	323
10031	242
10032	306
10032	230
10032	209
10032	242
10032	225
10033	95
10033	114
10033	198
10033	258
10033	214
10033	242
10033	225
10034	104
10034	198
10034	26
10034	237
10034	230
10034	242
10035	109
10035	198
10035	230
10035	22
10035	337
10035	242
10035	225
10036	203
10036	195
10037	88
10037	203
10037	317
10038	198
10038	99
10038	230
10038	144
10039	163
10039	203
10039	264
10039	198
10039	316
10039	106
10039	242
10040	92
10040	114
10040	116
10040	198
10040	237
10040	214
10040	242
10040	225
10041	151
10041	104
10041	136
10041	80
10041	22
10041	242
10042	245
10042	91
10042	198
10042	96
10042	242
10043	92
10043	104
10043	195
10043	331
10043	242
10044	264
10044	104
10044	237
10044	242
10045	149
10045	264
10045	114
10045	198
10045	242
10046	178
10046	261
10046	7
10046	291
10047	182
10047	151
10047	203
10047	242
10048	109
10048	114
10048	326
10048	230
10048	258
10049	203
10049	81
10049	198
10049	106
10049	214
10049	242
10049	225
10050	73
10050	114
10050	192
10050	104
10050	144
10050	242
10051	282
10051	198
10051	230
10051	276
10051	80
10051	86
10051	242
10052	339
10052	116
10052	106
10052	230
10052	323
10052	144
10053	81
10053	109
10053	30
10053	198
10053	209
10053	103
10053	242
10054	81
10054	298
10054	30
10054	198
10054	209
10054	11
10055	203
10055	81
10055	261
10055	7
10055	323
10055	291
10056	203
10056	198
10056	22
10057	81
10057	114
10057	104
10057	323
10057	242
10058	203
10058	81
10058	114
10058	198
10058	106
10058	230
10058	242
10058	225
10059	267
10059	111
10059	276
10059	80
10059	291
10059	323
10060	127
10060	97
10060	81
10060	30
10060	209
10060	22
10060	323
10060	242
10061	163
10061	198
10061	323
10061	171
10062	127
10062	331
10062	224
10062	147
10062	332
10062	242
10063	163
10063	264
10063	198
10063	237
10063	242
10064	132
10064	267
10064	146
10064	10
10064	291
10064	214
10064	323
10064	242
10065	127
10065	331
10065	147
10065	332
10065	291
10065	323
10065	242
10066	114
10066	115
10066	198
10066	237
10066	230
10066	242
10066	225
10067	112
10067	80
10067	86
10067	225
10068	264
10068	114
10068	198
10068	26
10068	237
10068	230
10068	242
10068	225
10069	149
10069	104
10069	146
10069	338
10069	242
10070	88
10070	230
10070	242
10071	149
10071	267
10071	198
10071	242
10072	127
10072	81
10072	109
10072	198
10072	316
10072	209
10072	242
10073	245
10073	264
10073	114
10073	198
10073	242
10073	225
10074	270
10074	81
10074	198
10074	214
10074	242
10074	225
10075	156
10075	291
10075	214
10075	225
10076	163
10076	114
10076	106
10076	10
10076	291
10076	214
10076	323
10076	242
10077	203
10077	262
10077	230
10077	242
10078	81
10078	114
10078	195
10078	198
10078	230
10078	242
10078	225
10079	81
10079	308
10079	262
10079	291
10079	225
10080	149
10080	163
10080	264
10080	102
10080	323
10080	344
10081	97
10081	81
10081	30
10081	209
10081	6
10081	242
10082	203
10082	198
10083	270
10083	72
10083	116
10083	198
10083	228
10083	242
10084	104
10084	14
10084	106
10084	242
10085	264
10085	116
10085	144
10085	242
10086	163
10086	198
10086	323
10087	280
10087	88
10087	114
10087	104
10087	22
10087	242
10088	132
10088	149
10088	264
10088	104
10088	198
10088	242
10089	195
10089	157
10089	198
10089	242
10090	264
10090	116
10090	276
10090	242
10091	88
10091	203
10091	198
10091	214
10091	242
10091	225
10092	291
10092	214
10092	225
10093	151
10093	224
10093	225
10094	203
10094	195
10094	146
10095	151
10095	114
10095	331
10095	332
10095	291
10096	163
10096	264
10096	209
10096	242
10097	132
10097	157
10097	198
10097	288
10097	146
10097	250
10097	214
10097	242
10097	225
10098	203
10098	81
10098	230
10098	291
10098	225
10099	182
10099	313
10099	151
10099	80
10099	167
10100	195
10100	276
10100	22
10100	291
10101	163
10101	264
10101	198
10101	242
10102	104
10102	302
10102	230
10102	226
10102	242
10103	203
10103	198
10103	26
10104	81
10104	327
10104	30
10105	97
10105	96
10105	225
10106	73
10106	335
10106	95
10106	264
10106	224
10106	198
10106	225
10107	264
10107	80
10107	86
10107	242
10108	203
10108	276
10109	80
10109	22
10109	291
10110	203
10110	109
10110	198
10110	230
10110	22
10110	150
10110	214
10110	242
10110	225
10111	203
10111	81
10111	109
10111	209
10111	80
10112	182
10112	81
10112	30
10113	163
10113	88
10113	264
10113	198
10113	242
10114	270
10114	313
10114	178
10114	195
10114	198
10114	107
10114	242
10115	342
10115	104
10115	136
10115	272
10115	214
10115	242
10115	225
10116	182
10116	92
10116	97
10116	81
10116	261
10116	195
10116	242
10117	81
10117	30
10117	209
10117	323
10118	81
10118	276
10118	209
10118	11
10118	147
10118	323
10119	97
10119	203
10119	327
10119	262
10119	198
10119	150
10119	214
10119	242
10119	225
10120	88
10120	114
10120	242
10120	225
10120	131
10121	163
10121	264
10121	282
10121	114
10121	198
10121	237
10121	214
10121	242
10121	225
10122	173
10122	346
10122	22
10123	151
10123	203
10123	106
10124	88
10124	114
10124	314
10124	198
10124	102
10124	214
10124	242
10124	225
10125	127
10125	203
10125	81
10125	261
10125	106
10126	203
10126	114
10126	198
10126	107
10126	22
10126	242
10126	225
10127	203
10127	195
10127	80
10127	22
10127	150
10127	242
10128	195
10128	31
10128	302
10128	209
10128	323
10129	151
10129	203
10129	209
10130	203
10130	195
10130	323
10131	151
10131	203
10131	22
10132	182
10132	203
10132	30
10132	136
10133	245
10133	81
10133	237
10133	214
10133	242
10133	225
10134	81
10134	114
10134	198
10134	14
10134	230
10134	258
10134	242
10134	225
10135	121
10135	114
10135	198
10135	230
10135	242
10135	225
10136	182
10136	92
10136	261
10136	7
10136	195
10136	242
10137	118
10137	163
10137	264
10137	242
10138	245
10138	149
10138	331
10138	214
10138	242
10138	225
10138	131
10139	245
10139	100
10139	88
10139	198
10139	230
10139	242
10140	203
10140	31
10140	302
10140	22
10141	110
10141	203
10141	26
10141	22
10142	23
10142	111
10142	224
10142	198
10142	242
10142	225
10143	109
10143	198
10143	230
10143	258
10143	214
10143	242
10143	225
10144	245
10144	88
10144	198
10144	242
10144	225
10145	182
10145	30
10145	31
10146	81
10146	114
10146	224
10146	198
10146	230
10146	250
10146	242
10146	225
10147	182
10147	97
10147	30
10147	209
10147	22
10147	103
10147	242
10148	127
10148	182
10148	30
10149	203
10149	109
10149	198
10149	302
10149	242
10150	203
10150	81
10150	261
10150	106
10150	31
10150	242
10151	267
10151	81
10151	346
10151	11
10151	103
10152	127
10152	331
10152	224
10152	320
10152	332
10152	242
10153	245
10153	264
10153	190
10153	116
10153	331
10153	242
10154	114
10154	115
10154	198
10154	230
10154	142
10154	258
10154	242
10154	225
10155	154
10155	254
10155	114
10155	198
10155	214
10156	163
10156	264
10156	198
10156	242
10157	339
10157	198
10157	209
10157	323
10157	291
10158	245
10158	264
10158	114
10158	198
10158	237
10158	230
10158	242
10158	225
10159	81
10159	114
10159	326
10159	198
10159	214
10159	323
10159	225
10159	171
10160	81
10160	209
10160	11
10160	86
10160	103
10161	163
10161	267
10161	81
10161	261
10161	209
10162	198
10162	230
10162	150
10162	214
10162	242
10162	225
10163	144
10163	291
10163	214
10163	225
10164	339
10164	198
10164	230
10164	22
10164	242
10164	317
10165	195
10165	80
10166	167
10166	114
10166	116
10166	331
10166	332
10166	242
10167	245
10167	125
10167	114
10167	198
10167	230
10167	242
10167	225
10168	92
10168	198
10168	144
10168	242
10168	281
10169	203
10169	264
10169	198
10169	209
10169	80
10170	110
10170	81
10170	261
10170	7
10170	80
10171	92
10171	173
10171	81
10171	261
10171	209
10172	163
10172	81
10172	114
10172	198
10172	237
10172	214
10172	242
10172	225
10173	203
10173	195
10173	209
10173	258
10173	323
10174	97
10174	331
10174	86
10174	242
10175	203
10175	264
10175	198
10175	276
10176	163
10176	72
10176	114
10176	116
10176	198
10176	242
10177	203
10177	327
10177	106
10177	276
10177	209
10178	81
10178	327
10178	112
10178	200
10178	347
10178	167
10179	88
10179	203
10179	114
10179	115
10179	198
10179	258
10179	242
10179	225
10180	92
10180	167
10180	81
10180	261
10180	323
10181	149
10181	339
10181	198
10181	242
10181	225
10182	264
10182	114
10182	115
10182	198
10182	258
10182	214
10182	242
10182	225
10183	151
10183	114
10183	224
10184	264
10184	282
10184	342
10184	198
10184	242
10184	225
10185	203
10185	81
10185	31
10185	302
10185	242
10186	331
10186	198
10186	86
10186	332
10186	291
10186	242
10187	298
10187	86
10187	323
10187	291
10188	81
10188	298
10188	276
10189	245
10189	152
10189	163
10189	114
10189	220
10189	242
10190	195
10190	276
10190	80
10191	203
10191	198
10191	31
10191	209
10192	163
10192	72
10192	276
10192	242
10193	81
10193	276
10193	209
10194	163
10194	264
10194	209
10194	82
10195	151
10195	81
10195	261
10195	7
10195	276
10196	264
10196	114
10196	31
10196	276
10196	209
10197	267
10197	232
10197	331
10197	219
10197	157
10197	242
10197	225
10198	163
10198	264
10198	114
10198	198
10198	237
10198	150
10198	214
10198	242
10198	225
10199	203
10199	114
10199	198
10199	22
10199	242
10199	225
10200	203
10200	195
10200	156
10200	106
10200	242
10201	270
10201	331
10201	86
10201	147
10201	332
10201	242
10202	163
10202	264
10202	198
10203	261
10203	195
10203	276
10203	209
10203	6
10204	203
10204	114
10204	115
10204	198
10204	230
10204	258
10204	242
10204	225
10205	156
10205	31
10205	80
10205	22
10205	103
10205	242
10206	81
10206	109
10206	209
10206	22
10206	242
10207	163
10207	264
10207	112
10207	80
10207	242
10208	298
10208	198
10208	323
10208	291
10209	163
10209	264
10209	198
10210	149
10210	264
10210	319
10210	198
10210	228
10210	242
10210	317
10211	245
10211	339
10211	114
10211	198
10211	242
10211	225
10212	203
10212	195
10212	276
10212	142
10212	242
10213	178
10213	331
10213	237
10213	228
10213	332
10213	242
10213	225
10214	335
10214	224
10214	198
10214	242
10214	225
10215	88
10215	203
10215	156
10215	198
10215	146
10215	214
10215	242
10215	225
10216	97
10216	224
10216	291
10216	225
10217	264
10217	232
10217	195
10217	242
10218	109
10218	114
10218	198
10218	242
10219	261
10219	323
10219	291
10220	245
10220	264
10220	30
10220	198
10220	230
10220	242
10220	32
10221	127
10221	331
10221	291
10221	323
10222	97
10222	203
10222	81
10222	144
10222	242
10222	225
10223	245
10223	114
10223	198
10223	237
10223	214
10223	242
10223	225
10224	270
10224	203
10224	198
10224	209
10224	22
10224	214
10224	242
10224	225
10225	81
10225	26
10225	106
10225	230
10225	291
10225	225
10226	81
10226	261
10226	327
10226	198
10226	80
10226	216
10227	163
10227	264
10227	80
10228	81
10228	298
10228	30
10228	147
10228	103
10229	167
10229	101
10229	7
10229	6
10229	242
10230	149
10230	151
10230	104
10230	198
10230	242
10231	245
10231	203
10231	195
10231	198
10231	106
10231	242
10232	270
10232	72
10232	116
10232	14
10233	298
10233	30
10233	209
10233	103
10234	92
10234	110
10234	88
10234	261
10234	209
10234	6
10234	323
10235	163
10235	72
10235	116
10235	291
10235	214
10235	323
10235	317
10236	203
10236	291
10236	323
10237	163
10237	116
10237	198
10237	242
10238	198
10238	242
10238	171
10239	163
10239	339
10239	198
10239	237
10239	242
10239	225
10240	163
10240	72
10240	264
10240	198
10241	81
10241	261
10241	253
10241	80
10242	163
10242	264
10242	276
10242	242
10243	81
10243	219
10243	157
10243	31
10243	302
10244	203
10244	198
10244	323
10244	171
10244	317
10245	339
10245	81
10245	198
10245	230
10245	22
10245	150
10245	242
10245	225
10246	203
10246	81
10246	198
10246	209
10246	214
10246	242
10246	225
10247	270
10247	327
10247	230
10248	81
10248	261
10248	209
10248	86
10248	103
10249	270
10249	114
10249	198
10249	230
10249	242
10250	163
10250	264
10250	80
10250	242
10251	198
10251	26
10251	226
10252	163
10252	264
10252	331
10253	245
10253	118
10253	339
10253	114
10253	198
10253	242
10253	225
10254	149
10254	104
10254	198
10254	237
10254	214
10254	242
10254	225
10255	270
10255	164
10255	198
10255	26
10255	228
10255	242
10256	261
10256	195
10256	150
10257	95
10257	121
10257	224
10257	198
10257	242
10257	225
10258	331
10258	144
10258	291
10259	334
10259	276
10259	320
10259	150
10259	291
10260	132
10260	203
10260	209
10260	323
10260	291
10261	298
10261	276
10261	209
10261	22
10261	6
10262	298
10262	198
10262	346
10262	11
10262	86
10263	326
10263	232
10263	157
10263	146
10263	144
10264	88
10264	326
10264	198
10264	96
10264	242
10264	225
10265	163
10265	72
10265	116
10265	323
10265	291
10265	347
10266	203
10266	261
10266	22
10267	132
10267	81
10267	298
10267	209
10267	323
10268	76
10268	230
10268	148
10269	104
10269	224
10269	94
10269	230
10270	334
10270	163
10270	203
10270	198
10270	150
10270	171
10271	163
10271	264
10271	326
10271	230
10272	88
10272	121
10272	331
10272	332
10272	242
10273	245
10273	88
10273	114
10273	198
10273	150
10273	242
10273	225
10274	245
10274	264
10274	198
10274	242
10274	225
10275	163
10275	264
10275	114
10275	198
10275	237
10275	214
10275	242
10275	225
10276	151
10276	203
10276	81
10276	261
10276	198
10276	242
10277	164
10277	88
10277	7
10277	195
10277	276
10277	242
10278	88
10278	81
10278	198
10278	11
10279	81
10279	326
10279	230
10279	146
10279	150
10279	242
10279	225
10280	203
10280	81
10280	232
10280	157
10280	198
10280	230
10280	242
10280	225
10281	88
10281	114
10281	314
10281	326
10281	26
10281	214
10281	242
10281	225
10282	114
10282	195
10282	258
10282	150
10282	214
10282	242
10282	225
10283	203
10283	81
10283	230
10283	291
10283	225
10284	270
10284	264
10284	282
10284	198
10284	242
10285	203
10285	81
10285	261
10285	330
10285	80
10286	163
10286	203
10286	81
10286	22
10286	323
10287	100
10287	88
10287	331
10287	332
10287	242
10288	195
10288	276
10288	291
10288	317
10289	339
10289	264
10289	198
10289	150
10289	242
10289	225
10290	95
10290	223
10290	155
10290	230
10290	242
10291	203
10291	31
10291	209
10291	242
10292	92
10292	81
10292	261
10292	7
10292	80
10293	163
10293	264
10293	116
10293	323
10294	203
10294	114
10294	195
10294	291
10294	323
10294	317
10295	88
10295	203
10295	261
10295	7
10295	156
10295	198
10295	214
10295	242
10295	225
10296	81
10296	114
10296	195
10296	198
10296	242
10296	225
10297	270
10297	23
10297	203
10297	178
10297	330
10297	198
10297	214
10297	242
10297	225
10298	163
10298	264
10298	276
10298	21
10299	203
10299	31
10299	209
10300	195
10300	198
10300	323
10300	171
10300	317
10301	80
10301	22
10301	291
10301	317
10302	264
10302	230
10302	209
10302	144
10302	285
10303	81
10303	198
10303	26
10303	214
10303	242
10303	225
10304	326
10304	331
10304	142
10304	146
10304	214
10304	242
10304	225
10305	261
10305	308
10305	7
10305	6
10305	103
10305	242
10306	203
10306	81
10306	198
10306	31
10306	209
10307	330
10307	195
10307	291
10307	323
10307	317
10308	81
10308	156
10308	262
10308	198
10308	242
10308	225
10309	81
10309	261
10309	80
10309	22
10310	163
10310	264
10310	114
10310	104
10310	224
10310	214
10310	242
10310	225
10311	163
10311	203
10311	116
10311	230
10311	285
10312	203
10312	195
10312	262
10312	316
10312	242
10313	118
10313	163
10313	72
10313	116
10313	198
10313	171
10313	317
10314	270
10314	198
10314	230
10314	323
10314	225
10314	171
10315	203
10315	198
10315	22
10315	242
10316	267
10316	81
10316	114
10316	258
10316	103
10317	270
10317	114
10317	178
10317	198
10317	323
10317	171
10318	245
10318	339
10318	264
10318	114
10318	198
10318	237
10318	242
10318	225
10319	306
10319	330
10319	112
10319	205
10319	253
10320	203
10320	81
10320	198
10320	276
10320	147
10321	97
10321	264
10321	242
10321	225
10322	132
10322	245
10322	91
10322	326
10322	198
10322	230
10322	242
10322	225
10323	339
10323	264
10323	198
10323	209
10324	261
10324	7
10324	195
10324	198
10324	317
10325	163
10325	203
10325	264
10325	228
10325	242
10326	109
10326	114
10326	198
10326	136
10326	144
10326	214
10326	242
10326	225
10327	203
10327	114
10327	198
10327	31
10327	22
10327	242
10328	163
10328	264
10328	237
10328	230
10328	285
10329	203
10329	319
10329	144
10329	22
10329	242
10329	225
10330	245
10330	76
10330	198
10330	148
10331	163
10331	264
10331	116
10331	198
10332	121
10332	306
10332	326
10332	319
10332	22
10332	291
10332	225
10333	80
10333	86
10333	291
10333	242
10334	81
10334	30
10334	276
10334	142
10334	22
10335	163
10335	195
10335	323
10335	291
10336	203
10336	327
10336	198
10336	317
10337	163
10337	264
10337	237
10337	209
10337	285
10338	81
10338	198
10338	209
10338	86
10338	103
10339	306
10339	31
10339	209
10339	242
10340	195
10340	198
10340	31
10340	302
10340	242
10341	264
10341	114
10341	116
10341	195
10341	198
10341	242
10342	149
10342	100
10342	88
10342	104
10342	293
10344	203
10344	81
10344	195
10344	198
10345	270
10345	156
10345	198
10345	230
10345	288
10346	81
10346	157
10346	31
10346	302
10346	352
10347	95
10347	224
10347	198
10347	230
10347	288
10347	225
10347	171
10348	203
10348	114
10348	104
10348	86
10348	144
10349	267
10349	81
10349	276
10349	209
10349	258
10350	261
10350	327
10350	253
10350	80
10350	22
10351	267
10351	262
10351	276
10351	209
10352	203
10352	198
10352	22
10352	317
10354	114
10354	326
10354	136
10354	272
10354	146
10354	214
10354	242
10354	225
10355	331
10355	157
10355	214
10355	242
10355	225
10356	132
10356	81
10356	346
10356	253
10356	320
10357	203
10357	114
10357	326
10357	319
10357	198
10357	242
10357	225
10358	163
10358	151
10358	264
10358	261
10358	291
10358	214
10358	225
10359	149
10359	163
10359	264
10359	80
10359	344
10360	81
10360	261
10360	7
10360	22
10360	6
10361	267
10361	308
10361	327
10361	276
10361	209
10362	127
10362	331
10362	332
10363	127
10363	114
10363	326
10363	331
10363	291
10363	225
10364	104
10364	331
10364	320
10364	332
10365	88
10365	331
10365	26
10367	203
10367	209
10367	258
10367	22
10368	73
10368	224
10368	198
10368	230
10368	250
10368	242
10368	225
10369	163
10369	264
10369	302
10369	230
10370	331
10370	31
10370	302
10370	320
10370	242
10371	203
10371	314
10371	198
10371	22
10371	317
10372	195
10372	209
10372	291
10372	317
10373	80
10373	86
10374	92
10374	308
10374	198
10374	80
10374	347
10375	339
10375	114
10375	276
10375	144
10375	285
10376	132
10376	264
10376	237
10376	276
10376	285
10377	173
10377	224
10377	250
10377	291
10377	225
10378	203
10378	81
10378	198
10378	230
10378	22
10378	242
10378	225
10379	104
10379	195
10379	291
10380	331
10380	198
10380	11
10380	146
10380	214
10380	242
10380	225
10381	203
10381	276
10381	22
10382	151
10382	30
10382	198
10383	264
10383	104
10383	106
10383	320
10383	242
10384	203
10384	298
10384	11
10385	114
10385	330
10385	198
10385	200
10385	347
10386	267
10386	288
10386	102
10386	150
10389	109
10389	114
10389	331
10389	332
10389	150
10389	242
10390	245
10390	149
10390	163
10390	264
10390	198
10390	237
10390	214
10390	242
10390	225
10391	203
10391	261
10391	106
10391	276
10392	163
10392	72
10392	264
10392	116
10392	198
10392	214
10392	317
10393	203
10393	198
10393	209
10393	22
10393	242
10394	261
10394	298
10394	346
10394	209
10394	6
10395	339
10395	116
10395	237
10395	276
10395	209
10396	203
10396	198
10396	209
10396	22
10396	150
10397	203
10397	330
10397	198
10397	317
10398	203
10398	195
10398	209
10398	291
10398	317
10399	264
10399	282
10399	198
10399	250
10399	242
10400	88
10400	167
10400	230
10400	288
10400	146
10400	225
10400	317
10401	152
10401	104
10401	242
10402	163
10402	264
10402	195
10403	97
10403	224
10403	198
10403	250
10403	242
10403	225
10404	81
10404	156
10404	80
10404	86
10405	149
10405	195
10405	209
10405	22
10405	214
10406	263
10406	198
10406	276
10406	80
10406	338
10406	250
10406	242
10406	317
10407	166
10407	203
10407	331
10407	230
10407	242
10408	203
10408	81
10408	262
10408	225
10409	101
10409	30
10409	195
10410	163
10410	72
10410	264
10410	116
10410	198
10410	214
10410	317
10411	261
10411	31
10411	209
10411	22
10411	242
10411	225
10412	104
10412	323
10412	347
10413	88
10413	167
10413	114
10413	331
10413	332
10413	242
10414	264
10414	80
10414	320
10414	242
10415	245
10415	92
10415	293
10415	242
10416	331
10416	332
10416	242
10417	163
10417	264
10417	195
10418	339
10418	203
10418	198
10419	121
10419	195
10419	302
10419	258
10420	264
10420	326
10420	198
10420	302
10420	242
10421	31
10421	302
10421	230
10421	293
10422	276
10422	209
10422	146
10423	132
10423	198
10423	346
10423	26
10423	86
10424	331
10424	147
10425	163
10425	203
10425	264
10425	198
10425	209
10425	80
10425	225
10426	203
10426	264
10426	22
10426	317
10427	151
10427	342
10427	147
10428	127
10428	81
10428	114
10428	331
10428	332
10428	242
10429	203
10429	195
10429	198
10429	242
10430	97
10430	104
10430	146
10430	242
10431	167
10431	264
10431	104
10431	195
10431	242
10432	245
10432	88
10432	104
10432	198
10432	209
10432	242
10433	30
10433	26
10433	144
10434	261
10434	7
10434	195
10434	22
10435	339
10435	291
10435	242
10436	163
10436	310
10436	342
10436	144
10436	285
10437	203
10437	195
10438	127
10438	114
10438	331
10439	81
10439	195
10439	26
10439	276
10440	163
10440	167
10440	331
10440	146
10440	332
10440	225
10441	114
10441	291
10441	323
10442	80
10442	86
10442	242
10443	88
10443	203
10443	30
10443	86
10444	203
10444	198
10444	22
10444	317
10445	163
10445	116
10445	323
10445	144
10445	285
10446	151
10446	308
10446	262
10447	203
10447	81
10447	242
10447	225
10448	73
10448	342
10448	198
10448	216
10448	242
10449	203
10449	327
10449	198
10449	22
10450	331
10450	26
10450	146
10450	144
10450	22
10450	214
10450	242
10450	225
10451	163
10451	339
10451	198
10451	237
10451	302
10451	242
10451	225
10452	114
10452	200
10452	167
10453	127
10453	327
10453	331
10453	200
10454	245
10454	88
10454	81
10454	109
10454	198
10454	242
10454	225
10455	163
10455	144
10455	291
10456	118
10456	342
10456	116
10456	198
10456	242
10457	109
10457	264
10457	198
10457	242
10458	264
10458	114
10458	198
10458	258
10459	163
10459	72
10459	264
10459	116
10459	198
10459	214
10459	317
10460	245
10460	264
10460	178
10460	195
10460	198
10460	230
10460	242
10461	163
10461	339
10461	198
10461	242
10461	225
10462	270
10462	267
10462	102
10462	242
10463	173
10463	224
10463	198
10463	230
10463	250
10463	242
10463	225
10464	95
10464	151
10464	157
10464	146
10464	291
10464	323
10464	225
10465	163
10465	72
10465	114
10465	116
10465	209
10465	225
10466	163
10466	203
10466	22
10466	150
10466	291
10467	30
10467	346
10467	209
10467	144
10468	88
10468	267
10468	104
10468	242
10469	198
10469	31
10469	302
10469	147
10469	242
10470	81
10470	116
10470	198
10470	242
10471	166
10471	230
10471	288
10471	142
10471	291
10471	242
10473	151
10473	81
10473	261
10473	195
10473	198
10474	163
10474	264
10474	291
10475	72
10475	116
10475	276
10477	195
10477	112
10477	276
10477	291
10477	225
10477	162
10478	245
10478	198
10478	148
10479	267
10479	104
10479	302
10479	323
10480	127
10480	100
10480	88
10480	331
10480	332
10480	225
10481	163
10481	72
10481	264
10481	116
10481	156
10481	198
10482	163
10482	264
10482	342
10482	291
10482	214
10482	323
10482	225
10483	203
10483	264
10483	31
10483	302
10483	209
10483	242
10484	163
10484	264
10484	116
10484	82
10485	245
10485	114
10485	198
10485	230
10485	144
10485	171
10486	298
10486	30
10486	346
10486	11
10486	86
10487	81
10487	198
10487	26
10487	288
10487	144
10487	242
10488	264
10488	198
10488	230
10488	276
10488	285
10490	327
10490	7
10490	262
10490	242
10491	270
10491	334
10491	198
10491	106
10491	276
10491	150
10492	114
10492	178
10492	323
10493	267
10493	114
10493	326
10493	115
10493	276
10494	245
10494	163
10494	264
10494	198
10494	96
10494	214
10494	242
10494	225
10495	245
10495	198
10495	225
10495	171
10496	163
10496	72
10496	264
10496	116
10496	198
10497	245
10497	149
10497	339
10497	264
10497	144
10497	214
10497	242
10497	225
10498	97
10498	104
10498	106
10498	230
10498	209
10498	214
10499	163
10499	151
10499	203
10499	198
10499	22
10499	150
10500	163
10500	72
10500	116
10501	114
10501	319
10501	258
10501	144
10502	163
10502	264
10502	198
10502	171
10503	127
10503	72
10503	116
10504	236
10504	190
10504	116
10504	276
10504	102
10504	320
10505	118
10505	163
10505	264
10505	291
10505	225
10506	230
10506	216
10506	225
10507	270
10507	97
10507	114
10507	316
10507	272
10507	209
10507	214
10508	163
10508	72
10508	116
10508	195
10510	339
10510	264
10510	282
10510	291
10510	214
10510	323
10510	225
10511	118
10511	163
10511	72
10511	116
10511	291
10511	225
10511	317
10512	88
10512	114
10512	326
10512	198
10512	230
10512	250
10512	317
10513	245
10513	310
10513	198
10513	242
10513	225
10514	118
10514	163
10514	209
10514	291
10514	225
10514	317
10515	267
10515	195
10515	276
10515	102
10516	132
10516	198
10516	26
10516	253
10516	144
10517	163
10517	72
10517	195
10518	339
10518	264
10518	116
10518	198
10518	107
10519	118
10519	163
10519	264
10519	116
10519	198
10519	320
10520	163
10520	264
10520	291
10520	225
10521	163
10521	291
10521	214
10521	225
10522	163
10522	151
10522	264
10522	198
10523	72
10523	195
10524	163
10524	72
10524	195
10525	339
10525	198
10526	118
10526	163
10526	198
10526	106
10526	209
10526	317
10527	263
10527	261
10527	156
10527	198
10527	17
10527	103
10528	114
10528	198
10528	230
10528	288
10528	144
10528	225
10529	195
10529	106
10530	163
10530	342
10530	291
10530	214
10530	225
10531	339
10531	114
10531	198
10532	121
10532	198
10532	144
10532	214
10532	242
10533	342
10533	261
10533	198
10533	242
10533	225
10534	264
10534	198
10534	230
10535	127
10535	118
10535	163
10535	264
10535	198
10535	147
10537	163
10537	264
10537	178
10537	261
10537	198
10537	106
10538	339
10538	291
10538	214
10538	225
10539	127
10539	264
10539	342
10539	198
10539	106
10539	214
10539	242
10539	225
10540	264
10540	282
10540	198
10541	149
10541	264
10541	198
10542	127
10542	339
10542	198
10542	106
10542	214
10542	242
10542	225
10543	114
10543	104
10543	230
10543	146
10544	106
10544	144
10544	291
10544	225
10547	95
10547	114
10547	198
10547	144
10547	102
10547	225
10547	171
10548	173
10548	203
10548	326
10548	106
10548	102
10548	242
10548	225
10549	92
10549	157
10549	198
10549	216
10549	214
10549	242
10550	127
10550	264
10550	198
10550	102
10550	242
10550	225
10551	121
10551	296
10551	106
10551	209
10551	214
10551	242
10551	225
10552	127
10552	92
10552	157
10552	198
10552	144
10552	214
10552	242
10553	326
10553	331
10553	276
10553	142
10553	320
10553	225
10554	127
10554	264
10554	198
10554	106
10554	258
10554	225
10555	132
10555	149
10555	198
10555	106
10555	258
10556	198
10556	136
10556	106
10556	258
10556	144
10557	106
10557	147
10557	291
10558	198
10558	106
10558	258
10558	144
10558	102
10559	314
10559	198
10559	258
10559	144
10559	102
10560	198
10560	106
10560	258
10560	144
10560	250
10560	215
